[     220ms] [LOG] [Fast Refresh] done in 13ms @ http://localhost:3000/_next/static/chunks/112__next_dist_1a10hyl._.js:782
[     290ms] [LOG] [Fast Refresh] done in 13ms @ http://localhost:3000/_next/static/chunks/112__next_dist_1a10hyl._.js:782
[     338ms] [LOG] [Fast Refresh] done in 13ms @ http://localhost:3000/_next/static/chunks/112__next_dist_1a10hyl._.js:782
[     427ms] [LOG] [Fast Refresh] done in 13ms @ http://localhost:3000/_next/static/chunks/112__next_dist_1a10hyl._.js:782
[     498ms] [LOG] [Fast Refresh] done in 13ms @ http://localhost:3000/_next/static/chunks/112__next_dist_1a10hyl._.js:782
[     578ms] [LOG] %c Console Ninja extension is connected to Next.js browser, background: rgb(30,30,30); color: rgb(255,213,92) see https://tinyurl.com/2vt8jxzw for more info. @ :0
[     582ms] [INFO] %cDownload the React DevTools for a better development experience: https://react.dev/link/react-devtools font-weight:bold @ http://localhost:3000/_next/static/chunks/112__next_dist_1a10hyl._.js:782
[     595ms] [LOG] [HMR] connected @ http://localhost:3000/_next/static/chunks/112__next_dist_1a10hyl._.js:782
[     633ms] Error: Hydration failed because the server rendered HTML didn't match the client. As a result this tree will be regenerated on the client. This can happen if a SSR-ed Client Component used:

- A server/client branch `if (typeof window !== 'undefined')`.
- Variable input such as `Date.now()` or `Math.random()` which changes each time it's called.
- Date formatting in a user's locale which doesn't match the server.
- External changing data without sending a snapshot of it along with the HTML.
- Invalid HTML tag nesting.

It can also happen if the client has a browser extension installed which messes with the HTML before React loaded.

https://react.dev/link/hydration-mismatch

  ...
    <ErrorBoundary errorComponent={undefined} errorStyles={undefined} errorScripts={undefined}>
      <LoadingBoundary name="/" loading={null}>
        <HTTPAccessFallbackBoundary notFound={{...}} forbidden={undefined} unauthorized={undefined}>
          <HTTPAccessFallbackErrorBoundary pathname="/trips" notFound={{...}} forbidden={undefined} ...>
            <RedirectBoundary>
              <RedirectErrorBoundary router={{...}}>
                <InnerLayoutRouter url="/trips" tree={[...]} params={{}} cacheNode={{rsc:{...}, ...}} segmentPath={[...]} ...>
                  <SegmentViewNode type="layout" pagePath="(app)/layo...">
                    <SegmentTrieNode>
                    <script>
                    <script>
                    <script>
                    <script>
                    <script>
                    <script>
                    <script>
                    <script>
                    <AuthenticatedLayout>
                      <SyncProvider userId="94ff7e22-1...">
                        <AppShell userLabel="Aby Garcia">
                          <div className="min-h-dvh ...">
                            <a>
+                           <aside
+                             className="fixed inset-y-0 left-0 hidden w-64 border-r bg-card p-5 lg:flex lg:flex-col"
+                           >
-                           <div
-                             role="status"
-                             className="bg-accent px-4 py-2 text-center text-sm text-accent-foreground"
-                           >
                            ...
                ...
    ...

    at throwOnHydrationMismatch (http://localhost:3000/_next/static/chunks/112__next_dist_compiled_react-dom_0fo5_73._.js:3120:56)
    at beginWork (http://localhost:3000/_next/static/chunks/112__next_dist_compiled_react-dom_0fo5_73._.js:6585:918)
    at runWithFiberInDEV (http://localhost:3000/_next/static/chunks/112__next_dist_compiled_react-dom_0fo5_73._.js:761:74)
    at performUnitOfWork (http://localhost:3000/_next/static/chunks/112__next_dist_compiled_react-dom_0fo5_73._.js:9385:97)
    at workLoopConcurrentByScheduler (http://localhost:3000/_next/static/chunks/112__next_dist_compiled_react-dom_0fo5_73._.js:9381:58)
    at renderRootConcurrent (http://localhost:3000/_next/static/chunks/112__next_dist_compiled_react-dom_0fo5_73._.js:9364:71)
    at performWorkOnRoot (http://localhost:3000/_next/static/chunks/112__next_dist_compiled_react-dom_0fo5_73._.js:8891:150)
    at performWorkOnRootViaSchedulerTask (http://localhost:3000/_next/static/chunks/112__next_dist_compiled_react-dom_0fo5_73._.js:10085:9)
    at MessagePort.performWorkUntilDeadline (http://localhost:3000/_next/static/chunks/112__next_dist_compiled_008ppkl._.js:2647:64)
[     634ms] [INFO] [2026-09-02T01:53:35.557Z] INFO: Starting sync engine @ http://localhost:3000/_next/static/chunks/112__next_dist_1a10hyl._.js:782
[     639ms] [INFO] [2026-09-02T01:53:35.562Z] INFO: Stopping sync engine @ http://localhost:3000/_next/static/chunks/112__next_dist_1a10hyl._.js:782
[     639ms] [INFO] [2026-09-02T01:53:35.563Z] INFO: Starting sync engine @ http://localhost:3000/_next/static/chunks/112__next_dist_1a10hyl._.js:782
[     661ms] [INFO] [2026-09-02T01:53:35.585Z] INFO: Processing pending mutations {"count":2} @ http://localhost:3000/_next/static/chunks/112__next_dist_1a10hyl._.js:782
[     661ms] [WARNING] [2026-09-02T01:53:35.585Z] WARN: Mutation exceeded max retry attempts {"id":"aa1fa5af-c59c-48d4-bdf0-8d0d6b30d542","attempts":5,"entityType":"trip","lastError":"new row violates row-level security policy for table \"trips\""} @ http://localhost:3000/_next/static/chunks/112__next_dist_1a10hyl._.js:782
[     662ms] [WARNING] [2026-09-02T01:53:35.585Z] WARN: Skipping mutation that exceeded max retries {"id":"aa1fa5af-c59c-48d4-bdf0-8d0d6b30d542","attempts":5,"entityType":"trip"} @ http://localhost:3000/_next/static/chunks/112__next_dist_1a10hyl._.js:782
[     662ms] [WARNING] [2026-09-02T01:53:35.585Z] WARN: Mutation exceeded max retry attempts {"id":"bf7070d8-0bd1-4b7a-9e6c-8666ab0ddcb8","attempts":5,"entityType":"tripMember","lastError":"new row violates row-level security policy for table \"trip_members\""} @ http://localhost:3000/_next/static/chunks/112__next_dist_1a10hyl._.js:782
[     662ms] [WARNING] [2026-09-02T01:53:35.585Z] WARN: Skipping mutation that exceeded max retries {"id":"bf7070d8-0bd1-4b7a-9e6c-8666ab0ddcb8","attempts":5,"entityType":"tripMember"} @ http://localhost:3000/_next/static/chunks/112__next_dist_1a10hyl._.js:782
[    2181ms] [INFO] [2026-09-02T01:53:37.104Z] INFO: Sync completed {"duration":1547,"successCount":0,"failureCount":0,"skippedCount":2,"remainingPending":2,"status":"error","diagnostics":{"totalAttempts":1,"successfulSyncs":1,"failedSyncs":0,"averageDuration":1547}} @ http://localhost:3000/_next/static/chunks/112__next_dist_1a10hyl._.js:782
[  996439ms] [LOG] [Fast Refresh] rebuilding @ http://localhost:3000/_next/static/chunks/112__next_dist_1a10hyl._.js:782
[  996487ms] [LOG] [Fast Refresh] done in 10ms @ http://localhost:3000/_next/static/chunks/112__next_dist_1a10hyl._.js:782
[  996738ms] [LOG] [Fast Refresh] done in 10ms @ http://localhost:3000/_next/static/chunks/112__next_dist_1a10hyl._.js:782
[  996805ms] [LOG] [Fast Refresh] done in 10ms @ http://localhost:3000/_next/static/chunks/112__next_dist_1a10hyl._.js:782
[  996939ms] [LOG] [Fast Refresh] done in 10ms @ http://localhost:3000/_next/static/chunks/112__next_dist_1a10hyl._.js:782
[  997085ms] [LOG] [Fast Refresh] done in 10ms @ http://localhost:3000/_next/static/chunks/112__next_dist_1a10hyl._.js:782
[ 1003184ms] [LOG] [Fast Refresh] rebuilding @ http://localhost:3000/_next/static/chunks/112__next_dist_1a10hyl._.js:782
[ 1003226ms] [LOG] [Fast Refresh] done in 13ms @ http://localhost:3000/_next/static/chunks/112__next_dist_1a10hyl._.js:782
[ 1003391ms] [LOG] [Fast Refresh] done in 13ms @ http://localhost:3000/_next/static/chunks/112__next_dist_1a10hyl._.js:782
[ 1003522ms] [LOG] [Fast Refresh] done in 13ms @ http://localhost:3000/_next/static/chunks/112__next_dist_1a10hyl._.js:782
[ 1003678ms] [LOG] [Fast Refresh] done in 13ms @ http://localhost:3000/_next/static/chunks/112__next_dist_1a10hyl._.js:782
[ 1006779ms] [LOG] [Fast Refresh] done in 13ms @ http://localhost:3000/_next/static/chunks/112__next_dist_1a10hyl._.js:782
[ 1007025ms] [LOG] [Fast Refresh] done in 13ms @ http://localhost:3000/_next/static/chunks/112__next_dist_1a10hyl._.js:782
[ 1007161ms] [LOG] [Fast Refresh] done in 13ms @ http://localhost:3000/_next/static/chunks/112__next_dist_1a10hyl._.js:782
[ 1007291ms] [LOG] [Fast Refresh] done in 13ms @ http://localhost:3000/_next/static/chunks/112__next_dist_1a10hyl._.js:782
[ 1007426ms] [LOG] [Fast Refresh] done in 13ms @ http://localhost:3000/_next/static/chunks/112__next_dist_1a10hyl._.js:782
[ 1007579ms] [LOG] [Fast Refresh] done in 13ms @ http://localhost:3000/_next/static/chunks/112__next_dist_1a10hyl._.js:782
[ 1007725ms] [LOG] [Fast Refresh] done in 13ms @ http://localhost:3000/_next/static/chunks/112__next_dist_1a10hyl._.js:782
[ 1007865ms] [LOG] [Fast Refresh] done in 13ms @ http://localhost:3000/_next/static/chunks/112__next_dist_1a10hyl._.js:782
[ 1007996ms] [LOG] [Fast Refresh] done in 13ms @ http://localhost:3000/_next/static/chunks/112__next_dist_1a10hyl._.js:782
[ 1008132ms] [LOG] [Fast Refresh] done in 13ms @ http://localhost:3000/_next/static/chunks/112__next_dist_1a10hyl._.js:782
[ 1008279ms] [LOG] [Fast Refresh] done in 13ms @ http://localhost:3000/_next/static/chunks/112__next_dist_1a10hyl._.js:782
[ 1010050ms] [LOG] [Fast Refresh] rebuilding @ http://localhost:3000/_next/static/chunks/112__next_dist_1a10hyl._.js:782
[ 1010095ms] [LOG] [Fast Refresh] done in 9ms @ http://localhost:3000/_next/static/chunks/112__next_dist_1a10hyl._.js:782
[ 1010261ms] [LOG] [Fast Refresh] done in 9ms @ http://localhost:3000/_next/static/chunks/112__next_dist_1a10hyl._.js:782
[ 1010401ms] [LOG] [Fast Refresh] done in 9ms @ http://localhost:3000/_next/static/chunks/112__next_dist_1a10hyl._.js:782
[ 1010555ms] [LOG] [Fast Refresh] done in 9ms @ http://localhost:3000/_next/static/chunks/112__next_dist_1a10hyl._.js:782
[ 1010764ms] [LOG] [Fast Refresh] done in 9ms @ http://localhost:3000/_next/static/chunks/112__next_dist_1a10hyl._.js:782
[ 1010893ms] [LOG] [Fast Refresh] done in 9ms @ http://localhost:3000/_next/static/chunks/112__next_dist_1a10hyl._.js:782
[ 1010990ms] [LOG] [Fast Refresh] done in 9ms @ http://localhost:3000/_next/static/chunks/112__next_dist_1a10hyl._.js:782
[ 1011030ms] [LOG] [Fast Refresh] done in 9ms @ http://localhost:3000/_next/static/chunks/112__next_dist_1a10hyl._.js:782
[ 1011123ms] [LOG] [Fast Refresh] done in 9ms @ http://localhost:3000/_next/static/chunks/112__next_dist_1a10hyl._.js:782
[ 1011164ms] [LOG] [Fast Refresh] done in 9ms @ http://localhost:3000/_next/static/chunks/112__next_dist_1a10hyl._.js:782
[ 1011288ms] [LOG] [Fast Refresh] done in 9ms @ http://localhost:3000/_next/static/chunks/112__next_dist_1a10hyl._.js:782
[ 1011386ms] [LOG] [Fast Refresh] done in 9ms @ http://localhost:3000/_next/static/chunks/112__next_dist_1a10hyl._.js:782
[ 1011431ms] [LOG] [Fast Refresh] done in 9ms @ http://localhost:3000/_next/static/chunks/112__next_dist_1a10hyl._.js:782
[ 1011519ms] [LOG] [Fast Refresh] done in 9ms @ http://localhost:3000/_next/static/chunks/112__next_dist_1a10hyl._.js:782
[ 1011670ms] [LOG] [Fast Refresh] done in 9ms @ http://localhost:3000/_next/static/chunks/112__next_dist_1a10hyl._.js:782
[ 1011801ms] [LOG] [Fast Refresh] done in 9ms @ http://localhost:3000/_next/static/chunks/112__next_dist_1a10hyl._.js:782
[ 1011898ms] [LOG] [Fast Refresh] done in 9ms @ http://localhost:3000/_next/static/chunks/112__next_dist_1a10hyl._.js:782
[ 1011939ms] [LOG] [Fast Refresh] done in 9ms @ http://localhost:3000/_next/static/chunks/112__next_dist_1a10hyl._.js:782
[ 1012039ms] [LOG] [Fast Refresh] done in 9ms @ http://localhost:3000/_next/static/chunks/112__next_dist_1a10hyl._.js:782
[ 1012255ms] [LOG] [Fast Refresh] done in 9ms @ http://localhost:3000/_next/static/chunks/112__next_dist_1a10hyl._.js:782
[ 1012350ms] [LOG] [Fast Refresh] done in 9ms @ http://localhost:3000/_next/static/chunks/112__next_dist_1a10hyl._.js:782
[ 1012392ms] [LOG] [Fast Refresh] done in 9ms @ http://localhost:3000/_next/static/chunks/112__next_dist_1a10hyl._.js:782
[ 1012495ms] [LOG] [Fast Refresh] done in 9ms @ http://localhost:3000/_next/static/chunks/112__next_dist_1a10hyl._.js:782
[ 1015537ms] [LOG] [Fast Refresh] rebuilding @ http://localhost:3000/_next/static/chunks/112__next_dist_1a10hyl._.js:782
[ 1015578ms] [LOG] [Fast Refresh] done in 13ms @ http://localhost:3000/_next/static/chunks/112__next_dist_1a10hyl._.js:782
[ 1015734ms] [LOG] [Fast Refresh] done in 13ms @ http://localhost:3000/_next/static/chunks/112__next_dist_1a10hyl._.js:782
[ 1015769ms] [LOG] [Fast Refresh] done in 13ms @ http://localhost:3000/_next/static/chunks/112__next_dist_1a10hyl._.js:782
[ 1015903ms] [LOG] [Fast Refresh] done in 13ms @ http://localhost:3000/_next/static/chunks/112__next_dist_1a10hyl._.js:782
[ 1016063ms] [LOG] [Fast Refresh] done in 13ms @ http://localhost:3000/_next/static/chunks/112__next_dist_1a10hyl._.js:782
[ 1020673ms] [INFO] [2026-09-02T02:10:35.596Z] INFO: Processing pending mutations {"count":2} @ http://localhost:3000/_next/static/chunks/112__next_dist_1a10hyl._.js:782
[ 1020673ms] [WARNING] [2026-09-02T02:10:35.597Z] WARN: Mutation exceeded max retry attempts {"id":"aa1fa5af-c59c-48d4-bdf0-8d0d6b30d542","attempts":5,"entityType":"trip","lastError":"new row violates row-level security policy for table \"trips\""} @ http://localhost:3000/_next/static/chunks/112__next_dist_1a10hyl._.js:782
[ 1020673ms] [WARNING] [2026-09-02T02:10:35.597Z] WARN: Skipping mutation that exceeded max retries {"id":"aa1fa5af-c59c-48d4-bdf0-8d0d6b30d542","attempts":5,"entityType":"trip"} @ http://localhost:3000/_next/static/chunks/112__next_dist_1a10hyl._.js:782
[ 1020673ms] [WARNING] [2026-09-02T02:10:35.597Z] WARN: Mutation exceeded max retry attempts {"id":"bf7070d8-0bd1-4b7a-9e6c-8666ab0ddcb8","attempts":5,"entityType":"tripMember","lastError":"new row violates row-level security policy for table \"trip_members\""} @ http://localhost:3000/_next/static/chunks/112__next_dist_1a10hyl._.js:782
[ 1020673ms] [WARNING] [2026-09-02T02:10:35.597Z] WARN: Skipping mutation that exceeded max retries {"id":"bf7070d8-0bd1-4b7a-9e6c-8666ab0ddcb8","attempts":5,"entityType":"tripMember"} @ http://localhost:3000/_next/static/chunks/112__next_dist_1a10hyl._.js:782
[ 1020954ms] [LOG] [Fast Refresh] done in 13ms @ http://localhost:3000/_next/static/chunks/112__next_dist_1a10hyl._.js:782
[ 1021103ms] [LOG] [Fast Refresh] done in 13ms @ http://localhost:3000/_next/static/chunks/112__next_dist_1a10hyl._.js:782
[ 1021210ms] [LOG] [Fast Refresh] done in 13ms @ http://localhost:3000/_next/static/chunks/112__next_dist_1a10hyl._.js:782
[ 1021393ms] [LOG] [Fast Refresh] done in 13ms @ http://localhost:3000/_next/static/chunks/112__next_dist_1a10hyl._.js:782
[ 1021526ms] [LOG] [Fast Refresh] done in 13ms @ http://localhost:3000/_next/static/chunks/112__next_dist_1a10hyl._.js:782
[ 1021653ms] [LOG] [Fast Refresh] done in 13ms @ http://localhost:3000/_next/static/chunks/112__next_dist_1a10hyl._.js:782
[ 1021786ms] [LOG] [Fast Refresh] done in 13ms @ http://localhost:3000/_next/static/chunks/112__next_dist_1a10hyl._.js:782
[ 1021914ms] [LOG] [Fast Refresh] done in 13ms @ http://localhost:3000/_next/static/chunks/112__next_dist_1a10hyl._.js:782
[ 1022059ms] [LOG] [Fast Refresh] done in 13ms @ http://localhost:3000/_next/static/chunks/112__next_dist_1a10hyl._.js:782
[ 1022167ms] [LOG] [Fast Refresh] rebuilding @ http://localhost:3000/_next/static/chunks/112__next_dist_1a10hyl._.js:782
[ 1022209ms] [LOG] [Fast Refresh] done in 13ms @ http://localhost:3000/_next/static/chunks/112__next_dist_1a10hyl._.js:782
[ 1022252ms] [INFO] [2026-09-02T02:10:37.176Z] INFO: Sync completed {"duration":1582,"successCount":0,"failureCount":0,"skippedCount":2,"remainingPending":2,"status":"error","diagnostics":{"totalAttempts":39,"successfulSyncs":2,"failedSyncs":0,"averageDuration":1564.5}} @ http://localhost:3000/_next/static/chunks/112__next_dist_1a10hyl._.js:782
[ 1022362ms] [LOG] [Fast Refresh] done in 13ms @ http://localhost:3000/_next/static/chunks/112__next_dist_1a10hyl._.js:782
[ 1022425ms] [LOG] [Fast Refresh] done in 13ms @ http://localhost:3000/_next/static/chunks/112__next_dist_1a10hyl._.js:782
[ 1022500ms] [LOG] [Fast Refresh] done in 13ms @ http://localhost:3000/_next/static/chunks/112__next_dist_1a10hyl._.js:782
[ 1022650ms] [LOG] [Fast Refresh] done in 13ms @ http://localhost:3000/_next/static/chunks/112__next_dist_1a10hyl._.js:782
[ 1030203ms] [LOG] [Fast Refresh] rebuilding @ http://localhost:3000/_next/static/chunks/112__next_dist_1a10hyl._.js:782
[ 1030245ms] [LOG] [Fast Refresh] done in 11ms @ http://localhost:3000/_next/static/chunks/112__next_dist_1a10hyl._.js:782
[ 1030392ms] [LOG] [Fast Refresh] done in 11ms @ http://localhost:3000/_next/static/chunks/112__next_dist_1a10hyl._.js:782
[ 1030469ms] [LOG] [Fast Refresh] done in 11ms @ http://localhost:3000/_next/static/chunks/112__next_dist_1a10hyl._.js:782
[ 1030548ms] [LOG] [Fast Refresh] done in 11ms @ http://localhost:3000/_next/static/chunks/112__next_dist_1a10hyl._.js:782
[ 1030696ms] [LOG] [Fast Refresh] done in 11ms @ http://localhost:3000/_next/static/chunks/112__next_dist_1a10hyl._.js:782
[ 1036669ms] [LOG] [Fast Refresh] rebuilding @ http://localhost:3000/_next/static/chunks/112__next_dist_1a10hyl._.js:782
[ 1036709ms] [LOG] [Fast Refresh] done in 8ms @ http://localhost:3000/_next/static/chunks/112__next_dist_1a10hyl._.js:782
[ 1036871ms] [LOG] [Fast Refresh] done in 8ms @ http://localhost:3000/_next/static/chunks/112__next_dist_1a10hyl._.js:782
[ 1036904ms] [LOG] [Fast Refresh] done in 8ms @ http://localhost:3000/_next/static/chunks/112__next_dist_1a10hyl._.js:782
[ 1037044ms] [LOG] [Fast Refresh] done in 8ms @ http://localhost:3000/_next/static/chunks/112__next_dist_1a10hyl._.js:782
[ 1037196ms] [LOG] [Fast Refresh] done in 8ms @ http://localhost:3000/_next/static/chunks/112__next_dist_1a10hyl._.js:782
[ 1037795ms] [LOG] [Fast Refresh] done in 8ms @ http://localhost:3000/_next/static/chunks/112__next_dist_1a10hyl._.js:782
[ 1037945ms] [LOG] [Fast Refresh] done in 8ms @ http://localhost:3000/_next/static/chunks/112__next_dist_1a10hyl._.js:782
[ 1038051ms] [LOG] [Fast Refresh] done in 8ms @ http://localhost:3000/_next/static/chunks/112__next_dist_1a10hyl._.js:782
[ 1038104ms] [LOG] [Fast Refresh] done in 8ms @ http://localhost:3000/_next/static/chunks/112__next_dist_1a10hyl._.js:782
[ 1038180ms] [LOG] [Fast Refresh] done in 8ms @ http://localhost:3000/_next/static/chunks/112__next_dist_1a10hyl._.js:782
[ 1038290ms] [LOG] [Fast Refresh] done in 8ms @ http://localhost:3000/_next/static/chunks/112__next_dist_1a10hyl._.js:782
[ 1038361ms] [LOG] [Fast Refresh] done in 8ms @ http://localhost:3000/_next/static/chunks/112__next_dist_1a10hyl._.js:782
[ 1038401ms] [LOG] [Fast Refresh] done in 8ms @ http://localhost:3000/_next/static/chunks/112__next_dist_1a10hyl._.js:782
[ 1038477ms] [LOG] [Fast Refresh] done in 8ms @ http://localhost:3000/_next/static/chunks/112__next_dist_1a10hyl._.js:782
[ 1038542ms] [LOG] [Fast Refresh] done in 8ms @ http://localhost:3000/_next/static/chunks/112__next_dist_1a10hyl._.js:782
[ 1038591ms] [LOG] [Fast Refresh] done in 8ms @ http://localhost:3000/_next/static/chunks/112__next_dist_1a10hyl._.js:782
[ 1038674ms] [LOG] [Fast Refresh] done in 8ms @ http://localhost:3000/_next/static/chunks/112__next_dist_1a10hyl._.js:782
[ 1038771ms] [LOG] [Fast Refresh] done in 8ms @ http://localhost:3000/_next/static/chunks/112__next_dist_1a10hyl._.js:782
[ 1038808ms] [LOG] [Fast Refresh] done in 8ms @ http://localhost:3000/_next/static/chunks/112__next_dist_1a10hyl._.js:782
[ 1038866ms] [LOG] [Fast Refresh] done in 8ms @ http://localhost:3000/_next/static/chunks/112__next_dist_1a10hyl._.js:782
[ 1038942ms] [LOG] [Fast Refresh] done in 8ms @ http://localhost:3000/_next/static/chunks/112__next_dist_1a10hyl._.js:782
[ 1039005ms] [LOG] [Fast Refresh] done in 8ms @ http://localhost:3000/_next/static/chunks/112__next_dist_1a10hyl._.js:782
[ 1039090ms] [LOG] [Fast Refresh] done in 8ms @ http://localhost:3000/_next/static/chunks/112__next_dist_1a10hyl._.js:782
[ 1039224ms] [LOG] [Fast Refresh] done in 8ms @ http://localhost:3000/_next/static/chunks/112__next_dist_1a10hyl._.js:782
[ 1039310ms] [LOG] [Fast Refresh] done in 8ms @ http://localhost:3000/_next/static/chunks/112__next_dist_1a10hyl._.js:782
[ 1039400ms] [LOG] [Fast Refresh] done in 8ms @ http://localhost:3000/_next/static/chunks/112__next_dist_1a10hyl._.js:782
[ 1042368ms] [LOG] [Fast Refresh] rebuilding @ http://localhost:3000/_next/static/chunks/112__next_dist_1a10hyl._.js:782
[ 1042409ms] [LOG] [Fast Refresh] done in 9ms @ http://localhost:3000/_next/static/chunks/112__next_dist_1a10hyl._.js:782
[ 1042562ms] [LOG] [Fast Refresh] done in 9ms @ http://localhost:3000/_next/static/chunks/112__next_dist_1a10hyl._.js:782
[ 1042723ms] [LOG] [Fast Refresh] done in 9ms @ http://localhost:3000/_next/static/chunks/112__next_dist_1a10hyl._.js:782
[ 1042779ms] [LOG] [Fast Refresh] done in 9ms @ http://localhost:3000/_next/static/chunks/112__next_dist_1a10hyl._.js:782
[ 1042876ms] [LOG] [Fast Refresh] done in 9ms @ http://localhost:3000/_next/static/chunks/112__next_dist_1a10hyl._.js:782
[ 1043017ms] [LOG] [Fast Refresh] done in 9ms @ http://localhost:3000/_next/static/chunks/112__next_dist_1a10hyl._.js:782
[ 1050675ms] [INFO] [2026-09-02T02:11:05.599Z] INFO: Processing pending mutations {"count":2} @ http://localhost:3000/_next/static/chunks/112__next_dist_1a10hyl._.js:782
[ 1050675ms] [WARNING] [2026-09-02T02:11:05.599Z] WARN: Mutation exceeded max retry attempts {"id":"aa1fa5af-c59c-48d4-bdf0-8d0d6b30d542","attempts":5,"entityType":"trip","lastError":"new row violates row-level security policy for table \"trips\""} @ http://localhost:3000/_next/static/chunks/112__next_dist_1a10hyl._.js:782
[ 1050676ms] [WARNING] [2026-09-02T02:11:05.599Z] WARN: Skipping mutation that exceeded max retries {"id":"aa1fa5af-c59c-48d4-bdf0-8d0d6b30d542","attempts":5,"entityType":"trip"} @ http://localhost:3000/_next/static/chunks/112__next_dist_1a10hyl._.js:782
[ 1050676ms] [WARNING] [2026-09-02T02:11:05.599Z] WARN: Mutation exceeded max retry attempts {"id":"bf7070d8-0bd1-4b7a-9e6c-8666ab0ddcb8","attempts":5,"entityType":"tripMember","lastError":"new row violates row-level security policy for table \"trip_members\""} @ http://localhost:3000/_next/static/chunks/112__next_dist_1a10hyl._.js:782
[ 1050676ms] [WARNING] [2026-09-02T02:11:05.599Z] WARN: Skipping mutation that exceeded max retries {"id":"bf7070d8-0bd1-4b7a-9e6c-8666ab0ddcb8","attempts":5,"entityType":"tripMember"} @ http://localhost:3000/_next/static/chunks/112__next_dist_1a10hyl._.js:782
[ 1050780ms] [LOG] [Fast Refresh] done in 9ms @ http://localhost:3000/_next/static/chunks/112__next_dist_1a10hyl._.js:782
[ 1050887ms] [LOG] [Fast Refresh] done in 9ms @ http://localhost:3000/_next/static/chunks/112__next_dist_1a10hyl._.js:782
[ 1051031ms] [LOG] [Fast Refresh] done in 9ms @ http://localhost:3000/_next/static/chunks/112__next_dist_1a10hyl._.js:782
[ 1051166ms] [LOG] [Fast Refresh] done in 9ms @ http://localhost:3000/_next/static/chunks/112__next_dist_1a10hyl._.js:782
[ 1051317ms] [LOG] [Fast Refresh] done in 9ms @ http://localhost:3000/_next/static/chunks/112__next_dist_1a10hyl._.js:782
[ 1051455ms] [LOG] [Fast Refresh] done in 9ms @ http://localhost:3000/_next/static/chunks/112__next_dist_1a10hyl._.js:782
[ 1051591ms] [LOG] [Fast Refresh] done in 9ms @ http://localhost:3000/_next/static/chunks/112__next_dist_1a10hyl._.js:782
[ 1051726ms] [LOG] [Fast Refresh] done in 9ms @ http://localhost:3000/_next/static/chunks/112__next_dist_1a10hyl._.js:782
[ 1051866ms] [LOG] [Fast Refresh] done in 9ms @ http://localhost:3000/_next/static/chunks/112__next_dist_1a10hyl._.js:782
[ 1051998ms] [LOG] [Fast Refresh] done in 9ms @ http://localhost:3000/_next/static/chunks/112__next_dist_1a10hyl._.js:782
[ 1052125ms] [LOG] [Fast Refresh] done in 9ms @ http://localhost:3000/_next/static/chunks/112__next_dist_1a10hyl._.js:782
[ 1052188ms] [INFO] [2026-09-02T02:11:07.111Z] INFO: Sync completed {"duration":1515,"successCount":0,"failureCount":0,"skippedCount":2,"remainingPending":2,"status":"error","diagnostics":{"totalAttempts":40,"successfulSyncs":3,"failedSyncs":0,"averageDuration":1548}} @ http://localhost:3000/_next/static/chunks/112__next_dist_1a10hyl._.js:782
[ 1052255ms] [LOG] [Fast Refresh] done in 9ms @ http://localhost:3000/_next/static/chunks/112__next_dist_1a10hyl._.js:782
[ 1064511ms] [LOG] [Fast Refresh] rebuilding @ http://localhost:3000/_next/static/chunks/112__next_dist_1a10hyl._.js:782
[ 1064610ms] [LOG] [Fast Refresh] done in 59ms @ http://localhost:3000/_next/static/chunks/112__next_dist_1a10hyl._.js:782
[ 1064815ms] [LOG] [Fast Refresh] done in 59ms @ http://localhost:3000/_next/static/chunks/112__next_dist_1a10hyl._.js:782
[ 1064973ms] [LOG] [Fast Refresh] done in 59ms @ http://localhost:3000/_next/static/chunks/112__next_dist_1a10hyl._.js:782
[ 1065116ms] [LOG] [Fast Refresh] done in 59ms @ http://localhost:3000/_next/static/chunks/112__next_dist_1a10hyl._.js:782
[ 1066780ms] [LOG] [Fast Refresh] done in 59ms @ http://localhost:3000/_next/static/chunks/112__next_dist_1a10hyl._.js:782
[ 1066909ms] [LOG] [Fast Refresh] done in 59ms @ http://localhost:3000/_next/static/chunks/112__next_dist_1a10hyl._.js:782
[ 1067069ms] [LOG] [Fast Refresh] done in 59ms @ http://localhost:3000/_next/static/chunks/112__next_dist_1a10hyl._.js:782
[ 1067125ms] [LOG] [Fast Refresh] done in 59ms @ http://localhost:3000/_next/static/chunks/112__next_dist_1a10hyl._.js:782
[ 1067166ms] [LOG] [Fast Refresh] done in 59ms @ http://localhost:3000/_next/static/chunks/112__next_dist_1a10hyl._.js:782
[ 1067204ms] [LOG] [Fast Refresh] done in 59ms @ http://localhost:3000/_next/static/chunks/112__next_dist_1a10hyl._.js:782
[ 1067252ms] [LOG] [Fast Refresh] done in 59ms @ http://localhost:3000/_next/static/chunks/112__next_dist_1a10hyl._.js:782
[ 1067300ms] [LOG] [Fast Refresh] done in 59ms @ http://localhost:3000/_next/static/chunks/112__next_dist_1a10hyl._.js:782
[ 1067342ms] [LOG] [Fast Refresh] done in 59ms @ http://localhost:3000/_next/static/chunks/112__next_dist_1a10hyl._.js:782
[ 1067403ms] [LOG] [Fast Refresh] done in 59ms @ http://localhost:3000/_next/static/chunks/112__next_dist_1a10hyl._.js:782
[ 1067457ms] [LOG] [Fast Refresh] done in 59ms @ http://localhost:3000/_next/static/chunks/112__next_dist_1a10hyl._.js:782
[ 1067532ms] [LOG] [Fast Refresh] done in 59ms @ http://localhost:3000/_next/static/chunks/112__next_dist_1a10hyl._.js:782
[ 1067570ms] [LOG] [Fast Refresh] done in 59ms @ http://localhost:3000/_next/static/chunks/112__next_dist_1a10hyl._.js:782
[ 1067607ms] [LOG] [Fast Refresh] done in 59ms @ http://localhost:3000/_next/static/chunks/112__next_dist_1a10hyl._.js:782
[ 1067664ms] [LOG] [Fast Refresh] done in 59ms @ http://localhost:3000/_next/static/chunks/112__next_dist_1a10hyl._.js:782
[ 1067709ms] [LOG] [Fast Refresh] done in 59ms @ http://localhost:3000/_next/static/chunks/112__next_dist_1a10hyl._.js:782
[ 1067748ms] [LOG] [Fast Refresh] done in 59ms @ http://localhost:3000/_next/static/chunks/112__next_dist_1a10hyl._.js:782
[ 1067803ms] [LOG] [Fast Refresh] done in 59ms @ http://localhost:3000/_next/static/chunks/112__next_dist_1a10hyl._.js:782
[ 1067843ms] [LOG] [Fast Refresh] done in 59ms @ http://localhost:3000/_next/static/chunks/112__next_dist_1a10hyl._.js:782
[ 1067883ms] [LOG] [Fast Refresh] done in 59ms @ http://localhost:3000/_next/static/chunks/112__next_dist_1a10hyl._.js:782
[ 1067940ms] [LOG] [Fast Refresh] done in 59ms @ http://localhost:3000/_next/static/chunks/112__next_dist_1a10hyl._.js:782
[ 1068018ms] [LOG] [Fast Refresh] done in 59ms @ http://localhost:3000/_next/static/chunks/112__next_dist_1a10hyl._.js:782
[ 1068104ms] [LOG] [Fast Refresh] done in 59ms @ http://localhost:3000/_next/static/chunks/112__next_dist_1a10hyl._.js:782
[ 1068157ms] [LOG] [Fast Refresh] done in 59ms @ http://localhost:3000/_next/static/chunks/112__next_dist_1a10hyl._.js:782
[ 1068207ms] [LOG] [Fast Refresh] done in 59ms @ http://localhost:3000/_next/static/chunks/112__next_dist_1a10hyl._.js:782
[ 1068252ms] [LOG] [Fast Refresh] done in 59ms @ http://localhost:3000/_next/static/chunks/112__next_dist_1a10hyl._.js:782
[ 1068351ms] [LOG] [Fast Refresh] done in 59ms @ http://localhost:3000/_next/static/chunks/112__next_dist_1a10hyl._.js:782
[ 1080683ms] [INFO] [2026-09-02T02:11:35.607Z] INFO: Processing pending mutations {"count":2} @ http://localhost:3000/_next/static/chunks/112__next_dist_1a10hyl._.js:782
[ 1080683ms] [WARNING] [2026-09-02T02:11:35.607Z] WARN: Mutation exceeded max retry attempts {"id":"aa1fa5af-c59c-48d4-bdf0-8d0d6b30d542","attempts":5,"entityType":"trip","lastError":"new row violates row-level security policy for table \"trips\""} @ http://localhost:3000/_next/static/chunks/112__next_dist_1a10hyl._.js:782
[ 1080683ms] [WARNING] [2026-09-02T02:11:35.607Z] WARN: Skipping mutation that exceeded max retries {"id":"aa1fa5af-c59c-48d4-bdf0-8d0d6b30d542","attempts":5,"entityType":"trip"} @ http://localhost:3000/_next/static/chunks/112__next_dist_1a10hyl._.js:782
[ 1080683ms] [WARNING] [2026-09-02T02:11:35.607Z] WARN: Mutation exceeded max retry attempts {"id":"bf7070d8-0bd1-4b7a-9e6c-8666ab0ddcb8","attempts":5,"entityType":"tripMember","lastError":"new row violates row-level security policy for table \"trip_members\""} @ http://localhost:3000/_next/static/chunks/112__next_dist_1a10hyl._.js:782
[ 1080683ms] [WARNING] [2026-09-02T02:11:35.607Z] WARN: Skipping mutation that exceeded max retries {"id":"bf7070d8-0bd1-4b7a-9e6c-8666ab0ddcb8","attempts":5,"entityType":"tripMember"} @ http://localhost:3000/_next/static/chunks/112__next_dist_1a10hyl._.js:782
[ 1080895ms] [LOG] [Fast Refresh] done in 59ms @ http://localhost:3000/_next/static/chunks/112__next_dist_1a10hyl._.js:782
[ 1081037ms] [LOG] [Fast Refresh] done in 59ms @ http://localhost:3000/_next/static/chunks/112__next_dist_1a10hyl._.js:782
[ 1081174ms] [LOG] [Fast Refresh] done in 59ms @ http://localhost:3000/_next/static/chunks/112__next_dist_1a10hyl._.js:782
[ 1081308ms] [LOG] [Fast Refresh] done in 59ms @ http://localhost:3000/_next/static/chunks/112__next_dist_1a10hyl._.js:782
[ 1081443ms] [LOG] [Fast Refresh] done in 59ms @ http://localhost:3000/_next/static/chunks/112__next_dist_1a10hyl._.js:782
[ 1081575ms] [LOG] [Fast Refresh] done in 59ms @ http://localhost:3000/_next/static/chunks/112__next_dist_1a10hyl._.js:782
[ 1081712ms] [LOG] [Fast Refresh] done in 59ms @ http://localhost:3000/_next/static/chunks/112__next_dist_1a10hyl._.js:782
[ 1081832ms] [LOG] [Fast Refresh] done in 59ms @ http://localhost:3000/_next/static/chunks/112__next_dist_1a10hyl._.js:782
[ 1081966ms] [LOG] [Fast Refresh] done in 59ms @ http://localhost:3000/_next/static/chunks/112__next_dist_1a10hyl._.js:782
[ 1082103ms] [LOG] [Fast Refresh] done in 59ms @ http://localhost:3000/_next/static/chunks/112__next_dist_1a10hyl._.js:782
[ 1082170ms] [INFO] [2026-09-02T02:11:37.093Z] INFO: Sync completed {"duration":1497,"successCount":0,"failureCount":0,"skippedCount":2,"remainingPending":2,"status":"error","diagnostics":{"totalAttempts":41,"successfulSyncs":4,"failedSyncs":0,"averageDuration":1535.25}} @ http://localhost:3000/_next/static/chunks/112__next_dist_1a10hyl._.js:782
[ 1082233ms] [LOG] [Fast Refresh] done in 59ms @ http://localhost:3000/_next/static/chunks/112__next_dist_1a10hyl._.js:782
[ 1099871ms] [LOG] [Fast Refresh] done in 59ms @ http://localhost:3000/_next/static/chunks/112__next_dist_1a10hyl._.js:782
[ 1099998ms] [LOG] [Fast Refresh] done in 59ms @ http://localhost:3000/_next/static/chunks/112__next_dist_1a10hyl._.js:782
[ 1100072ms] [LOG] [Fast Refresh] done in 59ms @ http://localhost:3000/_next/static/chunks/112__next_dist_1a10hyl._.js:782
[ 1100132ms] [LOG] [Fast Refresh] done in 59ms @ http://localhost:3000/_next/static/chunks/112__next_dist_1a10hyl._.js:782
[ 1100181ms] [LOG] [Fast Refresh] done in 59ms @ http://localhost:3000/_next/static/chunks/112__next_dist_1a10hyl._.js:782
[ 1100262ms] [LOG] [Fast Refresh] done in 59ms @ http://localhost:3000/_next/static/chunks/112__next_dist_1a10hyl._.js:782
[ 1100366ms] [LOG] [Fast Refresh] done in 59ms @ http://localhost:3000/_next/static/chunks/112__next_dist_1a10hyl._.js:782
[ 1100414ms] [LOG] [Fast Refresh] done in 59ms @ http://localhost:3000/_next/static/chunks/112__next_dist_1a10hyl._.js:782
[ 1100459ms] [LOG] [Fast Refresh] done in 59ms @ http://localhost:3000/_next/static/chunks/112__next_dist_1a10hyl._.js:782
[ 1100525ms] [LOG] [Fast Refresh] done in 59ms @ http://localhost:3000/_next/static/chunks/112__next_dist_1a10hyl._.js:782
[ 1100562ms] [LOG] [Fast Refresh] done in 59ms @ http://localhost:3000/_next/static/chunks/112__next_dist_1a10hyl._.js:782
[ 1100641ms] [LOG] [Fast Refresh] done in 59ms @ http://localhost:3000/_next/static/chunks/112__next_dist_1a10hyl._.js:782
[ 1100708ms] [LOG] [Fast Refresh] done in 59ms @ http://localhost:3000/_next/static/chunks/112__next_dist_1a10hyl._.js:782
[ 1100793ms] [LOG] [Fast Refresh] done in 59ms @ http://localhost:3000/_next/static/chunks/112__next_dist_1a10hyl._.js:782
[ 1100859ms] [LOG] [Fast Refresh] done in 59ms @ http://localhost:3000/_next/static/chunks/112__next_dist_1a10hyl._.js:782
[ 1100949ms] [LOG] [Fast Refresh] done in 59ms @ http://localhost:3000/_next/static/chunks/112__next_dist_1a10hyl._.js:782
[ 1101024ms] [LOG] [Fast Refresh] done in 59ms @ http://localhost:3000/_next/static/chunks/112__next_dist_1a10hyl._.js:782
[ 1101076ms] [LOG] [Fast Refresh] done in 59ms @ http://localhost:3000/_next/static/chunks/112__next_dist_1a10hyl._.js:782
[ 1101124ms] [LOG] [Fast Refresh] done in 59ms @ http://localhost:3000/_next/static/chunks/112__next_dist_1a10hyl._.js:782
[ 1101220ms] [LOG] [Fast Refresh] done in 59ms @ http://localhost:3000/_next/static/chunks/112__next_dist_1a10hyl._.js:782
[ 1101290ms] [LOG] [Fast Refresh] done in 59ms @ http://localhost:3000/_next/static/chunks/112__next_dist_1a10hyl._.js:782
[ 1101338ms] [LOG] [Fast Refresh] done in 59ms @ http://localhost:3000/_next/static/chunks/112__next_dist_1a10hyl._.js:782
[ 1101420ms] [LOG] [Fast Refresh] done in 59ms @ http://localhost:3000/_next/static/chunks/112__next_dist_1a10hyl._.js:782
[ 1101493ms] [LOG] [Fast Refresh] done in 59ms @ http://localhost:3000/_next/static/chunks/112__next_dist_1a10hyl._.js:782
[ 1101532ms] [LOG] [Fast Refresh] done in 59ms @ http://localhost:3000/_next/static/chunks/112__next_dist_1a10hyl._.js:782
[ 1101606ms] [LOG] [Fast Refresh] done in 59ms @ http://localhost:3000/_next/static/chunks/112__next_dist_1a10hyl._.js:782
[ 1101715ms] [LOG] [Fast Refresh] done in 59ms @ http://localhost:3000/_next/static/chunks/112__next_dist_1a10hyl._.js:782
[ 1110678ms] [INFO] [2026-09-02T02:12:05.601Z] INFO: Processing pending mutations {"count":2} @ http://localhost:3000/_next/static/chunks/112__next_dist_1a10hyl._.js:782
[ 1110678ms] [WARNING] [2026-09-02T02:12:05.601Z] WARN: Mutation exceeded max retry attempts {"id":"aa1fa5af-c59c-48d4-bdf0-8d0d6b30d542","attempts":5,"entityType":"trip","lastError":"new row violates row-level security policy for table \"trips\""} @ http://localhost:3000/_next/static/chunks/112__next_dist_1a10hyl._.js:782
[ 1110678ms] [WARNING] [2026-09-02T02:12:05.601Z] WARN: Skipping mutation that exceeded max retries {"id":"aa1fa5af-c59c-48d4-bdf0-8d0d6b30d542","attempts":5,"entityType":"trip"} @ http://localhost:3000/_next/static/chunks/112__next_dist_1a10hyl._.js:782
[ 1110678ms] [WARNING] [2026-09-02T02:12:05.601Z] WARN: Mutation exceeded max retry attempts {"id":"bf7070d8-0bd1-4b7a-9e6c-8666ab0ddcb8","attempts":5,"entityType":"tripMember","lastError":"new row violates row-level security policy for table \"trip_members\""} @ http://localhost:3000/_next/static/chunks/112__next_dist_1a10hyl._.js:782
[ 1110678ms] [WARNING] [2026-09-02T02:12:05.601Z] WARN: Skipping mutation that exceeded max retries {"id":"bf7070d8-0bd1-4b7a-9e6c-8666ab0ddcb8","attempts":5,"entityType":"tripMember"} @ http://localhost:3000/_next/static/chunks/112__next_dist_1a10hyl._.js:782
[ 1110873ms] [LOG] [Fast Refresh] done in 59ms @ http://localhost:3000/_next/static/chunks/112__next_dist_1a10hyl._.js:782
[ 1111023ms] [LOG] [Fast Refresh] done in 59ms @ http://localhost:3000/_next/static/chunks/112__next_dist_1a10hyl._.js:782
[ 1111162ms] [LOG] [Fast Refresh] done in 59ms @ http://localhost:3000/_next/static/chunks/112__next_dist_1a10hyl._.js:782
[ 1111302ms] [LOG] [Fast Refresh] done in 59ms @ http://localhost:3000/_next/static/chunks/112__next_dist_1a10hyl._.js:782
[ 1111441ms] [LOG] [Fast Refresh] done in 59ms @ http://localhost:3000/_next/static/chunks/112__next_dist_1a10hyl._.js:782
[ 1111587ms] [LOG] [Fast Refresh] done in 59ms @ http://localhost:3000/_next/static/chunks/112__next_dist_1a10hyl._.js:782
[ 1111727ms] [LOG] [Fast Refresh] done in 59ms @ http://localhost:3000/_next/static/chunks/112__next_dist_1a10hyl._.js:782
[ 1111863ms] [LOG] [Fast Refresh] done in 59ms @ http://localhost:3000/_next/static/chunks/112__next_dist_1a10hyl._.js:782
[ 1112020ms] [LOG] [Fast Refresh] done in 59ms @ http://localhost:3000/_next/static/chunks/112__next_dist_1a10hyl._.js:782
[ 1112154ms] [LOG] [Fast Refresh] done in 59ms @ http://localhost:3000/_next/static/chunks/112__next_dist_1a10hyl._.js:782
[ 1112217ms] [INFO] [2026-09-02T02:12:07.141Z] INFO: Sync completed {"duration":1544,"successCount":0,"failureCount":0,"skippedCount":2,"remainingPending":2,"status":"error","diagnostics":{"totalAttempts":42,"successfulSyncs":5,"failedSyncs":0,"averageDuration":1537}} @ http://localhost:3000/_next/static/chunks/112__next_dist_1a10hyl._.js:782
[ 1112283ms] [LOG] [Fast Refresh] done in 59ms @ http://localhost:3000/_next/static/chunks/112__next_dist_1a10hyl._.js:782
[ 1140680ms] [INFO] [2026-09-02T02:12:35.604Z] INFO: Processing pending mutations {"count":2} @ http://localhost:3000/_next/static/chunks/112__next_dist_1a10hyl._.js:782
[ 1140681ms] [WARNING] [2026-09-02T02:12:35.604Z] WARN: Mutation exceeded max retry attempts {"id":"aa1fa5af-c59c-48d4-bdf0-8d0d6b30d542","attempts":5,"entityType":"trip","lastError":"new row violates row-level security policy for table \"trips\""} @ http://localhost:3000/_next/static/chunks/112__next_dist_1a10hyl._.js:782
[ 1140681ms] [WARNING] [2026-09-02T02:12:35.604Z] WARN: Skipping mutation that exceeded max retries {"id":"aa1fa5af-c59c-48d4-bdf0-8d0d6b30d542","attempts":5,"entityType":"trip"} @ http://localhost:3000/_next/static/chunks/112__next_dist_1a10hyl._.js:782
[ 1140681ms] [WARNING] [2026-09-02T02:12:35.604Z] WARN: Mutation exceeded max retry attempts {"id":"bf7070d8-0bd1-4b7a-9e6c-8666ab0ddcb8","attempts":5,"entityType":"tripMember","lastError":"new row violates row-level security policy for table \"trip_members\""} @ http://localhost:3000/_next/static/chunks/112__next_dist_1a10hyl._.js:782
[ 1140681ms] [WARNING] [2026-09-02T02:12:35.604Z] WARN: Skipping mutation that exceeded max retries {"id":"bf7070d8-0bd1-4b7a-9e6c-8666ab0ddcb8","attempts":5,"entityType":"tripMember"} @ http://localhost:3000/_next/static/chunks/112__next_dist_1a10hyl._.js:782
[ 1140889ms] [LOG] [Fast Refresh] done in 59ms @ http://localhost:3000/_next/static/chunks/112__next_dist_1a10hyl._.js:782
[ 1141024ms] [LOG] [Fast Refresh] done in 59ms @ http://localhost:3000/_next/static/chunks/112__next_dist_1a10hyl._.js:782
[ 1141167ms] [LOG] [Fast Refresh] done in 59ms @ http://localhost:3000/_next/static/chunks/112__next_dist_1a10hyl._.js:782
[ 1141314ms] [LOG] [Fast Refresh] done in 59ms @ http://localhost:3000/_next/static/chunks/112__next_dist_1a10hyl._.js:782
[ 1141448ms] [LOG] [Fast Refresh] done in 59ms @ http://localhost:3000/_next/static/chunks/112__next_dist_1a10hyl._.js:782
[ 1141583ms] [LOG] [Fast Refresh] done in 59ms @ http://localhost:3000/_next/static/chunks/112__next_dist_1a10hyl._.js:782
[ 1141710ms] [LOG] [Fast Refresh] done in 59ms @ http://localhost:3000/_next/static/chunks/112__next_dist_1a10hyl._.js:782
[ 1141834ms] [LOG] [Fast Refresh] done in 59ms @ http://localhost:3000/_next/static/chunks/112__next_dist_1a10hyl._.js:782
[ 1141966ms] [LOG] [Fast Refresh] done in 59ms @ http://localhost:3000/_next/static/chunks/112__next_dist_1a10hyl._.js:782
[ 1142109ms] [LOG] [Fast Refresh] done in 59ms @ http://localhost:3000/_next/static/chunks/112__next_dist_1a10hyl._.js:782
[ 1142176ms] [INFO] [2026-09-02T02:12:37.100Z] INFO: Sync completed {"duration":1502,"successCount":0,"failureCount":0,"skippedCount":2,"remainingPending":2,"status":"error","diagnostics":{"totalAttempts":43,"successfulSyncs":6,"failedSyncs":0,"averageDuration":1531.1666666666667}} @ http://localhost:3000/_next/static/chunks/112__next_dist_1a10hyl._.js:782
[ 1142241ms] [LOG] [Fast Refresh] done in 59ms @ http://localhost:3000/_next/static/chunks/112__next_dist_1a10hyl._.js:782
[ 1159874ms] [LOG] [Fast Refresh] done in 59ms @ http://localhost:3000/_next/static/chunks/112__next_dist_1a10hyl._.js:782
[ 1160055ms] [LOG] [Fast Refresh] done in 59ms @ http://localhost:3000/_next/static/chunks/112__next_dist_1a10hyl._.js:782
[ 1160250ms] [LOG] [Fast Refresh] done in 59ms @ http://localhost:3000/_next/static/chunks/112__next_dist_1a10hyl._.js:782
[ 1160397ms] [LOG] [Fast Refresh] done in 59ms @ http://localhost:3000/_next/static/chunks/112__next_dist_1a10hyl._.js:782
[ 1160469ms] [LOG] [Fast Refresh] done in 59ms @ http://localhost:3000/_next/static/chunks/112__next_dist_1a10hyl._.js:782
[ 1160669ms] [LOG] [Fast Refresh] done in 59ms @ http://localhost:3000/_next/static/chunks/112__next_dist_1a10hyl._.js:782
[ 1160851ms] [LOG] [Fast Refresh] done in 59ms @ http://localhost:3000/_next/static/chunks/112__next_dist_1a10hyl._.js:782
[ 1160892ms] [LOG] [Fast Refresh] done in 59ms @ http://localhost:3000/_next/static/chunks/112__next_dist_1a10hyl._.js:782
[ 1161038ms] [LOG] [Fast Refresh] done in 59ms @ http://localhost:3000/_next/static/chunks/112__next_dist_1a10hyl._.js:782
[ 1161087ms] [LOG] [Fast Refresh] done in 59ms @ http://localhost:3000/_next/static/chunks/112__next_dist_1a10hyl._.js:782
[ 1161143ms] [LOG] [Fast Refresh] done in 59ms @ http://localhost:3000/_next/static/chunks/112__next_dist_1a10hyl._.js:782
[ 1161265ms] [LOG] [Fast Refresh] done in 59ms @ http://localhost:3000/_next/static/chunks/112__next_dist_1a10hyl._.js:782
[ 1161307ms] [LOG] [Fast Refresh] done in 59ms @ http://localhost:3000/_next/static/chunks/112__next_dist_1a10hyl._.js:782
[ 1161414ms] [LOG] [Fast Refresh] done in 59ms @ http://localhost:3000/_next/static/chunks/112__next_dist_1a10hyl._.js:782
[ 1161504ms] [LOG] [Fast Refresh] done in 59ms @ http://localhost:3000/_next/static/chunks/112__next_dist_1a10hyl._.js:782
[ 1161649ms] [LOG] [Fast Refresh] done in 59ms @ http://localhost:3000/_next/static/chunks/112__next_dist_1a10hyl._.js:782
[ 1161688ms] [LOG] [Fast Refresh] done in 59ms @ http://localhost:3000/_next/static/chunks/112__next_dist_1a10hyl._.js:782
[ 1161758ms] [LOG] [Fast Refresh] done in 59ms @ http://localhost:3000/_next/static/chunks/112__next_dist_1a10hyl._.js:782
[ 1161872ms] [LOG] [Fast Refresh] done in 59ms @ http://localhost:3000/_next/static/chunks/112__next_dist_1a10hyl._.js:782
[ 1162017ms] [LOG] [Fast Refresh] done in 59ms @ http://localhost:3000/_next/static/chunks/112__next_dist_1a10hyl._.js:782
[ 1162186ms] [LOG] [Fast Refresh] done in 59ms @ http://localhost:3000/_next/static/chunks/112__next_dist_1a10hyl._.js:782
[ 1170679ms] [INFO] [2026-09-02T02:13:05.602Z] INFO: Processing pending mutations {"count":2} @ http://localhost:3000/_next/static/chunks/112__next_dist_1a10hyl._.js:782
[ 1170679ms] [WARNING] [2026-09-02T02:13:05.603Z] WARN: Mutation exceeded max retry attempts {"id":"aa1fa5af-c59c-48d4-bdf0-8d0d6b30d542","attempts":5,"entityType":"trip","lastError":"new row violates row-level security policy for table \"trips\""} @ http://localhost:3000/_next/static/chunks/112__next_dist_1a10hyl._.js:782
[ 1170679ms] [WARNING] [2026-09-02T02:13:05.603Z] WARN: Skipping mutation that exceeded max retries {"id":"aa1fa5af-c59c-48d4-bdf0-8d0d6b30d542","attempts":5,"entityType":"trip"} @ http://localhost:3000/_next/static/chunks/112__next_dist_1a10hyl._.js:782
[ 1170679ms] [WARNING] [2026-09-02T02:13:05.603Z] WARN: Mutation exceeded max retry attempts {"id":"bf7070d8-0bd1-4b7a-9e6c-8666ab0ddcb8","attempts":5,"entityType":"tripMember","lastError":"new row violates row-level security policy for table \"trip_members\""} @ http://localhost:3000/_next/static/chunks/112__next_dist_1a10hyl._.js:782
[ 1170679ms] [WARNING] [2026-09-02T02:13:05.603Z] WARN: Skipping mutation that exceeded max retries {"id":"bf7070d8-0bd1-4b7a-9e6c-8666ab0ddcb8","attempts":5,"entityType":"tripMember"} @ http://localhost:3000/_next/static/chunks/112__next_dist_1a10hyl._.js:782
[ 1170982ms] [LOG] [Fast Refresh] done in 59ms @ http://localhost:3000/_next/static/chunks/112__next_dist_1a10hyl._.js:782
[ 1171126ms] [LOG] [Fast Refresh] done in 59ms @ http://localhost:3000/_next/static/chunks/112__next_dist_1a10hyl._.js:782
[ 1171259ms] [LOG] [Fast Refresh] done in 59ms @ http://localhost:3000/_next/static/chunks/112__next_dist_1a10hyl._.js:782
[ 1171392ms] [LOG] [Fast Refresh] done in 59ms @ http://localhost:3000/_next/static/chunks/112__next_dist_1a10hyl._.js:782
[ 1171526ms] [LOG] [Fast Refresh] done in 59ms @ http://localhost:3000/_next/static/chunks/112__next_dist_1a10hyl._.js:782
[ 1171676ms] [LOG] [Fast Refresh] done in 59ms @ http://localhost:3000/_next/static/chunks/112__next_dist_1a10hyl._.js:782
[ 1171798ms] [LOG] [Fast Refresh] done in 59ms @ http://localhost:3000/_next/static/chunks/112__next_dist_1a10hyl._.js:782
[ 1171940ms] [LOG] [Fast Refresh] done in 59ms @ http://localhost:3000/_next/static/chunks/112__next_dist_1a10hyl._.js:782
[ 1172077ms] [LOG] [Fast Refresh] done in 59ms @ http://localhost:3000/_next/static/chunks/112__next_dist_1a10hyl._.js:782
[ 1172208ms] [LOG] [Fast Refresh] done in 59ms @ http://localhost:3000/_next/static/chunks/112__next_dist_1a10hyl._.js:782
[ 1172276ms] [INFO] [2026-09-02T02:13:07.199Z] INFO: Sync completed {"duration":1601,"successCount":0,"failureCount":0,"skippedCount":2,"remainingPending":2,"status":"error","diagnostics":{"totalAttempts":44,"successfulSyncs":7,"failedSyncs":0,"averageDuration":1541.142857142857}} @ http://localhost:3000/_next/static/chunks/112__next_dist_1a10hyl._.js:782
[ 1172344ms] [LOG] [Fast Refresh] done in 59ms @ http://localhost:3000/_next/static/chunks/112__next_dist_1a10hyl._.js:782
[ 1200681ms] [INFO] [2026-09-02T02:13:35.605Z] INFO: Processing pending mutations {"count":2} @ http://localhost:3000/_next/static/chunks/112__next_dist_1a10hyl._.js:782
[ 1200681ms] [WARNING] [2026-09-02T02:13:35.605Z] WARN: Mutation exceeded max retry attempts {"id":"aa1fa5af-c59c-48d4-bdf0-8d0d6b30d542","attempts":5,"entityType":"trip","lastError":"new row violates row-level security policy for table \"trips\""} @ http://localhost:3000/_next/static/chunks/112__next_dist_1a10hyl._.js:782
[ 1200681ms] [WARNING] [2026-09-02T02:13:35.605Z] WARN: Skipping mutation that exceeded max retries {"id":"aa1fa5af-c59c-48d4-bdf0-8d0d6b30d542","attempts":5,"entityType":"trip"} @ http://localhost:3000/_next/static/chunks/112__next_dist_1a10hyl._.js:782
[ 1200681ms] [WARNING] [2026-09-02T02:13:35.605Z] WARN: Mutation exceeded max retry attempts {"id":"bf7070d8-0bd1-4b7a-9e6c-8666ab0ddcb8","attempts":5,"entityType":"tripMember","lastError":"new row violates row-level security policy for table \"trip_members\""} @ http://localhost:3000/_next/static/chunks/112__next_dist_1a10hyl._.js:782
[ 1200681ms] [WARNING] [2026-09-02T02:13:35.605Z] WARN: Skipping mutation that exceeded max retries {"id":"bf7070d8-0bd1-4b7a-9e6c-8666ab0ddcb8","attempts":5,"entityType":"tripMember"} @ http://localhost:3000/_next/static/chunks/112__next_dist_1a10hyl._.js:782
[ 1200895ms] [LOG] [Fast Refresh] done in 59ms @ http://localhost:3000/_next/static/chunks/112__next_dist_1a10hyl._.js:782
[ 1201028ms] [LOG] [Fast Refresh] done in 59ms @ http://localhost:3000/_next/static/chunks/112__next_dist_1a10hyl._.js:782
[ 1201165ms] [LOG] [Fast Refresh] done in 59ms @ http://localhost:3000/_next/static/chunks/112__next_dist_1a10hyl._.js:782
[ 1201305ms] [LOG] [Fast Refresh] done in 59ms @ http://localhost:3000/_next/static/chunks/112__next_dist_1a10hyl._.js:782
[ 1201441ms] [LOG] [Fast Refresh] done in 59ms @ http://localhost:3000/_next/static/chunks/112__next_dist_1a10hyl._.js:782
[ 1201574ms] [LOG] [Fast Refresh] done in 59ms @ http://localhost:3000/_next/static/chunks/112__next_dist_1a10hyl._.js:782
[ 1201711ms] [LOG] [Fast Refresh] done in 59ms @ http://localhost:3000/_next/static/chunks/112__next_dist_1a10hyl._.js:782
[ 1201833ms] [LOG] [Fast Refresh] done in 59ms @ http://localhost:3000/_next/static/chunks/112__next_dist_1a10hyl._.js:782
[ 1201962ms] [LOG] [Fast Refresh] done in 59ms @ http://localhost:3000/_next/static/chunks/112__next_dist_1a10hyl._.js:782
[ 1202101ms] [LOG] [Fast Refresh] done in 59ms @ http://localhost:3000/_next/static/chunks/112__next_dist_1a10hyl._.js:782
[ 1202165ms] [INFO] [2026-09-02T02:13:37.088Z] INFO: Sync completed {"duration":1490,"successCount":0,"failureCount":0,"skippedCount":2,"remainingPending":2,"status":"error","diagnostics":{"totalAttempts":45,"successfulSyncs":8,"failedSyncs":0,"averageDuration":1534.75}} @ http://localhost:3000/_next/static/chunks/112__next_dist_1a10hyl._.js:782
[ 1202231ms] [LOG] [Fast Refresh] done in 59ms @ http://localhost:3000/_next/static/chunks/112__next_dist_1a10hyl._.js:782
[ 1219870ms] [LOG] [Fast Refresh] done in 59ms @ http://localhost:3000/_next/static/chunks/112__next_dist_1a10hyl._.js:782
[ 1220029ms] [LOG] [Fast Refresh] done in 59ms @ http://localhost:3000/_next/static/chunks/112__next_dist_1a10hyl._.js:782
[ 1220132ms] [LOG] [Fast Refresh] done in 59ms @ http://localhost:3000/_next/static/chunks/112__next_dist_1a10hyl._.js:782
[ 1220236ms] [LOG] [Fast Refresh] done in 59ms @ http://localhost:3000/_next/static/chunks/112__next_dist_1a10hyl._.js:782
[ 1220384ms] [LOG] [Fast Refresh] done in 59ms @ http://localhost:3000/_next/static/chunks/112__next_dist_1a10hyl._.js:782
[ 1220438ms] [LOG] [Fast Refresh] done in 59ms @ http://localhost:3000/_next/static/chunks/112__next_dist_1a10hyl._.js:782
[ 1220477ms] [LOG] [Fast Refresh] done in 59ms @ http://localhost:3000/_next/static/chunks/112__next_dist_1a10hyl._.js:782
[ 1220516ms] [LOG] [Fast Refresh] done in 59ms @ http://localhost:3000/_next/static/chunks/112__next_dist_1a10hyl._.js:782
[ 1220607ms] [LOG] [Fast Refresh] done in 59ms @ http://localhost:3000/_next/static/chunks/112__next_dist_1a10hyl._.js:782
[ 1220649ms] [LOG] [Fast Refresh] done in 59ms @ http://localhost:3000/_next/static/chunks/112__next_dist_1a10hyl._.js:782
[ 1220693ms] [LOG] [Fast Refresh] done in 59ms @ http://localhost:3000/_next/static/chunks/112__next_dist_1a10hyl._.js:782
[ 1220776ms] [LOG] [Fast Refresh] done in 59ms @ http://localhost:3000/_next/static/chunks/112__next_dist_1a10hyl._.js:782
[ 1220836ms] [LOG] [Fast Refresh] done in 59ms @ http://localhost:3000/_next/static/chunks/112__next_dist_1a10hyl._.js:782
[ 1220912ms] [LOG] [Fast Refresh] done in 59ms @ http://localhost:3000/_next/static/chunks/112__next_dist_1a10hyl._.js:782
[ 1220971ms] [LOG] [Fast Refresh] done in 59ms @ http://localhost:3000/_next/static/chunks/112__next_dist_1a10hyl._.js:782
[ 1221045ms] [LOG] [Fast Refresh] done in 59ms @ http://localhost:3000/_next/static/chunks/112__next_dist_1a10hyl._.js:782
[ 1221132ms] [LOG] [Fast Refresh] done in 59ms @ http://localhost:3000/_next/static/chunks/112__next_dist_1a10hyl._.js:782
[ 1221175ms] [LOG] [Fast Refresh] done in 59ms @ http://localhost:3000/_next/static/chunks/112__next_dist_1a10hyl._.js:782
[ 1221221ms] [LOG] [Fast Refresh] done in 59ms @ http://localhost:3000/_next/static/chunks/112__next_dist_1a10hyl._.js:782
[ 1221283ms] [LOG] [Fast Refresh] done in 59ms @ http://localhost:3000/_next/static/chunks/112__next_dist_1a10hyl._.js:782
[ 1221380ms] [LOG] [Fast Refresh] done in 59ms @ http://localhost:3000/_next/static/chunks/112__next_dist_1a10hyl._.js:782
[ 1221502ms] [LOG] [Fast Refresh] done in 59ms @ http://localhost:3000/_next/static/chunks/112__next_dist_1a10hyl._.js:782
[ 1230681ms] [INFO] [2026-09-02T02:14:05.605Z] INFO: Processing pending mutations {"count":2} @ http://localhost:3000/_next/static/chunks/112__next_dist_1a10hyl._.js:782
[ 1230681ms] [WARNING] [2026-09-02T02:14:05.605Z] WARN: Mutation exceeded max retry attempts {"id":"aa1fa5af-c59c-48d4-bdf0-8d0d6b30d542","attempts":5,"entityType":"trip","lastError":"new row violates row-level security policy for table \"trips\""} @ http://localhost:3000/_next/static/chunks/112__next_dist_1a10hyl._.js:782
[ 1230681ms] [WARNING] [2026-09-02T02:14:05.605Z] WARN: Skipping mutation that exceeded max retries {"id":"aa1fa5af-c59c-48d4-bdf0-8d0d6b30d542","attempts":5,"entityType":"trip"} @ http://localhost:3000/_next/static/chunks/112__next_dist_1a10hyl._.js:782
[ 1230682ms] [WARNING] [2026-09-02T02:14:05.605Z] WARN: Mutation exceeded max retry attempts {"id":"bf7070d8-0bd1-4b7a-9e6c-8666ab0ddcb8","attempts":5,"entityType":"tripMember","lastError":"new row violates row-level security policy for table \"trip_members\""} @ http://localhost:3000/_next/static/chunks/112__next_dist_1a10hyl._.js:782
[ 1230682ms] [WARNING] [2026-09-02T02:14:05.605Z] WARN: Skipping mutation that exceeded max retries {"id":"bf7070d8-0bd1-4b7a-9e6c-8666ab0ddcb8","attempts":5,"entityType":"tripMember"} @ http://localhost:3000/_next/static/chunks/112__next_dist_1a10hyl._.js:782
[ 1230888ms] [LOG] [Fast Refresh] done in 59ms @ http://localhost:3000/_next/static/chunks/112__next_dist_1a10hyl._.js:782
[ 1231035ms] [LOG] [Fast Refresh] done in 59ms @ http://localhost:3000/_next/static/chunks/112__next_dist_1a10hyl._.js:782
[ 1231165ms] [LOG] [Fast Refresh] done in 59ms @ http://localhost:3000/_next/static/chunks/112__next_dist_1a10hyl._.js:782
[ 1231302ms] [LOG] [Fast Refresh] done in 59ms @ http://localhost:3000/_next/static/chunks/112__next_dist_1a10hyl._.js:782
[ 1231437ms] [LOG] [Fast Refresh] done in 59ms @ http://localhost:3000/_next/static/chunks/112__next_dist_1a10hyl._.js:782
[ 1231573ms] [LOG] [Fast Refresh] done in 59ms @ http://localhost:3000/_next/static/chunks/112__next_dist_1a10hyl._.js:782
[ 1231710ms] [LOG] [Fast Refresh] done in 59ms @ http://localhost:3000/_next/static/chunks/112__next_dist_1a10hyl._.js:782
[ 1231832ms] [LOG] [Fast Refresh] done in 59ms @ http://localhost:3000/_next/static/chunks/112__next_dist_1a10hyl._.js:782
[ 1231968ms] [LOG] [Fast Refresh] done in 59ms @ http://localhost:3000/_next/static/chunks/112__next_dist_1a10hyl._.js:782
[ 1232109ms] [LOG] [Fast Refresh] done in 59ms @ http://localhost:3000/_next/static/chunks/112__next_dist_1a10hyl._.js:782
[ 1232175ms] [INFO] [2026-09-02T02:14:07.098Z] INFO: Sync completed {"duration":1500,"successCount":0,"failureCount":0,"skippedCount":2,"remainingPending":2,"status":"error","diagnostics":{"totalAttempts":46,"successfulSyncs":9,"failedSyncs":0,"averageDuration":1530.888888888889}} @ http://localhost:3000/_next/static/chunks/112__next_dist_1a10hyl._.js:782
[ 1232241ms] [LOG] [Fast Refresh] done in 59ms @ http://localhost:3000/_next/static/chunks/112__next_dist_1a10hyl._.js:782
[ 1260683ms] [INFO] [2026-09-02T02:14:35.606Z] INFO: Processing pending mutations {"count":2} @ http://localhost:3000/_next/static/chunks/112__next_dist_1a10hyl._.js:782
[ 1260683ms] [WARNING] [2026-09-02T02:14:35.606Z] WARN: Mutation exceeded max retry attempts {"id":"aa1fa5af-c59c-48d4-bdf0-8d0d6b30d542","attempts":5,"entityType":"trip","lastError":"new row violates row-level security policy for table \"trips\""} @ http://localhost:3000/_next/static/chunks/112__next_dist_1a10hyl._.js:782
[ 1260683ms] [WARNING] [2026-09-02T02:14:35.607Z] WARN: Skipping mutation that exceeded max retries {"id":"aa1fa5af-c59c-48d4-bdf0-8d0d6b30d542","attempts":5,"entityType":"trip"} @ http://localhost:3000/_next/static/chunks/112__next_dist_1a10hyl._.js:782
[ 1260683ms] [WARNING] [2026-09-02T02:14:35.607Z] WARN: Mutation exceeded max retry attempts {"id":"bf7070d8-0bd1-4b7a-9e6c-8666ab0ddcb8","attempts":5,"entityType":"tripMember","lastError":"new row violates row-level security policy for table \"trip_members\""} @ http://localhost:3000/_next/static/chunks/112__next_dist_1a10hyl._.js:782
[ 1260683ms] [WARNING] [2026-09-02T02:14:35.607Z] WARN: Skipping mutation that exceeded max retries {"id":"bf7070d8-0bd1-4b7a-9e6c-8666ab0ddcb8","attempts":5,"entityType":"tripMember"} @ http://localhost:3000/_next/static/chunks/112__next_dist_1a10hyl._.js:782
[ 1260904ms] [LOG] [Fast Refresh] done in 59ms @ http://localhost:3000/_next/static/chunks/112__next_dist_1a10hyl._.js:782
[ 1261045ms] [LOG] [Fast Refresh] done in 59ms @ http://localhost:3000/_next/static/chunks/112__next_dist_1a10hyl._.js:782
[ 1261190ms] [LOG] [Fast Refresh] done in 59ms @ http://localhost:3000/_next/static/chunks/112__next_dist_1a10hyl._.js:782
[ 1261344ms] [LOG] [Fast Refresh] done in 59ms @ http://localhost:3000/_next/static/chunks/112__next_dist_1a10hyl._.js:782
[ 1261481ms] [LOG] [Fast Refresh] done in 59ms @ http://localhost:3000/_next/static/chunks/112__next_dist_1a10hyl._.js:782
[ 1261624ms] [LOG] [Fast Refresh] done in 59ms @ http://localhost:3000/_next/static/chunks/112__next_dist_1a10hyl._.js:782
[ 1261766ms] [LOG] [Fast Refresh] done in 59ms @ http://localhost:3000/_next/static/chunks/112__next_dist_1a10hyl._.js:782
[ 1261896ms] [LOG] [Fast Refresh] done in 59ms @ http://localhost:3000/_next/static/chunks/112__next_dist_1a10hyl._.js:782
[ 1262041ms] [LOG] [Fast Refresh] done in 59ms @ http://localhost:3000/_next/static/chunks/112__next_dist_1a10hyl._.js:782
[ 1262191ms] [LOG] [Fast Refresh] done in 59ms @ http://localhost:3000/_next/static/chunks/112__next_dist_1a10hyl._.js:782
[ 1262258ms] [INFO] [2026-09-02T02:14:37.181Z] INFO: Sync completed {"duration":1583,"successCount":0,"failureCount":0,"skippedCount":2,"remainingPending":2,"status":"error","diagnostics":{"totalAttempts":47,"successfulSyncs":10,"failedSyncs":0,"averageDuration":1536.1}} @ http://localhost:3000/_next/static/chunks/112__next_dist_1a10hyl._.js:782
[ 1262322ms] [LOG] [Fast Refresh] done in 59ms @ http://localhost:3000/_next/static/chunks/112__next_dist_1a10hyl._.js:782
[ 1279953ms] [LOG] [Fast Refresh] done in 59ms @ http://localhost:3000/_next/static/chunks/112__next_dist_1a10hyl._.js:782
[ 1280112ms] [LOG] [Fast Refresh] done in 59ms @ http://localhost:3000/_next/static/chunks/112__next_dist_1a10hyl._.js:782
[ 1280207ms] [LOG] [Fast Refresh] done in 59ms @ http://localhost:3000/_next/static/chunks/112__next_dist_1a10hyl._.js:782
[ 1280285ms] [LOG] [Fast Refresh] done in 59ms @ http://localhost:3000/_next/static/chunks/112__next_dist_1a10hyl._.js:782
[ 1280394ms] [LOG] [Fast Refresh] done in 59ms @ http://localhost:3000/_next/static/chunks/112__next_dist_1a10hyl._.js:782
[ 1280489ms] [LOG] [Fast Refresh] done in 59ms @ http://localhost:3000/_next/static/chunks/112__next_dist_1a10hyl._.js:782
[ 1280540ms] [LOG] [Fast Refresh] done in 59ms @ http://localhost:3000/_next/static/chunks/112__next_dist_1a10hyl._.js:782
[ 1280604ms] [LOG] [Fast Refresh] done in 59ms @ http://localhost:3000/_next/static/chunks/112__next_dist_1a10hyl._.js:782
[ 1280646ms] [LOG] [Fast Refresh] done in 59ms @ http://localhost:3000/_next/static/chunks/112__next_dist_1a10hyl._.js:782
[ 1280708ms] [LOG] [Fast Refresh] done in 59ms @ http://localhost:3000/_next/static/chunks/112__next_dist_1a10hyl._.js:782
[ 1280753ms] [LOG] [Fast Refresh] done in 59ms @ http://localhost:3000/_next/static/chunks/112__next_dist_1a10hyl._.js:782
[ 1280800ms] [LOG] [Fast Refresh] done in 59ms @ http://localhost:3000/_next/static/chunks/112__next_dist_1a10hyl._.js:782
[ 1280840ms] [LOG] [Fast Refresh] done in 59ms @ http://localhost:3000/_next/static/chunks/112__next_dist_1a10hyl._.js:782
[ 1280889ms] [LOG] [Fast Refresh] done in 59ms @ http://localhost:3000/_next/static/chunks/112__next_dist_1a10hyl._.js:782
[ 1280930ms] [LOG] [Fast Refresh] done in 59ms @ http://localhost:3000/_next/static/chunks/112__next_dist_1a10hyl._.js:782
[ 1280971ms] [LOG] [Fast Refresh] done in 59ms @ http://localhost:3000/_next/static/chunks/112__next_dist_1a10hyl._.js:782
[ 1281017ms] [LOG] [Fast Refresh] done in 59ms @ http://localhost:3000/_next/static/chunks/112__next_dist_1a10hyl._.js:782
[ 1281069ms] [LOG] [Fast Refresh] done in 59ms @ http://localhost:3000/_next/static/chunks/112__next_dist_1a10hyl._.js:782
[ 1281109ms] [LOG] [Fast Refresh] done in 59ms @ http://localhost:3000/_next/static/chunks/112__next_dist_1a10hyl._.js:782
[ 1281164ms] [LOG] [Fast Refresh] done in 59ms @ http://localhost:3000/_next/static/chunks/112__next_dist_1a10hyl._.js:782
[ 1281243ms] [LOG] [Fast Refresh] done in 59ms @ http://localhost:3000/_next/static/chunks/112__next_dist_1a10hyl._.js:782
[ 1281317ms] [LOG] [Fast Refresh] done in 59ms @ http://localhost:3000/_next/static/chunks/112__next_dist_1a10hyl._.js:782
[ 1281390ms] [LOG] [Fast Refresh] done in 59ms @ http://localhost:3000/_next/static/chunks/112__next_dist_1a10hyl._.js:782
[ 1281435ms] [LOG] [Fast Refresh] done in 59ms @ http://localhost:3000/_next/static/chunks/112__next_dist_1a10hyl._.js:782
[ 1281484ms] [LOG] [Fast Refresh] done in 59ms @ http://localhost:3000/_next/static/chunks/112__next_dist_1a10hyl._.js:782
[ 1281586ms] [LOG] [Fast Refresh] done in 59ms @ http://localhost:3000/_next/static/chunks/112__next_dist_1a10hyl._.js:782
[ 1290682ms] [INFO] [2026-09-02T02:15:05.606Z] INFO: Processing pending mutations {"count":2} @ http://localhost:3000/_next/static/chunks/112__next_dist_1a10hyl._.js:782
[ 1290682ms] [WARNING] [2026-09-02T02:15:05.606Z] WARN: Mutation exceeded max retry attempts {"id":"aa1fa5af-c59c-48d4-bdf0-8d0d6b30d542","attempts":5,"entityType":"trip","lastError":"new row violates row-level security policy for table \"trips\""} @ http://localhost:3000/_next/static/chunks/112__next_dist_1a10hyl._.js:782
[ 1290682ms] [WARNING] [2026-09-02T02:15:05.606Z] WARN: Skipping mutation that exceeded max retries {"id":"aa1fa5af-c59c-48d4-bdf0-8d0d6b30d542","attempts":5,"entityType":"trip"} @ http://localhost:3000/_next/static/chunks/112__next_dist_1a10hyl._.js:782
[ 1290682ms] [WARNING] [2026-09-02T02:15:05.606Z] WARN: Mutation exceeded max retry attempts {"id":"bf7070d8-0bd1-4b7a-9e6c-8666ab0ddcb8","attempts":5,"entityType":"tripMember","lastError":"new row violates row-level security policy for table \"trip_members\""} @ http://localhost:3000/_next/static/chunks/112__next_dist_1a10hyl._.js:782
[ 1290682ms] [WARNING] [2026-09-02T02:15:05.606Z] WARN: Skipping mutation that exceeded max retries {"id":"bf7070d8-0bd1-4b7a-9e6c-8666ab0ddcb8","attempts":5,"entityType":"tripMember"} @ http://localhost:3000/_next/static/chunks/112__next_dist_1a10hyl._.js:782
[ 1290997ms] [LOG] [Fast Refresh] done in 59ms @ http://localhost:3000/_next/static/chunks/112__next_dist_1a10hyl._.js:782
[ 1291156ms] [LOG] [Fast Refresh] done in 59ms @ http://localhost:3000/_next/static/chunks/112__next_dist_1a10hyl._.js:782
[ 1291291ms] [LOG] [Fast Refresh] done in 59ms @ http://localhost:3000/_next/static/chunks/112__next_dist_1a10hyl._.js:782
[ 1291440ms] [LOG] [Fast Refresh] done in 59ms @ http://localhost:3000/_next/static/chunks/112__next_dist_1a10hyl._.js:782
[ 1291580ms] [LOG] [Fast Refresh] done in 59ms @ http://localhost:3000/_next/static/chunks/112__next_dist_1a10hyl._.js:782
[ 1291715ms] [LOG] [Fast Refresh] done in 59ms @ http://localhost:3000/_next/static/chunks/112__next_dist_1a10hyl._.js:782
[ 1291834ms] [LOG] [Fast Refresh] done in 59ms @ http://localhost:3000/_next/static/chunks/112__next_dist_1a10hyl._.js:782
[ 1291972ms] [LOG] [Fast Refresh] done in 59ms @ http://localhost:3000/_next/static/chunks/112__next_dist_1a10hyl._.js:782
[ 1292109ms] [LOG] [Fast Refresh] done in 59ms @ http://localhost:3000/_next/static/chunks/112__next_dist_1a10hyl._.js:782
[ 1292234ms] [LOG] [Fast Refresh] done in 59ms @ http://localhost:3000/_next/static/chunks/112__next_dist_1a10hyl._.js:782
[ 1292299ms] [INFO] [2026-09-02T02:15:07.222Z] INFO: Sync completed {"duration":1623,"successCount":0,"failureCount":0,"skippedCount":2,"remainingPending":2,"status":"error","diagnostics":{"totalAttempts":48,"successfulSyncs":11,"failedSyncs":0,"averageDuration":1544}} @ http://localhost:3000/_next/static/chunks/112__next_dist_1a10hyl._.js:782
[ 1292366ms] [LOG] [Fast Refresh] done in 59ms @ http://localhost:3000/_next/static/chunks/112__next_dist_1a10hyl._.js:782
[ 1320682ms] [INFO] [2026-09-02T02:15:35.605Z] INFO: Processing pending mutations {"count":2} @ http://localhost:3000/_next/static/chunks/112__next_dist_1a10hyl._.js:782
[ 1320682ms] [WARNING] [2026-09-02T02:15:35.606Z] WARN: Mutation exceeded max retry attempts {"id":"aa1fa5af-c59c-48d4-bdf0-8d0d6b30d542","attempts":5,"entityType":"trip","lastError":"new row violates row-level security policy for table \"trips\""} @ http://localhost:3000/_next/static/chunks/112__next_dist_1a10hyl._.js:782
[ 1320682ms] [WARNING] [2026-09-02T02:15:35.606Z] WARN: Skipping mutation that exceeded max retries {"id":"aa1fa5af-c59c-48d4-bdf0-8d0d6b30d542","attempts":5,"entityType":"trip"} @ http://localhost:3000/_next/static/chunks/112__next_dist_1a10hyl._.js:782
[ 1320682ms] [WARNING] [2026-09-02T02:15:35.606Z] WARN: Mutation exceeded max retry attempts {"id":"bf7070d8-0bd1-4b7a-9e6c-8666ab0ddcb8","attempts":5,"entityType":"tripMember","lastError":"new row violates row-level security policy for table \"trip_members\""} @ http://localhost:3000/_next/static/chunks/112__next_dist_1a10hyl._.js:782
[ 1320682ms] [WARNING] [2026-09-02T02:15:35.606Z] WARN: Skipping mutation that exceeded max retries {"id":"bf7070d8-0bd1-4b7a-9e6c-8666ab0ddcb8","attempts":5,"entityType":"tripMember"} @ http://localhost:3000/_next/static/chunks/112__next_dist_1a10hyl._.js:782
[ 1320898ms] [LOG] [Fast Refresh] done in 59ms @ http://localhost:3000/_next/static/chunks/112__next_dist_1a10hyl._.js:782
[ 1321036ms] [LOG] [Fast Refresh] done in 59ms @ http://localhost:3000/_next/static/chunks/112__next_dist_1a10hyl._.js:782
[ 1321169ms] [LOG] [Fast Refresh] done in 59ms @ http://localhost:3000/_next/static/chunks/112__next_dist_1a10hyl._.js:782
[ 1321317ms] [LOG] [Fast Refresh] done in 59ms @ http://localhost:3000/_next/static/chunks/112__next_dist_1a10hyl._.js:782
[ 1321457ms] [LOG] [Fast Refresh] done in 59ms @ http://localhost:3000/_next/static/chunks/112__next_dist_1a10hyl._.js:782
[ 1321593ms] [LOG] [Fast Refresh] done in 59ms @ http://localhost:3000/_next/static/chunks/112__next_dist_1a10hyl._.js:782
[ 1321724ms] [LOG] [Fast Refresh] done in 59ms @ http://localhost:3000/_next/static/chunks/112__next_dist_1a10hyl._.js:782
[ 1321843ms] [LOG] [Fast Refresh] done in 59ms @ http://localhost:3000/_next/static/chunks/112__next_dist_1a10hyl._.js:782
[ 1321980ms] [LOG] [Fast Refresh] done in 59ms @ http://localhost:3000/_next/static/chunks/112__next_dist_1a10hyl._.js:782
[ 1322123ms] [LOG] [Fast Refresh] done in 59ms @ http://localhost:3000/_next/static/chunks/112__next_dist_1a10hyl._.js:782
[ 1322190ms] [INFO] [2026-09-02T02:15:37.114Z] INFO: Sync completed {"duration":1515,"successCount":0,"failureCount":0,"skippedCount":2,"remainingPending":2,"status":"error","diagnostics":{"totalAttempts":49,"successfulSyncs":12,"failedSyncs":0,"averageDuration":1541.5833333333333}} @ http://localhost:3000/_next/static/chunks/112__next_dist_1a10hyl._.js:782
[ 1322257ms] [LOG] [Fast Refresh] done in 59ms @ http://localhost:3000/_next/static/chunks/112__next_dist_1a10hyl._.js:782
[ 1339873ms] [LOG] [Fast Refresh] done in 59ms @ http://localhost:3000/_next/static/chunks/112__next_dist_1a10hyl._.js:782
[ 1340013ms] [LOG] [Fast Refresh] done in 59ms @ http://localhost:3000/_next/static/chunks/112__next_dist_1a10hyl._.js:782
[ 1340143ms] [LOG] [Fast Refresh] done in 59ms @ http://localhost:3000/_next/static/chunks/112__next_dist_1a10hyl._.js:782
[ 1340229ms] [LOG] [Fast Refresh] done in 59ms @ http://localhost:3000/_next/static/chunks/112__next_dist_1a10hyl._.js:782
[ 1340286ms] [LOG] [Fast Refresh] done in 59ms @ http://localhost:3000/_next/static/chunks/112__next_dist_1a10hyl._.js:782
[ 1340334ms] [LOG] [Fast Refresh] done in 59ms @ http://localhost:3000/_next/static/chunks/112__next_dist_1a10hyl._.js:782
[ 1340438ms] [LOG] [Fast Refresh] done in 59ms @ http://localhost:3000/_next/static/chunks/112__next_dist_1a10hyl._.js:782
[ 1340476ms] [LOG] [Fast Refresh] done in 59ms @ http://localhost:3000/_next/static/chunks/112__next_dist_1a10hyl._.js:782
[ 1340585ms] [LOG] [Fast Refresh] done in 59ms @ http://localhost:3000/_next/static/chunks/112__next_dist_1a10hyl._.js:782
[ 1340693ms] [LOG] [Fast Refresh] done in 59ms @ http://localhost:3000/_next/static/chunks/112__next_dist_1a10hyl._.js:782
[ 1340787ms] [LOG] [Fast Refresh] done in 59ms @ http://localhost:3000/_next/static/chunks/112__next_dist_1a10hyl._.js:782
[ 1340827ms] [LOG] [Fast Refresh] done in 59ms @ http://localhost:3000/_next/static/chunks/112__next_dist_1a10hyl._.js:782
[ 1340940ms] [LOG] [Fast Refresh] done in 59ms @ http://localhost:3000/_next/static/chunks/112__next_dist_1a10hyl._.js:782
[ 1341017ms] [LOG] [Fast Refresh] done in 59ms @ http://localhost:3000/_next/static/chunks/112__next_dist_1a10hyl._.js:782
[ 1341060ms] [LOG] [Fast Refresh] done in 59ms @ http://localhost:3000/_next/static/chunks/112__next_dist_1a10hyl._.js:782
[ 1341104ms] [LOG] [Fast Refresh] done in 59ms @ http://localhost:3000/_next/static/chunks/112__next_dist_1a10hyl._.js:782
[ 1341194ms] [LOG] [Fast Refresh] done in 59ms @ http://localhost:3000/_next/static/chunks/112__next_dist_1a10hyl._.js:782
[ 1341236ms] [LOG] [Fast Refresh] done in 59ms @ http://localhost:3000/_next/static/chunks/112__next_dist_1a10hyl._.js:782
[ 1341283ms] [LOG] [Fast Refresh] done in 59ms @ http://localhost:3000/_next/static/chunks/112__next_dist_1a10hyl._.js:782
[ 1341333ms] [LOG] [Fast Refresh] done in 59ms @ http://localhost:3000/_next/static/chunks/112__next_dist_1a10hyl._.js:782
[ 1341374ms] [LOG] [Fast Refresh] done in 59ms @ http://localhost:3000/_next/static/chunks/112__next_dist_1a10hyl._.js:782
[ 1341427ms] [LOG] [Fast Refresh] done in 59ms @ http://localhost:3000/_next/static/chunks/112__next_dist_1a10hyl._.js:782
[ 1341468ms] [LOG] [Fast Refresh] done in 59ms @ http://localhost:3000/_next/static/chunks/112__next_dist_1a10hyl._.js:782
[ 1341560ms] [LOG] [Fast Refresh] done in 59ms @ http://localhost:3000/_next/static/chunks/112__next_dist_1a10hyl._.js:782
[ 1350681ms] [INFO] [2026-09-02T02:16:05.604Z] INFO: Processing pending mutations {"count":2} @ http://localhost:3000/_next/static/chunks/112__next_dist_1a10hyl._.js:782
[ 1350681ms] [WARNING] [2026-09-02T02:16:05.604Z] WARN: Mutation exceeded max retry attempts {"id":"aa1fa5af-c59c-48d4-bdf0-8d0d6b30d542","attempts":5,"entityType":"trip","lastError":"new row violates row-level security policy for table \"trips\""} @ http://localhost:3000/_next/static/chunks/112__next_dist_1a10hyl._.js:782
[ 1350681ms] [WARNING] [2026-09-02T02:16:05.604Z] WARN: Skipping mutation that exceeded max retries {"id":"aa1fa5af-c59c-48d4-bdf0-8d0d6b30d542","attempts":5,"entityType":"trip"} @ http://localhost:3000/_next/static/chunks/112__next_dist_1a10hyl._.js:782
[ 1350681ms] [WARNING] [2026-09-02T02:16:05.604Z] WARN: Mutation exceeded max retry attempts {"id":"bf7070d8-0bd1-4b7a-9e6c-8666ab0ddcb8","attempts":5,"entityType":"tripMember","lastError":"new row violates row-level security policy for table \"trip_members\""} @ http://localhost:3000/_next/static/chunks/112__next_dist_1a10hyl._.js:782
[ 1350681ms] [WARNING] [2026-09-02T02:16:05.604Z] WARN: Skipping mutation that exceeded max retries {"id":"bf7070d8-0bd1-4b7a-9e6c-8666ab0ddcb8","attempts":5,"entityType":"tripMember"} @ http://localhost:3000/_next/static/chunks/112__next_dist_1a10hyl._.js:782
[ 1350890ms] [LOG] [Fast Refresh] done in 59ms @ http://localhost:3000/_next/static/chunks/112__next_dist_1a10hyl._.js:782
[ 1351025ms] [LOG] [Fast Refresh] done in 59ms @ http://localhost:3000/_next/static/chunks/112__next_dist_1a10hyl._.js:782
[ 1351174ms] [LOG] [Fast Refresh] done in 59ms @ http://localhost:3000/_next/static/chunks/112__next_dist_1a10hyl._.js:782
[ 1351301ms] [LOG] [Fast Refresh] done in 59ms @ http://localhost:3000/_next/static/chunks/112__next_dist_1a10hyl._.js:782
[ 1351438ms] [LOG] [Fast Refresh] done in 59ms @ http://localhost:3000/_next/static/chunks/112__next_dist_1a10hyl._.js:782
[ 1351563ms] [LOG] [Fast Refresh] done in 59ms @ http://localhost:3000/_next/static/chunks/112__next_dist_1a10hyl._.js:782
[ 1351696ms] [LOG] [Fast Refresh] done in 59ms @ http://localhost:3000/_next/static/chunks/112__next_dist_1a10hyl._.js:782
[ 1351838ms] [LOG] [Fast Refresh] done in 59ms @ http://localhost:3000/_next/static/chunks/112__next_dist_1a10hyl._.js:782
[ 1351978ms] [LOG] [Fast Refresh] done in 59ms @ http://localhost:3000/_next/static/chunks/112__next_dist_1a10hyl._.js:782
[ 1352116ms] [LOG] [Fast Refresh] done in 59ms @ http://localhost:3000/_next/static/chunks/112__next_dist_1a10hyl._.js:782
[ 1352177ms] [INFO] [2026-09-02T02:16:07.101Z] INFO: Sync completed {"duration":1503,"successCount":0,"failureCount":0,"skippedCount":2,"remainingPending":2,"status":"error","diagnostics":{"totalAttempts":50,"successfulSyncs":13,"failedSyncs":0,"averageDuration":1538.6153846153845}} @ http://localhost:3000/_next/static/chunks/112__next_dist_1a10hyl._.js:782
[ 1352241ms] [LOG] [Fast Refresh] done in 59ms @ http://localhost:3000/_next/static/chunks/112__next_dist_1a10hyl._.js:782
[ 1356999ms] [INFO] [2026-09-02T02:16:11.923Z] INFO: Processing pending mutations {"count":2} @ http://localhost:3000/_next/static/chunks/112__next_dist_1a10hyl._.js:782
[ 1357000ms] [WARNING] [2026-09-02T02:16:11.923Z] WARN: Mutation exceeded max retry attempts {"id":"aa1fa5af-c59c-48d4-bdf0-8d0d6b30d542","attempts":5,"entityType":"trip","lastError":"new row violates row-level security policy for table \"trips\""} @ http://localhost:3000/_next/static/chunks/112__next_dist_1a10hyl._.js:782
[ 1357000ms] [WARNING] [2026-09-02T02:16:11.923Z] WARN: Skipping mutation that exceeded max retries {"id":"aa1fa5af-c59c-48d4-bdf0-8d0d6b30d542","attempts":5,"entityType":"trip"} @ http://localhost:3000/_next/static/chunks/112__next_dist_1a10hyl._.js:782
[ 1357000ms] [WARNING] [2026-09-02T02:16:11.923Z] WARN: Mutation exceeded max retry attempts {"id":"bf7070d8-0bd1-4b7a-9e6c-8666ab0ddcb8","attempts":5,"entityType":"tripMember","lastError":"new row violates row-level security policy for table \"trip_members\""} @ http://localhost:3000/_next/static/chunks/112__next_dist_1a10hyl._.js:782
[ 1357000ms] [WARNING] [2026-09-02T02:16:11.923Z] WARN: Skipping mutation that exceeded max retries {"id":"bf7070d8-0bd1-4b7a-9e6c-8666ab0ddcb8","attempts":5,"entityType":"tripMember"} @ http://localhost:3000/_next/static/chunks/112__next_dist_1a10hyl._.js:782
[ 1357224ms] [LOG] [Fast Refresh] done in 59ms @ http://localhost:3000/_next/static/chunks/112__next_dist_1a10hyl._.js:782
[ 1357356ms] [LOG] [Fast Refresh] done in 59ms @ http://localhost:3000/_next/static/chunks/112__next_dist_1a10hyl._.js:782
[ 1357505ms] [LOG] [Fast Refresh] done in 59ms @ http://localhost:3000/_next/static/chunks/112__next_dist_1a10hyl._.js:782
[ 1357643ms] [LOG] [Fast Refresh] done in 59ms @ http://localhost:3000/_next/static/chunks/112__next_dist_1a10hyl._.js:782
[ 1357768ms] [LOG] [Fast Refresh] done in 59ms @ http://localhost:3000/_next/static/chunks/112__next_dist_1a10hyl._.js:782
[ 1357922ms] [LOG] [Fast Refresh] done in 59ms @ http://localhost:3000/_next/static/chunks/112__next_dist_1a10hyl._.js:782
[ 1358060ms] [LOG] [Fast Refresh] done in 59ms @ http://localhost:3000/_next/static/chunks/112__next_dist_1a10hyl._.js:782
[ 1358222ms] [LOG] [Fast Refresh] done in 59ms @ http://localhost:3000/_next/static/chunks/112__next_dist_1a10hyl._.js:782
[ 1358354ms] [LOG] [Fast Refresh] done in 59ms @ http://localhost:3000/_next/static/chunks/112__next_dist_1a10hyl._.js:782
[ 1358487ms] [LOG] [Fast Refresh] done in 59ms @ http://localhost:3000/_next/static/chunks/112__next_dist_1a10hyl._.js:782
[ 1358561ms] [INFO] [2026-09-02T02:16:13.485Z] INFO: Sync completed {"duration":1567,"successCount":0,"failureCount":0,"skippedCount":2,"remainingPending":2,"status":"error","diagnostics":{"totalAttempts":51,"successfulSyncs":14,"failedSyncs":0,"averageDuration":1540.642857142857}} @ http://localhost:3000/_next/static/chunks/112__next_dist_1a10hyl._.js:782
[ 1358626ms] [LOG] [Fast Refresh] done in 59ms @ http://localhost:3000/_next/static/chunks/112__next_dist_1a10hyl._.js:782
[ 1358933ms] [LOG] [Fast Refresh] done in 59ms @ http://localhost:3000/_next/static/chunks/112__next_dist_1a10hyl._.js:782
[ 1359344ms] [LOG] %c Console Ninja extension is connected to Next.js browser, background: rgb(30,30,30); color: rgb(255,213,92) see https://tinyurl.com/2vt8jxzw for more info. @ :0
[ 1359348ms] [INFO] %cDownload the React DevTools for a better development experience: https://react.dev/link/react-devtools font-weight:bold @ http://localhost:3000/_next/static/chunks/112__next_dist_1a10hyl._.js:782
[ 1359363ms] [LOG] [HMR] connected @ http://localhost:3000/_next/static/chunks/112__next_dist_1a10hyl._.js:782
[ 1359401ms] Error: Hydration failed because the server rendered HTML didn't match the client. As a result this tree will be regenerated on the client. This can happen if a SSR-ed Client Component used:

- A server/client branch `if (typeof window !== 'undefined')`.
- Variable input such as `Date.now()` or `Math.random()` which changes each time it's called.
- Date formatting in a user's locale which doesn't match the server.
- External changing data without sending a snapshot of it along with the HTML.
- Invalid HTML tag nesting.

It can also happen if the client has a browser extension installed which messes with the HTML before React loaded.

https://react.dev/link/hydration-mismatch

  ...
    <ErrorBoundary errorComponent={undefined} errorStyles={undefined} errorScripts={undefined}>
      <LoadingBoundary name="/" loading={null}>
        <HTTPAccessFallbackBoundary notFound={{...}} forbidden={undefined} unauthorized={undefined}>
          <HTTPAccessFallbackErrorBoundary pathname="/trips" notFound={{...}} forbidden={undefined} ...>
            <RedirectBoundary>
              <RedirectErrorBoundary router={{...}}>
                <InnerLayoutRouter url="/trips" tree={[...]} params={{}} cacheNode={{rsc:{...}, ...}} segmentPath={[...]} ...>
                  <SegmentViewNode type="layout" pagePath="(app)/layo...">
                    <SegmentTrieNode>
                    <script>
                    <script>
                    <script>
                    <script>
                    <script>
                    <script>
                    <script>
                    <script>
                    <AuthenticatedLayout>
                      <SyncProvider userId="94ff7e22-1...">
                        <AppShell userLabel="Aby Garcia">
                          <div className="min-h-dvh ...">
                            <a>
+                           <aside
+                             className="fixed inset-y-0 left-0 hidden w-64 border-r bg-card p-5 lg:flex lg:flex-col"
+                           >
-                           <div
-                             role="status"
-                             className="bg-accent px-4 py-2 text-center text-sm text-accent-foreground"
-                           >
                            ...
                ...
    ...

    at throwOnHydrationMismatch (http://localhost:3000/_next/static/chunks/112__next_dist_compiled_react-dom_0fo5_73._.js:3120:56)
    at beginWork (http://localhost:3000/_next/static/chunks/112__next_dist_compiled_react-dom_0fo5_73._.js:6585:918)
    at runWithFiberInDEV (http://localhost:3000/_next/static/chunks/112__next_dist_compiled_react-dom_0fo5_73._.js:761:74)
    at performUnitOfWork (http://localhost:3000/_next/static/chunks/112__next_dist_compiled_react-dom_0fo5_73._.js:9385:97)
    at workLoopConcurrentByScheduler (http://localhost:3000/_next/static/chunks/112__next_dist_compiled_react-dom_0fo5_73._.js:9381:58)
    at renderRootConcurrent (http://localhost:3000/_next/static/chunks/112__next_dist_compiled_react-dom_0fo5_73._.js:9364:71)
    at performWorkOnRoot (http://localhost:3000/_next/static/chunks/112__next_dist_compiled_react-dom_0fo5_73._.js:8891:150)
    at performWorkOnRootViaSchedulerTask (http://localhost:3000/_next/static/chunks/112__next_dist_compiled_react-dom_0fo5_73._.js:10085:9)
    at MessagePort.performWorkUntilDeadline (http://localhost:3000/_next/static/chunks/112__next_dist_compiled_008ppkl._.js:2647:64)
[ 1359400ms] [INFO] [2026-09-02T02:16:14.324Z] INFO: Starting sync engine @ http://localhost:3000/_next/static/chunks/112__next_dist_1a10hyl._.js:782
[ 1359405ms] [INFO] [2026-09-02T02:16:14.328Z] INFO: Stopping sync engine @ http://localhost:3000/_next/static/chunks/112__next_dist_1a10hyl._.js:782
[ 1359406ms] [INFO] [2026-09-02T02:16:14.329Z] INFO: Starting sync engine @ http://localhost:3000/_next/static/chunks/112__next_dist_1a10hyl._.js:782
[ 1359440ms] [INFO] [2026-09-02T02:16:14.363Z] INFO: Processing pending mutations {"count":2} @ http://localhost:3000/_next/static/chunks/112__next_dist_1a10hyl._.js:782
[ 1359440ms] [WARNING] [2026-09-02T02:16:14.363Z] WARN: Mutation exceeded max retry attempts {"id":"aa1fa5af-c59c-48d4-bdf0-8d0d6b30d542","attempts":5,"entityType":"trip","lastError":"new row violates row-level security policy for table \"trips\""} @ http://localhost:3000/_next/static/chunks/112__next_dist_1a10hyl._.js:782
[ 1359440ms] [WARNING] [2026-09-02T02:16:14.363Z] WARN: Skipping mutation that exceeded max retries {"id":"aa1fa5af-c59c-48d4-bdf0-8d0d6b30d542","attempts":5,"entityType":"trip"} @ http://localhost:3000/_next/static/chunks/112__next_dist_1a10hyl._.js:782
[ 1359440ms] [WARNING] [2026-09-02T02:16:14.363Z] WARN: Mutation exceeded max retry attempts {"id":"bf7070d8-0bd1-4b7a-9e6c-8666ab0ddcb8","attempts":5,"entityType":"tripMember","lastError":"new row violates row-level security policy for table \"trip_members\""} @ http://localhost:3000/_next/static/chunks/112__next_dist_1a10hyl._.js:782
[ 1359440ms] [WARNING] [2026-09-02T02:16:14.363Z] WARN: Skipping mutation that exceeded max retries {"id":"bf7070d8-0bd1-4b7a-9e6c-8666ab0ddcb8","attempts":5,"entityType":"tripMember"} @ http://localhost:3000/_next/static/chunks/112__next_dist_1a10hyl._.js:782
[ 1360866ms] [INFO] [2026-09-02T02:16:15.790Z] INFO: Sync completed {"duration":1465,"successCount":0,"failureCount":0,"skippedCount":2,"remainingPending":5,"status":"error","diagnostics":{"totalAttempts":1,"successfulSyncs":1,"failedSyncs":0,"averageDuration":1465}} @ http://localhost:3000/_next/static/chunks/112__next_dist_1a10hyl._.js:782
[ 1452456ms] [LOG] [Fast Refresh] rebuilding @ http://localhost:3000/_next/static/chunks/112__next_dist_1a10hyl._.js:782
[ 1452504ms] [LOG] [Fast Refresh] done in 26ms @ http://localhost:3000/_next/static/chunks/112__next_dist_1a10hyl._.js:782
[ 1452760ms] [LOG] [Fast Refresh] done in 26ms @ http://localhost:3000/_next/static/chunks/112__next_dist_1a10hyl._.js:782
[ 1452826ms] [LOG] [Fast Refresh] done in 26ms @ http://localhost:3000/_next/static/chunks/112__next_dist_1a10hyl._.js:782
[ 1452963ms] [LOG] [Fast Refresh] done in 26ms @ http://localhost:3000/_next/static/chunks/112__next_dist_1a10hyl._.js:782
[ 1453110ms] [LOG] [Fast Refresh] done in 26ms @ http://localhost:3000/_next/static/chunks/112__next_dist_1a10hyl._.js:782
[ 1453870ms] [LOG] [Fast Refresh] done in 26ms @ http://localhost:3000/_next/static/chunks/112__next_dist_1a10hyl._.js:782
[ 1454049ms] [LOG] [Fast Refresh] done in 26ms @ http://localhost:3000/_next/static/chunks/112__next_dist_1a10hyl._.js:782
[ 1454093ms] [LOG] [Fast Refresh] done in 26ms @ http://localhost:3000/_next/static/chunks/112__next_dist_1a10hyl._.js:782
[ 1454222ms] [LOG] [Fast Refresh] done in 26ms @ http://localhost:3000/_next/static/chunks/112__next_dist_1a10hyl._.js:782
[ 1454304ms] [LOG] [Fast Refresh] done in 26ms @ http://localhost:3000/_next/static/chunks/112__next_dist_1a10hyl._.js:782
[ 1454425ms] [LOG] [Fast Refresh] done in 26ms @ http://localhost:3000/_next/static/chunks/112__next_dist_1a10hyl._.js:782
[ 1454467ms] [LOG] [Fast Refresh] done in 26ms @ http://localhost:3000/_next/static/chunks/112__next_dist_1a10hyl._.js:782
[ 1454513ms] [LOG] [Fast Refresh] done in 26ms @ http://localhost:3000/_next/static/chunks/112__next_dist_1a10hyl._.js:782
[ 1454621ms] [LOG] [Fast Refresh] done in 26ms @ http://localhost:3000/_next/static/chunks/112__next_dist_1a10hyl._.js:782
[ 1454667ms] [LOG] [Fast Refresh] done in 26ms @ http://localhost:3000/_next/static/chunks/112__next_dist_1a10hyl._.js:782
[ 1454716ms] [LOG] [Fast Refresh] done in 26ms @ http://localhost:3000/_next/static/chunks/112__next_dist_1a10hyl._.js:782
[ 1454822ms] [LOG] [Fast Refresh] done in 26ms @ http://localhost:3000/_next/static/chunks/112__next_dist_1a10hyl._.js:782
[ 1454878ms] [LOG] [Fast Refresh] done in 26ms @ http://localhost:3000/_next/static/chunks/112__next_dist_1a10hyl._.js:782
[ 1454944ms] [LOG] [Fast Refresh] done in 26ms @ http://localhost:3000/_next/static/chunks/112__next_dist_1a10hyl._.js:782
[ 1455033ms] [LOG] [Fast Refresh] done in 26ms @ http://localhost:3000/_next/static/chunks/112__next_dist_1a10hyl._.js:782
[ 1455116ms] [LOG] [Fast Refresh] done in 26ms @ http://localhost:3000/_next/static/chunks/112__next_dist_1a10hyl._.js:782
[ 1455254ms] [LOG] [Fast Refresh] done in 26ms @ http://localhost:3000/_next/static/chunks/112__next_dist_1a10hyl._.js:782
[ 1455335ms] [LOG] [Fast Refresh] done in 26ms @ http://localhost:3000/_next/static/chunks/112__next_dist_1a10hyl._.js:782
[ 1455421ms] [LOG] [Fast Refresh] done in 26ms @ http://localhost:3000/_next/static/chunks/112__next_dist_1a10hyl._.js:782
[ 1455488ms] [LOG] [Fast Refresh] done in 26ms @ http://localhost:3000/_next/static/chunks/112__next_dist_1a10hyl._.js:782
[ 1455531ms] [LOG] [Fast Refresh] done in 26ms @ http://localhost:3000/_next/static/chunks/112__next_dist_1a10hyl._.js:782
[ 1455637ms] [LOG] [Fast Refresh] done in 26ms @ http://localhost:3000/_next/static/chunks/112__next_dist_1a10hyl._.js:782
[ 1455676ms] [LOG] [Fast Refresh] done in 26ms @ http://localhost:3000/_next/static/chunks/112__next_dist_1a10hyl._.js:782
[ 1455725ms] [LOG] [Fast Refresh] done in 26ms @ http://localhost:3000/_next/static/chunks/112__next_dist_1a10hyl._.js:782
[ 1455807ms] [LOG] [Fast Refresh] done in 26ms @ http://localhost:3000/_next/static/chunks/112__next_dist_1a10hyl._.js:782
[ 1455884ms] [LOG] [Fast Refresh] done in 26ms @ http://localhost:3000/_next/static/chunks/112__next_dist_1a10hyl._.js:782
[ 1455946ms] [LOG] [Fast Refresh] done in 26ms @ http://localhost:3000/_next/static/chunks/112__next_dist_1a10hyl._.js:782
[ 1456030ms] [LOG] [Fast Refresh] done in 26ms @ http://localhost:3000/_next/static/chunks/112__next_dist_1a10hyl._.js:782
[ 1456097ms] [LOG] [Fast Refresh] done in 26ms @ http://localhost:3000/_next/static/chunks/112__next_dist_1a10hyl._.js:782
[ 1456261ms] [LOG] [Fast Refresh] done in 26ms @ http://localhost:3000/_next/static/chunks/112__next_dist_1a10hyl._.js:782
[ 1459828ms] [LOG] [Fast Refresh] done in 26ms @ http://localhost:3000/_next/static/chunks/112__next_dist_1a10hyl._.js:782
[ 1460017ms] [LOG] [Fast Refresh] done in 26ms @ http://localhost:3000/_next/static/chunks/112__next_dist_1a10hyl._.js:782
[ 1479419ms] [INFO] [2026-09-02T02:18:14.342Z] INFO: Processing pending mutations {"count":2} @ http://localhost:3000/_next/static/chunks/112__next_dist_1a10hyl._.js:782
[ 1479419ms] [WARNING] [2026-09-02T02:18:14.343Z] WARN: Mutation exceeded max retry attempts {"id":"aa1fa5af-c59c-48d4-bdf0-8d0d6b30d542","attempts":5,"entityType":"trip","lastError":"new row violates row-level security policy for table \"trips\""} @ http://localhost:3000/_next/static/chunks/112__next_dist_1a10hyl._.js:782
[ 1479419ms] [WARNING] [2026-09-02T02:18:14.343Z] WARN: Skipping mutation that exceeded max retries {"id":"aa1fa5af-c59c-48d4-bdf0-8d0d6b30d542","attempts":5,"entityType":"trip"} @ http://localhost:3000/_next/static/chunks/112__next_dist_1a10hyl._.js:782
[ 1479419ms] [WARNING] [2026-09-02T02:18:14.343Z] WARN: Mutation exceeded max retry attempts {"id":"bf7070d8-0bd1-4b7a-9e6c-8666ab0ddcb8","attempts":5,"entityType":"tripMember","lastError":"new row violates row-level security policy for table \"trip_members\""} @ http://localhost:3000/_next/static/chunks/112__next_dist_1a10hyl._.js:782
[ 1479419ms] [WARNING] [2026-09-02T02:18:14.343Z] WARN: Skipping mutation that exceeded max retries {"id":"bf7070d8-0bd1-4b7a-9e6c-8666ab0ddcb8","attempts":5,"entityType":"tripMember"} @ http://localhost:3000/_next/static/chunks/112__next_dist_1a10hyl._.js:782
[ 1480972ms] [INFO] [2026-09-02T02:18:15.896Z] INFO: Sync completed {"duration":1563,"successCount":0,"failureCount":0,"skippedCount":2,"remainingPending":2,"status":"error","diagnostics":{"totalAttempts":6,"successfulSyncs":2,"failedSyncs":0,"averageDuration":1514}} @ http://localhost:3000/_next/static/chunks/112__next_dist_1a10hyl._.js:782
[ 1484493ms] [INFO] [2026-09-02T02:18:19.416Z] INFO: Processing pending mutations {"count":2} @ http://localhost:3000/_next/static/chunks/112__next_dist_1a10hyl._.js:782
[ 1484493ms] [WARNING] [2026-09-02T02:18:19.416Z] WARN: Mutation exceeded max retry attempts {"id":"aa1fa5af-c59c-48d4-bdf0-8d0d6b30d542","attempts":5,"entityType":"trip","lastError":"new row violates row-level security policy for table \"trips\""} @ http://localhost:3000/_next/static/chunks/112__next_dist_1a10hyl._.js:782
[ 1484493ms] [WARNING] [2026-09-02T02:18:19.417Z] WARN: Skipping mutation that exceeded max retries {"id":"aa1fa5af-c59c-48d4-bdf0-8d0d6b30d542","attempts":5,"entityType":"trip"} @ http://localhost:3000/_next/static/chunks/112__next_dist_1a10hyl._.js:782
[ 1484493ms] [WARNING] [2026-09-02T02:18:19.417Z] WARN: Mutation exceeded max retry attempts {"id":"bf7070d8-0bd1-4b7a-9e6c-8666ab0ddcb8","attempts":5,"entityType":"tripMember","lastError":"new row violates row-level security policy for table \"trip_members\""} @ http://localhost:3000/_next/static/chunks/112__next_dist_1a10hyl._.js:782
[ 1484493ms] [WARNING] [2026-09-02T02:18:19.417Z] WARN: Skipping mutation that exceeded max retries {"id":"bf7070d8-0bd1-4b7a-9e6c-8666ab0ddcb8","attempts":5,"entityType":"tripMember"} @ http://localhost:3000/_next/static/chunks/112__next_dist_1a10hyl._.js:782
[ 1485992ms] [INFO] [2026-09-02T02:18:20.915Z] INFO: Sync completed {"duration":1504,"successCount":0,"failureCount":0,"skippedCount":2,"remainingPending":2,"status":"error","diagnostics":{"totalAttempts":7,"successfulSyncs":3,"failedSyncs":0,"averageDuration":1510.6666666666667}} @ http://localhost:3000/_next/static/chunks/112__next_dist_1a10hyl._.js:782
[ 1486751ms] [LOG] %c Console Ninja extension is connected to Next.js browser, background: rgb(30,30,30); color: rgb(255,213,92) see https://tinyurl.com/2vt8jxzw for more info. @ :0
[ 1486754ms] [INFO] %cDownload the React DevTools for a better development experience: https://react.dev/link/react-devtools font-weight:bold @ http://localhost:3000/_next/static/chunks/112__next_dist_1a10hyl._.js:782
[ 1486762ms] [LOG] [HMR] connected @ http://localhost:3000/_next/static/chunks/112__next_dist_1a10hyl._.js:782
[ 1486807ms] Error: Hydration failed because the server rendered HTML didn't match the client. As a result this tree will be regenerated on the client. This can happen if a SSR-ed Client Component used:

- A server/client branch `if (typeof window !== 'undefined')`.
- Variable input such as `Date.now()` or `Math.random()` which changes each time it's called.
- Date formatting in a user's locale which doesn't match the server.
- External changing data without sending a snapshot of it along with the HTML.
- Invalid HTML tag nesting.

It can also happen if the client has a browser extension installed which messes with the HTML before React loaded.

https://react.dev/link/hydration-mismatch

  ...
    <ErrorBoundary errorComponent={undefined} errorStyles={undefined} errorScripts={undefined}>
      <LoadingBoundary name="/" loading={null}>
        <HTTPAccessFallbackBoundary notFound={{...}} forbidden={undefined} unauthorized={undefined}>
          <HTTPAccessFallbackErrorBoundary pathname="/trips" notFound={{...}} forbidden={undefined} ...>
            <RedirectBoundary>
              <RedirectErrorBoundary router={{...}}>
                <InnerLayoutRouter url="/trips" tree={[...]} params={{}} cacheNode={{rsc:{...}, ...}} segmentPath={[...]} ...>
                  <SegmentViewNode type="layout" pagePath="(app)/layo...">
                    <SegmentTrieNode>
                    <script>
                    <script>
                    <script>
                    <script>
                    <script>
                    <script>
                    <script>
                    <script>
                    <AuthenticatedLayout>
                      <SyncProvider userId="94ff7e22-1...">
                        <AppShell userLabel="Aby Garcia">
                          <div className="min-h-dvh ...">
                            <a>
+                           <aside
+                             className="fixed inset-y-0 left-0 hidden w-64 border-r bg-card p-5 lg:flex lg:flex-col"
+                           >
-                           <div
-                             role="status"
-                             className="bg-accent px-4 py-2 text-center text-sm text-accent-foreground"
-                           >
                            ...
                ...
    ...

    at throwOnHydrationMismatch (http://localhost:3000/_next/static/chunks/112__next_dist_compiled_react-dom_0fo5_73._.js:3120:56)
    at beginWork (http://localhost:3000/_next/static/chunks/112__next_dist_compiled_react-dom_0fo5_73._.js:6585:918)
    at runWithFiberInDEV (http://localhost:3000/_next/static/chunks/112__next_dist_compiled_react-dom_0fo5_73._.js:761:74)
    at performUnitOfWork (http://localhost:3000/_next/static/chunks/112__next_dist_compiled_react-dom_0fo5_73._.js:9385:97)
    at workLoopConcurrentByScheduler (http://localhost:3000/_next/static/chunks/112__next_dist_compiled_react-dom_0fo5_73._.js:9381:58)
    at renderRootConcurrent (http://localhost:3000/_next/static/chunks/112__next_dist_compiled_react-dom_0fo5_73._.js:9364:71)
    at performWorkOnRoot (http://localhost:3000/_next/static/chunks/112__next_dist_compiled_react-dom_0fo5_73._.js:8891:150)
    at performWorkOnRootViaSchedulerTask (http://localhost:3000/_next/static/chunks/112__next_dist_compiled_react-dom_0fo5_73._.js:10085:9)
    at MessagePort.performWorkUntilDeadline (http://localhost:3000/_next/static/chunks/112__next_dist_compiled_008ppkl._.js:2647:64)
[ 1486804ms] [INFO] [2026-09-02T02:18:21.728Z] INFO: Starting sync engine @ http://localhost:3000/_next/static/chunks/112__next_dist_1a10hyl._.js:782
[ 1486807ms] [INFO] [2026-09-02T02:18:21.730Z] INFO: Stopping sync engine @ http://localhost:3000/_next/static/chunks/112__next_dist_1a10hyl._.js:782
[ 1486808ms] [INFO] [2026-09-02T02:18:21.731Z] INFO: Starting sync engine @ http://localhost:3000/_next/static/chunks/112__next_dist_1a10hyl._.js:782
[ 1486837ms] [INFO] [2026-09-02T02:18:21.760Z] INFO: Processing pending mutations {"count":2} @ http://localhost:3000/_next/static/chunks/112__next_dist_1a10hyl._.js:782
[ 1486837ms] [WARNING] [2026-09-02T02:18:21.760Z] WARN: Mutation exceeded max retry attempts {"id":"aa1fa5af-c59c-48d4-bdf0-8d0d6b30d542","attempts":5,"entityType":"trip","lastError":"new row violates row-level security policy for table \"trips\""} @ http://localhost:3000/_next/static/chunks/112__next_dist_1a10hyl._.js:782
[ 1486837ms] [WARNING] [2026-09-02T02:18:21.760Z] WARN: Skipping mutation that exceeded max retries {"id":"aa1fa5af-c59c-48d4-bdf0-8d0d6b30d542","attempts":5,"entityType":"trip"} @ http://localhost:3000/_next/static/chunks/112__next_dist_1a10hyl._.js:782
[ 1486837ms] [WARNING] [2026-09-02T02:18:21.760Z] WARN: Mutation exceeded max retry attempts {"id":"bf7070d8-0bd1-4b7a-9e6c-8666ab0ddcb8","attempts":5,"entityType":"tripMember","lastError":"new row violates row-level security policy for table \"trip_members\""} @ http://localhost:3000/_next/static/chunks/112__next_dist_1a10hyl._.js:782
[ 1486837ms] [WARNING] [2026-09-02T02:18:21.760Z] WARN: Skipping mutation that exceeded max retries {"id":"bf7070d8-0bd1-4b7a-9e6c-8666ab0ddcb8","attempts":5,"entityType":"tripMember"} @ http://localhost:3000/_next/static/chunks/112__next_dist_1a10hyl._.js:782
[ 1487942ms] [INFO] [2026-09-02T02:18:22.866Z] INFO: Sync completed {"duration":1137,"successCount":0,"failureCount":0,"skippedCount":2,"remainingPending":5,"status":"error","diagnostics":{"totalAttempts":1,"successfulSyncs":1,"failedSyncs":0,"averageDuration":1137}} @ http://localhost:3000/_next/static/chunks/112__next_dist_1a10hyl._.js:782
[ 1496115ms] [LOG] [Fast Refresh] rebuilding @ http://localhost:3000/_next/static/chunks/112__next_dist_1a10hyl._.js:782
[ 1496205ms] [LOG] [Fast Refresh] done in 191ms @ http://localhost:3000/_next/static/chunks/112__next_dist_1a10hyl._.js:782
[ 1703238ms] [LOG] [Fast Refresh] rebuilding @ http://localhost:3000/_next/static/chunks/112__next_dist_1a10hyl._.js:782
[ 1703283ms] [LOG] [Fast Refresh] done in 12ms @ http://localhost:3000/_next/static/chunks/112__next_dist_1a10hyl._.js:782
[ 1703454ms] [LOG] [Fast Refresh] done in 12ms @ http://localhost:3000/_next/static/chunks/112__next_dist_1a10hyl._.js:782
[ 1703623ms] [LOG] [Fast Refresh] done in 12ms @ http://localhost:3000/_next/static/chunks/112__next_dist_1a10hyl._.js:782
[ 1703765ms] [LOG] [Fast Refresh] done in 12ms @ http://localhost:3000/_next/static/chunks/112__next_dist_1a10hyl._.js:782
[ 1710181ms] [LOG] [Fast Refresh] rebuilding @ http://localhost:3000/_next/static/chunks/112__next_dist_1a10hyl._.js:782
[ 1710228ms] [LOG] [Fast Refresh] done in 10ms @ http://localhost:3000/_next/static/chunks/112__next_dist_1a10hyl._.js:782
[ 1710361ms] [LOG] [Fast Refresh] done in 10ms @ http://localhost:3000/_next/static/chunks/112__next_dist_1a10hyl._.js:782
[ 1710424ms] [LOG] [Fast Refresh] done in 10ms @ http://localhost:3000/_next/static/chunks/112__next_dist_1a10hyl._.js:782
[ 1710516ms] [LOG] [Fast Refresh] done in 10ms @ http://localhost:3000/_next/static/chunks/112__next_dist_1a10hyl._.js:782
[ 1710668ms] [LOG] [Fast Refresh] done in 10ms @ http://localhost:3000/_next/static/chunks/112__next_dist_1a10hyl._.js:782
[ 1718940ms] [LOG] [Fast Refresh] rebuilding @ http://localhost:3000/_next/static/chunks/112__next_dist_1a10hyl._.js:782
[ 1718981ms] [LOG] [Fast Refresh] done in 2ms @ http://localhost:3000/_next/static/chunks/112__next_dist_1a10hyl._.js:782
[ 1719115ms] [LOG] [Fast Refresh] done in 2ms @ http://localhost:3000/_next/static/chunks/112__next_dist_1a10hyl._.js:782
[ 1719146ms] [LOG] [Fast Refresh] done in 2ms @ http://localhost:3000/_next/static/chunks/112__next_dist_1a10hyl._.js:782
[ 1719284ms] [LOG] [Fast Refresh] done in 2ms @ http://localhost:3000/_next/static/chunks/112__next_dist_1a10hyl._.js:782
[ 1719444ms] [LOG] [Fast Refresh] done in 2ms @ http://localhost:3000/_next/static/chunks/112__next_dist_1a10hyl._.js:782
[ 1726508ms] [LOG] [Fast Refresh] rebuilding @ http://localhost:3000/_next/static/chunks/112__next_dist_1a10hyl._.js:782
[ 1726547ms] [LOG] [Fast Refresh] done in 2ms @ http://localhost:3000/_next/static/chunks/112__next_dist_1a10hyl._.js:782
[ 1726715ms] [LOG] [Fast Refresh] done in 2ms @ http://localhost:3000/_next/static/chunks/112__next_dist_1a10hyl._.js:782
[ 1726815ms] [INFO] [2026-09-02T02:22:21.739Z] INFO: Processing pending mutations {"count":2} @ http://localhost:3000/_next/static/chunks/112__next_dist_1a10hyl._.js:782
[ 1726815ms] [WARNING] [2026-09-02T02:22:21.739Z] WARN: Mutation exceeded max retry attempts {"id":"aa1fa5af-c59c-48d4-bdf0-8d0d6b30d542","attempts":5,"entityType":"trip","lastError":"new row violates row-level security policy for table \"trips\""} @ http://localhost:3000/_next/static/chunks/112__next_dist_1a10hyl._.js:782
[ 1726816ms] [WARNING] [2026-09-02T02:22:21.739Z] WARN: Skipping mutation that exceeded max retries {"id":"aa1fa5af-c59c-48d4-bdf0-8d0d6b30d542","attempts":5,"entityType":"trip"} @ http://localhost:3000/_next/static/chunks/112__next_dist_1a10hyl._.js:782
[ 1726816ms] [WARNING] [2026-09-02T02:22:21.739Z] WARN: Mutation exceeded max retry attempts {"id":"bf7070d8-0bd1-4b7a-9e6c-8666ab0ddcb8","attempts":5,"entityType":"tripMember","lastError":"new row violates row-level security policy for table \"trip_members\""} @ http://localhost:3000/_next/static/chunks/112__next_dist_1a10hyl._.js:782
[ 1726816ms] [WARNING] [2026-09-02T02:22:21.739Z] WARN: Skipping mutation that exceeded max retries {"id":"bf7070d8-0bd1-4b7a-9e6c-8666ab0ddcb8","attempts":5,"entityType":"tripMember"} @ http://localhost:3000/_next/static/chunks/112__next_dist_1a10hyl._.js:782
[ 1726858ms] [LOG] [Fast Refresh] done in 2ms @ http://localhost:3000/_next/static/chunks/112__next_dist_1a10hyl._.js:782
[ 1727014ms] [LOG] [Fast Refresh] done in 2ms @ http://localhost:3000/_next/static/chunks/112__next_dist_1a10hyl._.js:782
[ 1727128ms] [LOG] [Fast Refresh] done in 2ms @ http://localhost:3000/_next/static/chunks/112__next_dist_1a10hyl._.js:782
[ 1727319ms] [LOG] [Fast Refresh] done in 2ms @ http://localhost:3000/_next/static/chunks/112__next_dist_1a10hyl._.js:782
[ 1727539ms] [LOG] [Fast Refresh] done in 2ms @ http://localhost:3000/_next/static/chunks/112__next_dist_1a10hyl._.js:782
[ 1727774ms] [LOG] [Fast Refresh] done in 2ms @ http://localhost:3000/_next/static/chunks/112__next_dist_1a10hyl._.js:782
[ 1727947ms] [LOG] [Fast Refresh] done in 2ms @ http://localhost:3000/_next/static/chunks/112__next_dist_1a10hyl._.js:782
[ 1728054ms] [LOG] [Fast Refresh] done in 2ms @ http://localhost:3000/_next/static/chunks/112__next_dist_1a10hyl._.js:782
[ 1728134ms] [LOG] [Fast Refresh] done in 2ms @ http://localhost:3000/_next/static/chunks/112__next_dist_1a10hyl._.js:782
[ 1728196ms] [LOG] [Fast Refresh] done in 2ms @ http://localhost:3000/_next/static/chunks/112__next_dist_1a10hyl._.js:782
[ 1728248ms] [LOG] [Fast Refresh] done in 2ms @ http://localhost:3000/_next/static/chunks/112__next_dist_1a10hyl._.js:782
[ 1728290ms] [LOG] [Fast Refresh] done in 2ms @ http://localhost:3000/_next/static/chunks/112__next_dist_1a10hyl._.js:782
[ 1728340ms] [LOG] [Fast Refresh] done in 2ms @ http://localhost:3000/_next/static/chunks/112__next_dist_1a10hyl._.js:782
[ 1728385ms] [LOG] [Fast Refresh] done in 2ms @ http://localhost:3000/_next/static/chunks/112__next_dist_1a10hyl._.js:782
[ 1728427ms] [LOG] [Fast Refresh] done in 2ms @ http://localhost:3000/_next/static/chunks/112__next_dist_1a10hyl._.js:782
[ 1728525ms] [LOG] [Fast Refresh] done in 2ms @ http://localhost:3000/_next/static/chunks/112__next_dist_1a10hyl._.js:782
[ 1728578ms] [LOG] [Fast Refresh] done in 2ms @ http://localhost:3000/_next/static/chunks/112__next_dist_1a10hyl._.js:782
[ 1728621ms] [LOG] [Fast Refresh] done in 2ms @ http://localhost:3000/_next/static/chunks/112__next_dist_1a10hyl._.js:782
[ 1728669ms] [LOG] [Fast Refresh] done in 2ms @ http://localhost:3000/_next/static/chunks/112__next_dist_1a10hyl._.js:782
[ 1728749ms] [LOG] [Fast Refresh] done in 2ms @ http://localhost:3000/_next/static/chunks/112__next_dist_1a10hyl._.js:782
[ 1728807ms] [LOG] [Fast Refresh] done in 2ms @ http://localhost:3000/_next/static/chunks/112__next_dist_1a10hyl._.js:782
[ 1728849ms] [LOG] [Fast Refresh] done in 2ms @ http://localhost:3000/_next/static/chunks/112__next_dist_1a10hyl._.js:782
[ 1728889ms] [LOG] [Fast Refresh] done in 2ms @ http://localhost:3000/_next/static/chunks/112__next_dist_1a10hyl._.js:782
[ 1728935ms] [LOG] [Fast Refresh] done in 2ms @ http://localhost:3000/_next/static/chunks/112__next_dist_1a10hyl._.js:782
[ 1728985ms] [LOG] [Fast Refresh] done in 2ms @ http://localhost:3000/_next/static/chunks/112__next_dist_1a10hyl._.js:782
[ 1729023ms] [LOG] [Fast Refresh] done in 2ms @ http://localhost:3000/_next/static/chunks/112__next_dist_1a10hyl._.js:782
[ 1729059ms] [INFO] [2026-09-02T02:22:23.982Z] INFO: Sync completed {"duration":2246,"successCount":0,"failureCount":0,"skippedCount":2,"remainingPending":2,"status":"error","diagnostics":{"totalAttempts":11,"successfulSyncs":2,"failedSyncs":0,"averageDuration":1691.5}} @ http://localhost:3000/_next/static/chunks/112__next_dist_1a10hyl._.js:782
[ 1729116ms] [LOG] [Fast Refresh] done in 2ms @ http://localhost:3000/_next/static/chunks/112__next_dist_1a10hyl._.js:782
[ 1729153ms] [LOG] [Fast Refresh] done in 2ms @ http://localhost:3000/_next/static/chunks/112__next_dist_1a10hyl._.js:782
[ 1729202ms] [LOG] [Fast Refresh] done in 2ms @ http://localhost:3000/_next/static/chunks/112__next_dist_1a10hyl._.js:782
[ 1729244ms] [LOG] [Fast Refresh] done in 2ms @ http://localhost:3000/_next/static/chunks/112__next_dist_1a10hyl._.js:782
[ 1729343ms] [LOG] [Fast Refresh] done in 2ms @ http://localhost:3000/_next/static/chunks/112__next_dist_1a10hyl._.js:782
[ 1740726ms] [LOG] [Fast Refresh] rebuilding @ http://localhost:3000/_next/static/chunks/112__next_dist_1a10hyl._.js:782
[ 1740774ms] [LOG] [Fast Refresh] done in 4ms @ http://localhost:3000/_next/static/chunks/112__next_dist_1a10hyl._.js:782
[ 1741012ms] [LOG] [Fast Refresh] done in 4ms @ http://localhost:3000/_next/static/chunks/112__next_dist_1a10hyl._.js:782
[ 1741045ms] [LOG] [Fast Refresh] done in 4ms @ http://localhost:3000/_next/static/chunks/112__next_dist_1a10hyl._.js:782
[ 1741180ms] [LOG] [Fast Refresh] done in 4ms @ http://localhost:3000/_next/static/chunks/112__next_dist_1a10hyl._.js:782
[ 1741321ms] [LOG] [Fast Refresh] done in 4ms @ http://localhost:3000/_next/static/chunks/112__next_dist_1a10hyl._.js:782
[ 1751624ms] [LOG] [Fast Refresh] done in 4ms @ http://localhost:3000/_next/static/chunks/112__next_dist_1a10hyl._.js:782
[ 1756815ms] [INFO] [2026-09-02T02:22:51.738Z] INFO: Processing pending mutations {"count":2} @ http://localhost:3000/_next/static/chunks/112__next_dist_1a10hyl._.js:782
[ 1756815ms] [WARNING] [2026-09-02T02:22:51.738Z] WARN: Mutation exceeded max retry attempts {"id":"aa1fa5af-c59c-48d4-bdf0-8d0d6b30d542","attempts":5,"entityType":"trip","lastError":"new row violates row-level security policy for table \"trips\""} @ http://localhost:3000/_next/static/chunks/112__next_dist_1a10hyl._.js:782
[ 1756815ms] [WARNING] [2026-09-02T02:22:51.738Z] WARN: Skipping mutation that exceeded max retries {"id":"aa1fa5af-c59c-48d4-bdf0-8d0d6b30d542","attempts":5,"entityType":"trip"} @ http://localhost:3000/_next/static/chunks/112__next_dist_1a10hyl._.js:782
[ 1756815ms] [WARNING] [2026-09-02T02:22:51.738Z] WARN: Mutation exceeded max retry attempts {"id":"bf7070d8-0bd1-4b7a-9e6c-8666ab0ddcb8","attempts":5,"entityType":"tripMember","lastError":"new row violates row-level security policy for table \"trip_members\""} @ http://localhost:3000/_next/static/chunks/112__next_dist_1a10hyl._.js:782
[ 1756815ms] [WARNING] [2026-09-02T02:22:51.738Z] WARN: Skipping mutation that exceeded max retries {"id":"bf7070d8-0bd1-4b7a-9e6c-8666ab0ddcb8","attempts":5,"entityType":"tripMember"} @ http://localhost:3000/_next/static/chunks/112__next_dist_1a10hyl._.js:782
[ 1757084ms] [LOG] [Fast Refresh] done in 4ms @ http://localhost:3000/_next/static/chunks/112__next_dist_1a10hyl._.js:782
[ 1757301ms] [LOG] [Fast Refresh] done in 4ms @ http://localhost:3000/_next/static/chunks/112__next_dist_1a10hyl._.js:782
[ 1757490ms] [LOG] [Fast Refresh] done in 4ms @ http://localhost:3000/_next/static/chunks/112__next_dist_1a10hyl._.js:782
[ 1757675ms] [LOG] [Fast Refresh] done in 4ms @ http://localhost:3000/_next/static/chunks/112__next_dist_1a10hyl._.js:782
[ 1757867ms] [LOG] [Fast Refresh] done in 4ms @ http://localhost:3000/_next/static/chunks/112__next_dist_1a10hyl._.js:782
[ 1758055ms] [LOG] [Fast Refresh] done in 4ms @ http://localhost:3000/_next/static/chunks/112__next_dist_1a10hyl._.js:782
[ 1758223ms] [LOG] [Fast Refresh] done in 4ms @ http://localhost:3000/_next/static/chunks/112__next_dist_1a10hyl._.js:782
[ 1758431ms] [LOG] [Fast Refresh] done in 4ms @ http://localhost:3000/_next/static/chunks/112__next_dist_1a10hyl._.js:782
[ 1758630ms] [LOG] [Fast Refresh] done in 4ms @ http://localhost:3000/_next/static/chunks/112__next_dist_1a10hyl._.js:782
[ 1758830ms] [LOG] [Fast Refresh] done in 4ms @ http://localhost:3000/_next/static/chunks/112__next_dist_1a10hyl._.js:782
[ 1758945ms] [INFO] [2026-09-02T02:22:53.869Z] INFO: Sync completed {"duration":2132,"successCount":0,"failureCount":0,"skippedCount":2,"remainingPending":2,"status":"error","diagnostics":{"totalAttempts":12,"successfulSyncs":3,"failedSyncs":0,"averageDuration":1838.3333333333333}} @ http://localhost:3000/_next/static/chunks/112__next_dist_1a10hyl._.js:782
[ 1759010ms] [LOG] [Fast Refresh] done in 4ms @ http://localhost:3000/_next/static/chunks/112__next_dist_1a10hyl._.js:782
[ 1759859ms] [LOG] [Fast Refresh] done in 4ms @ http://localhost:3000/_next/static/chunks/112__next_dist_1a10hyl._.js:782
[ 1759987ms] [LOG] [Fast Refresh] done in 4ms @ http://localhost:3000/_next/static/chunks/112__next_dist_1a10hyl._.js:782
[ 1760114ms] [LOG] [Fast Refresh] done in 4ms @ http://localhost:3000/_next/static/chunks/112__next_dist_1a10hyl._.js:782
[ 1760197ms] [LOG] [Fast Refresh] done in 4ms @ http://localhost:3000/_next/static/chunks/112__next_dist_1a10hyl._.js:782
[ 1760287ms] [LOG] [Fast Refresh] done in 4ms @ http://localhost:3000/_next/static/chunks/112__next_dist_1a10hyl._.js:782
[ 1760339ms] [LOG] [Fast Refresh] done in 4ms @ http://localhost:3000/_next/static/chunks/112__next_dist_1a10hyl._.js:782
[ 1760435ms] [LOG] [Fast Refresh] done in 4ms @ http://localhost:3000/_next/static/chunks/112__next_dist_1a10hyl._.js:782
[ 1760476ms] [LOG] [Fast Refresh] done in 4ms @ http://localhost:3000/_next/static/chunks/112__next_dist_1a10hyl._.js:782
[ 1760528ms] [LOG] [Fast Refresh] done in 4ms @ http://localhost:3000/_next/static/chunks/112__next_dist_1a10hyl._.js:782
[ 1760566ms] [LOG] [Fast Refresh] done in 4ms @ http://localhost:3000/_next/static/chunks/112__next_dist_1a10hyl._.js:782
[ 1760611ms] [LOG] [Fast Refresh] done in 4ms @ http://localhost:3000/_next/static/chunks/112__next_dist_1a10hyl._.js:782
[ 1760669ms] [LOG] [Fast Refresh] done in 4ms @ http://localhost:3000/_next/static/chunks/112__next_dist_1a10hyl._.js:782
[ 1760745ms] [LOG] [Fast Refresh] done in 4ms @ http://localhost:3000/_next/static/chunks/112__next_dist_1a10hyl._.js:782
[ 1760831ms] [LOG] [Fast Refresh] done in 4ms @ http://localhost:3000/_next/static/chunks/112__next_dist_1a10hyl._.js:782
[ 1760887ms] [LOG] [Fast Refresh] done in 4ms @ http://localhost:3000/_next/static/chunks/112__next_dist_1a10hyl._.js:782
[ 1760931ms] [LOG] [Fast Refresh] done in 4ms @ http://localhost:3000/_next/static/chunks/112__next_dist_1a10hyl._.js:782
[ 1760985ms] [LOG] [Fast Refresh] done in 4ms @ http://localhost:3000/_next/static/chunks/112__next_dist_1a10hyl._.js:782
[ 1761026ms] [LOG] [Fast Refresh] done in 4ms @ http://localhost:3000/_next/static/chunks/112__next_dist_1a10hyl._.js:782
[ 1761081ms] [LOG] [Fast Refresh] done in 4ms @ http://localhost:3000/_next/static/chunks/112__next_dist_1a10hyl._.js:782
[ 1761118ms] [LOG] [Fast Refresh] done in 4ms @ http://localhost:3000/_next/static/chunks/112__next_dist_1a10hyl._.js:782
[ 1761164ms] [LOG] [Fast Refresh] done in 4ms @ http://localhost:3000/_next/static/chunks/112__next_dist_1a10hyl._.js:782
[ 1761210ms] [LOG] [Fast Refresh] done in 4ms @ http://localhost:3000/_next/static/chunks/112__next_dist_1a10hyl._.js:782
[ 1761257ms] [LOG] [Fast Refresh] done in 4ms @ http://localhost:3000/_next/static/chunks/112__next_dist_1a10hyl._.js:782
[ 1761296ms] [LOG] [Fast Refresh] done in 4ms @ http://localhost:3000/_next/static/chunks/112__next_dist_1a10hyl._.js:782
[ 1761350ms] [LOG] [Fast Refresh] done in 4ms @ http://localhost:3000/_next/static/chunks/112__next_dist_1a10hyl._.js:782
[ 1761388ms] [LOG] [Fast Refresh] done in 4ms @ http://localhost:3000/_next/static/chunks/112__next_dist_1a10hyl._.js:782
[ 1761432ms] [LOG] [Fast Refresh] done in 4ms @ http://localhost:3000/_next/static/chunks/112__next_dist_1a10hyl._.js:782
[ 1761478ms] [LOG] [Fast Refresh] done in 4ms @ http://localhost:3000/_next/static/chunks/112__next_dist_1a10hyl._.js:782
[ 1761529ms] [LOG] [Fast Refresh] done in 4ms @ http://localhost:3000/_next/static/chunks/112__next_dist_1a10hyl._.js:782
[ 1761626ms] [LOG] [Fast Refresh] done in 4ms @ http://localhost:3000/_next/static/chunks/112__next_dist_1a10hyl._.js:782
[ 1772783ms] [LOG] [Fast Refresh] rebuilding @ http://localhost:3000/_next/static/chunks/112__next_dist_1a10hyl._.js:782
[ 1772825ms] [LOG] [Fast Refresh] done in 4ms @ http://localhost:3000/_next/static/chunks/112__next_dist_1a10hyl._.js:782
[ 1773085ms] [LOG] [Fast Refresh] done in 4ms @ http://localhost:3000/_next/static/chunks/112__next_dist_1a10hyl._.js:782
[ 1773154ms] [LOG] [Fast Refresh] done in 4ms @ http://localhost:3000/_next/static/chunks/112__next_dist_1a10hyl._.js:782
[ 1773305ms] [LOG] [Fast Refresh] done in 4ms @ http://localhost:3000/_next/static/chunks/112__next_dist_1a10hyl._.js:782
[ 1773450ms] [LOG] [Fast Refresh] done in 4ms @ http://localhost:3000/_next/static/chunks/112__next_dist_1a10hyl._.js:782
[ 1786821ms] [INFO] [2026-09-02T02:23:21.745Z] INFO: Processing pending mutations {"count":2} @ http://localhost:3000/_next/static/chunks/112__next_dist_1a10hyl._.js:782
[ 1786821ms] [WARNING] [2026-09-02T02:23:21.745Z] WARN: Mutation exceeded max retry attempts {"id":"aa1fa5af-c59c-48d4-bdf0-8d0d6b30d542","attempts":5,"entityType":"trip","lastError":"new row violates row-level security policy for table \"trips\""} @ http://localhost:3000/_next/static/chunks/112__next_dist_1a10hyl._.js:782
[ 1786822ms] [WARNING] [2026-09-02T02:23:21.745Z] WARN: Skipping mutation that exceeded max retries {"id":"aa1fa5af-c59c-48d4-bdf0-8d0d6b30d542","attempts":5,"entityType":"trip"} @ http://localhost:3000/_next/static/chunks/112__next_dist_1a10hyl._.js:782
[ 1786822ms] [WARNING] [2026-09-02T02:23:21.745Z] WARN: Mutation exceeded max retry attempts {"id":"bf7070d8-0bd1-4b7a-9e6c-8666ab0ddcb8","attempts":5,"entityType":"tripMember","lastError":"new row violates row-level security policy for table \"trip_members\""} @ http://localhost:3000/_next/static/chunks/112__next_dist_1a10hyl._.js:782
[ 1786822ms] [WARNING] [2026-09-02T02:23:21.745Z] WARN: Skipping mutation that exceeded max retries {"id":"bf7070d8-0bd1-4b7a-9e6c-8666ab0ddcb8","attempts":5,"entityType":"tripMember"} @ http://localhost:3000/_next/static/chunks/112__next_dist_1a10hyl._.js:782
[ 1787093ms] [LOG] [Fast Refresh] done in 14275ms @ http://localhost:3000/_next/static/chunks/112__next_dist_1a10hyl._.js:782
[ 1787251ms] [LOG] [Fast Refresh] done in 14275ms @ http://localhost:3000/_next/static/chunks/112__next_dist_1a10hyl._.js:782
[ 1787342ms] [LOG] [Fast Refresh] done in 14275ms @ http://localhost:3000/_next/static/chunks/112__next_dist_1a10hyl._.js:782
[ 1787466ms] [LOG] [Fast Refresh] done in 14275ms @ http://localhost:3000/_next/static/chunks/112__next_dist_1a10hyl._.js:782
[ 1787502ms] [LOG] [Fast Refresh] done in 14275ms @ http://localhost:3000/_next/static/chunks/112__next_dist_1a10hyl._.js:782
[ 1787669ms] [LOG] [Fast Refresh] done in 14275ms @ http://localhost:3000/_next/static/chunks/112__next_dist_1a10hyl._.js:782
[ 1787848ms] [LOG] [Fast Refresh] done in 14275ms @ http://localhost:3000/_next/static/chunks/112__next_dist_1a10hyl._.js:782
[ 1787940ms] [LOG] [Fast Refresh] done in 14275ms @ http://localhost:3000/_next/static/chunks/112__next_dist_1a10hyl._.js:782
[ 1787979ms] [LOG] [Fast Refresh] done in 14275ms @ http://localhost:3000/_next/static/chunks/112__next_dist_1a10hyl._.js:782
[ 1788059ms] [LOG] [Fast Refresh] done in 14275ms @ http://localhost:3000/_next/static/chunks/112__next_dist_1a10hyl._.js:782
[ 1788096ms] [LOG] [Fast Refresh] done in 14275ms @ http://localhost:3000/_next/static/chunks/112__next_dist_1a10hyl._.js:782
[ 1788196ms] [LOG] [Fast Refresh] done in 14275ms @ http://localhost:3000/_next/static/chunks/112__next_dist_1a10hyl._.js:782
[ 1788235ms] [LOG] [Fast Refresh] done in 14275ms @ http://localhost:3000/_next/static/chunks/112__next_dist_1a10hyl._.js:782
[ 1788364ms] [LOG] [Fast Refresh] done in 14275ms @ http://localhost:3000/_next/static/chunks/112__next_dist_1a10hyl._.js:782
[ 1788473ms] [LOG] [Fast Refresh] done in 14275ms @ http://localhost:3000/_next/static/chunks/112__next_dist_1a10hyl._.js:782
[ 1788514ms] [LOG] [Fast Refresh] done in 14275ms @ http://localhost:3000/_next/static/chunks/112__next_dist_1a10hyl._.js:782
[ 1788572ms] [LOG] [Fast Refresh] done in 14275ms @ http://localhost:3000/_next/static/chunks/112__next_dist_1a10hyl._.js:782
[ 1788615ms] [LOG] [Fast Refresh] done in 14275ms @ http://localhost:3000/_next/static/chunks/112__next_dist_1a10hyl._.js:782
[ 1788653ms] [LOG] [Fast Refresh] done in 14275ms @ http://localhost:3000/_next/static/chunks/112__next_dist_1a10hyl._.js:782
[ 1788780ms] [LOG] [Fast Refresh] done in 14275ms @ http://localhost:3000/_next/static/chunks/112__next_dist_1a10hyl._.js:782
[ 1788890ms] [LOG] [Fast Refresh] done in 14275ms @ http://localhost:3000/_next/static/chunks/112__next_dist_1a10hyl._.js:782
[ 1788946ms] [INFO] [2026-09-02T02:23:23.870Z] INFO: Sync completed {"duration":2132,"successCount":0,"failureCount":0,"skippedCount":2,"remainingPending":2,"status":"error","diagnostics":{"totalAttempts":13,"successfulSyncs":4,"failedSyncs":0,"averageDuration":1911.75}} @ http://localhost:3000/_next/static/chunks/112__next_dist_1a10hyl._.js:782
[ 1789021ms] [LOG] [Fast Refresh] done in 14275ms @ http://localhost:3000/_next/static/chunks/112__next_dist_1a10hyl._.js:782
[ 1789073ms] [LOG] [Fast Refresh] done in 14275ms @ http://localhost:3000/_next/static/chunks/112__next_dist_1a10hyl._.js:782
[ 1789121ms] [LOG] [Fast Refresh] done in 14275ms @ http://localhost:3000/_next/static/chunks/112__next_dist_1a10hyl._.js:782
[ 1789167ms] [LOG] [Fast Refresh] done in 14275ms @ http://localhost:3000/_next/static/chunks/112__next_dist_1a10hyl._.js:782
[ 1789295ms] [LOG] [Fast Refresh] done in 14275ms @ http://localhost:3000/_next/static/chunks/112__next_dist_1a10hyl._.js:782
[ 1789377ms] [LOG] [Fast Refresh] done in 14275ms @ http://localhost:3000/_next/static/chunks/112__next_dist_1a10hyl._.js:782
[ 1789470ms] [LOG] [Fast Refresh] done in 14275ms @ http://localhost:3000/_next/static/chunks/112__next_dist_1a10hyl._.js:782
[ 1789560ms] [LOG] [Fast Refresh] done in 14275ms @ http://localhost:3000/_next/static/chunks/112__next_dist_1a10hyl._.js:782
[ 1789659ms] [LOG] [Fast Refresh] done in 14275ms @ http://localhost:3000/_next/static/chunks/112__next_dist_1a10hyl._.js:782
[ 1789764ms] [LOG] [Fast Refresh] done in 14275ms @ http://localhost:3000/_next/static/chunks/112__next_dist_1a10hyl._.js:782
[ 1791647ms] [LOG] [Fast Refresh] done in 18830ms @ http://localhost:3000/_next/static/chunks/112__next_dist_1a10hyl._.js:782
[ 1791811ms] [LOG] [Fast Refresh] done in 18830ms @ http://localhost:3000/_next/static/chunks/112__next_dist_1a10hyl._.js:782
[ 1791957ms] [LOG] [Fast Refresh] done in 18830ms @ http://localhost:3000/_next/static/chunks/112__next_dist_1a10hyl._.js:782
[ 1792108ms] [LOG] [Fast Refresh] done in 18830ms @ http://localhost:3000/_next/static/chunks/112__next_dist_1a10hyl._.js:782
[ 1806816ms] [LOG] [Fast Refresh] rebuilding @ http://localhost:3000/_next/static/chunks/112__next_dist_1a10hyl._.js:782
[ 1806864ms] [LOG] [Fast Refresh] done in 13ms @ http://localhost:3000/_next/static/chunks/112__next_dist_1a10hyl._.js:782
[ 1807021ms] [LOG] [Fast Refresh] done in 13ms @ http://localhost:3000/_next/static/chunks/112__next_dist_1a10hyl._.js:782
[ 1807144ms] [LOG] [Fast Refresh] done in 13ms @ http://localhost:3000/_next/static/chunks/112__next_dist_1a10hyl._.js:782
[ 1807292ms] [LOG] [Fast Refresh] done in 13ms @ http://localhost:3000/_next/static/chunks/112__next_dist_1a10hyl._.js:782
[ 1813252ms] [LOG] [Fast Refresh] rebuilding @ http://localhost:3000/_next/static/chunks/112__next_dist_1a10hyl._.js:782
[ 1813298ms] [LOG] [Fast Refresh] done in 11ms @ http://localhost:3000/_next/static/chunks/112__next_dist_1a10hyl._.js:782
[ 1813451ms] [LOG] [Fast Refresh] done in 11ms @ http://localhost:3000/_next/static/chunks/112__next_dist_1a10hyl._.js:782
[ 1813573ms] [LOG] [Fast Refresh] done in 11ms @ http://localhost:3000/_next/static/chunks/112__next_dist_1a10hyl._.js:782
[ 1813605ms] [LOG] [Fast Refresh] done in 11ms @ http://localhost:3000/_next/static/chunks/112__next_dist_1a10hyl._.js:782
[ 1813746ms] [LOG] [Fast Refresh] done in 11ms @ http://localhost:3000/_next/static/chunks/112__next_dist_1a10hyl._.js:782
[ 1816800ms] [LOG] [Fast Refresh] done in 11ms @ http://localhost:3000/_next/static/chunks/112__next_dist_1a10hyl._.js:782
[ 1816817ms] [INFO] [2026-09-02T02:23:51.740Z] INFO: Processing pending mutations {"count":2} @ http://localhost:3000/_next/static/chunks/112__next_dist_1a10hyl._.js:782
[ 1816817ms] [WARNING] [2026-09-02T02:23:51.740Z] WARN: Mutation exceeded max retry attempts {"id":"aa1fa5af-c59c-48d4-bdf0-8d0d6b30d542","attempts":5,"entityType":"trip","lastError":"new row violates row-level security policy for table \"trips\""} @ http://localhost:3000/_next/static/chunks/112__next_dist_1a10hyl._.js:782
[ 1816817ms] [WARNING] [2026-09-02T02:23:51.740Z] WARN: Skipping mutation that exceeded max retries {"id":"aa1fa5af-c59c-48d4-bdf0-8d0d6b30d542","attempts":5,"entityType":"trip"} @ http://localhost:3000/_next/static/chunks/112__next_dist_1a10hyl._.js:782
[ 1816817ms] [WARNING] [2026-09-02T02:23:51.740Z] WARN: Mutation exceeded max retry attempts {"id":"bf7070d8-0bd1-4b7a-9e6c-8666ab0ddcb8","attempts":5,"entityType":"tripMember","lastError":"new row violates row-level security policy for table \"trip_members\""} @ http://localhost:3000/_next/static/chunks/112__next_dist_1a10hyl._.js:782
[ 1816817ms] [WARNING] [2026-09-02T02:23:51.740Z] WARN: Skipping mutation that exceeded max retries {"id":"bf7070d8-0bd1-4b7a-9e6c-8666ab0ddcb8","attempts":5,"entityType":"tripMember"} @ http://localhost:3000/_next/static/chunks/112__next_dist_1a10hyl._.js:782
[ 1816942ms] [LOG] [Fast Refresh] done in 11ms @ http://localhost:3000/_next/static/chunks/112__next_dist_1a10hyl._.js:782
[ 1817078ms] [LOG] [Fast Refresh] done in 11ms @ http://localhost:3000/_next/static/chunks/112__next_dist_1a10hyl._.js:782
[ 1817172ms] [LOG] [Fast Refresh] done in 11ms @ http://localhost:3000/_next/static/chunks/112__next_dist_1a10hyl._.js:782
[ 1817215ms] [LOG] [Fast Refresh] done in 11ms @ http://localhost:3000/_next/static/chunks/112__next_dist_1a10hyl._.js:782
[ 1817255ms] [LOG] [Fast Refresh] done in 11ms @ http://localhost:3000/_next/static/chunks/112__next_dist_1a10hyl._.js:782
[ 1817337ms] [LOG] [Fast Refresh] done in 11ms @ http://localhost:3000/_next/static/chunks/112__next_dist_1a10hyl._.js:782
[ 1817462ms] [LOG] [Fast Refresh] done in 11ms @ http://localhost:3000/_next/static/chunks/112__next_dist_1a10hyl._.js:782
[ 1817629ms] [LOG] [Fast Refresh] done in 11ms @ http://localhost:3000/_next/static/chunks/112__next_dist_1a10hyl._.js:782
[ 1817752ms] [LOG] [Fast Refresh] done in 11ms @ http://localhost:3000/_next/static/chunks/112__next_dist_1a10hyl._.js:782
[ 1817856ms] [LOG] [Fast Refresh] done in 11ms @ http://localhost:3000/_next/static/chunks/112__next_dist_1a10hyl._.js:782
[ 1817891ms] [LOG] [Fast Refresh] done in 11ms @ http://localhost:3000/_next/static/chunks/112__next_dist_1a10hyl._.js:782
[ 1817947ms] [LOG] [Fast Refresh] done in 11ms @ http://localhost:3000/_next/static/chunks/112__next_dist_1a10hyl._.js:782
[ 1817984ms] [LOG] [Fast Refresh] done in 11ms @ http://localhost:3000/_next/static/chunks/112__next_dist_1a10hyl._.js:782
[ 1818037ms] [LOG] [Fast Refresh] done in 11ms @ http://localhost:3000/_next/static/chunks/112__next_dist_1a10hyl._.js:782
[ 1818129ms] [LOG] [Fast Refresh] done in 11ms @ http://localhost:3000/_next/static/chunks/112__next_dist_1a10hyl._.js:782
[ 1818178ms] [LOG] [Fast Refresh] done in 11ms @ http://localhost:3000/_next/static/chunks/112__next_dist_1a10hyl._.js:782
[ 1818272ms] [LOG] [Fast Refresh] done in 11ms @ http://localhost:3000/_next/static/chunks/112__next_dist_1a10hyl._.js:782
[ 1818318ms] [LOG] [Fast Refresh] done in 11ms @ http://localhost:3000/_next/static/chunks/112__next_dist_1a10hyl._.js:782
[ 1818393ms] [LOG] [Fast Refresh] done in 11ms @ http://localhost:3000/_next/static/chunks/112__next_dist_1a10hyl._.js:782
[ 1818571ms] [LOG] [Fast Refresh] done in 11ms @ http://localhost:3000/_next/static/chunks/112__next_dist_1a10hyl._.js:782
[ 1818770ms] [LOG] [Fast Refresh] done in 11ms @ http://localhost:3000/_next/static/chunks/112__next_dist_1a10hyl._.js:782
[ 1818968ms] [LOG] [Fast Refresh] done in 11ms @ http://localhost:3000/_next/static/chunks/112__next_dist_1a10hyl._.js:782
[ 1819112ms] [INFO] [2026-09-02T02:23:54.035Z] INFO: Sync completed {"duration":2299,"successCount":0,"failureCount":0,"skippedCount":2,"remainingPending":2,"status":"error","diagnostics":{"totalAttempts":14,"successfulSyncs":5,"failedSyncs":0,"averageDuration":1989.2}} @ http://localhost:3000/_next/static/chunks/112__next_dist_1a10hyl._.js:782
[ 1819178ms] [LOG] [Fast Refresh] done in 11ms @ http://localhost:3000/_next/static/chunks/112__next_dist_1a10hyl._.js:782
[ 1819500ms] [LOG] [Fast Refresh] rebuilding @ http://localhost:3000/_next/static/chunks/112__next_dist_1a10hyl._.js:782
[ 1819548ms] [LOG] [Fast Refresh] done in 14ms @ http://localhost:3000/_next/static/chunks/112__next_dist_1a10hyl._.js:782
[ 1819699ms] [LOG] [Fast Refresh] done in 14ms @ http://localhost:3000/_next/static/chunks/112__next_dist_1a10hyl._.js:782
[ 1819847ms] [LOG] [Fast Refresh] done in 14ms @ http://localhost:3000/_next/static/chunks/112__next_dist_1a10hyl._.js:782
[ 1819959ms] [LOG] [Fast Refresh] done in 14ms @ http://localhost:3000/_next/static/chunks/112__next_dist_1a10hyl._.js:782
[ 1820000ms] [LOG] [Fast Refresh] done in 14ms @ http://localhost:3000/_next/static/chunks/112__next_dist_1a10hyl._.js:782
[ 1820117ms] [LOG] [Fast Refresh] done in 14ms @ http://localhost:3000/_next/static/chunks/112__next_dist_1a10hyl._.js:782
[ 1820244ms] [LOG] [Fast Refresh] done in 14ms @ http://localhost:3000/_next/static/chunks/112__next_dist_1a10hyl._.js:782
[ 1820379ms] [LOG] [Fast Refresh] done in 14ms @ http://localhost:3000/_next/static/chunks/112__next_dist_1a10hyl._.js:782
[ 1820526ms] [LOG] [Fast Refresh] done in 14ms @ http://localhost:3000/_next/static/chunks/112__next_dist_1a10hyl._.js:782
[ 1820663ms] [LOG] [Fast Refresh] done in 14ms @ http://localhost:3000/_next/static/chunks/112__next_dist_1a10hyl._.js:782
[ 1820792ms] [LOG] [Fast Refresh] done in 14ms @ http://localhost:3000/_next/static/chunks/112__next_dist_1a10hyl._.js:782
[ 1820930ms] [LOG] [Fast Refresh] done in 14ms @ http://localhost:3000/_next/static/chunks/112__next_dist_1a10hyl._.js:782
[ 1821064ms] [LOG] [Fast Refresh] done in 14ms @ http://localhost:3000/_next/static/chunks/112__next_dist_1a10hyl._.js:782
[ 1821201ms] [LOG] [Fast Refresh] done in 14ms @ http://localhost:3000/_next/static/chunks/112__next_dist_1a10hyl._.js:782
[ 1826490ms] [LOG] [Fast Refresh] done in 6958ms @ http://localhost:3000/_next/static/chunks/112__next_dist_1a10hyl._.js:782
[ 1826649ms] [LOG] [Fast Refresh] done in 6958ms @ http://localhost:3000/_next/static/chunks/112__next_dist_1a10hyl._.js:782
[ 1826792ms] [LOG] [Fast Refresh] done in 6958ms @ http://localhost:3000/_next/static/chunks/112__next_dist_1a10hyl._.js:782
[ 1826943ms] [LOG] [Fast Refresh] done in 6958ms @ http://localhost:3000/_next/static/chunks/112__next_dist_1a10hyl._.js:782
[ 1846822ms] [INFO] [2026-09-02T02:24:21.745Z] INFO: Processing pending mutations {"count":2} @ http://localhost:3000/_next/static/chunks/112__next_dist_1a10hyl._.js:782
[ 1846822ms] [WARNING] [2026-09-02T02:24:21.746Z] WARN: Mutation exceeded max retry attempts {"id":"aa1fa5af-c59c-48d4-bdf0-8d0d6b30d542","attempts":5,"entityType":"trip","lastError":"new row violates row-level security policy for table \"trips\""} @ http://localhost:3000/_next/static/chunks/112__next_dist_1a10hyl._.js:782
[ 1846822ms] [WARNING] [2026-09-02T02:24:21.746Z] WARN: Skipping mutation that exceeded max retries {"id":"aa1fa5af-c59c-48d4-bdf0-8d0d6b30d542","attempts":5,"entityType":"trip"} @ http://localhost:3000/_next/static/chunks/112__next_dist_1a10hyl._.js:782
[ 1846822ms] [WARNING] [2026-09-02T02:24:21.746Z] WARN: Mutation exceeded max retry attempts {"id":"bf7070d8-0bd1-4b7a-9e6c-8666ab0ddcb8","attempts":5,"entityType":"tripMember","lastError":"new row violates row-level security policy for table \"trip_members\""} @ http://localhost:3000/_next/static/chunks/112__next_dist_1a10hyl._.js:782
[ 1846822ms] [WARNING] [2026-09-02T02:24:21.746Z] WARN: Skipping mutation that exceeded max retries {"id":"bf7070d8-0bd1-4b7a-9e6c-8666ab0ddcb8","attempts":5,"entityType":"tripMember"} @ http://localhost:3000/_next/static/chunks/112__next_dist_1a10hyl._.js:782
[ 1847077ms] [LOG] [Fast Refresh] done in 6958ms @ http://localhost:3000/_next/static/chunks/112__next_dist_1a10hyl._.js:782
[ 1847272ms] [LOG] [Fast Refresh] done in 6958ms @ http://localhost:3000/_next/static/chunks/112__next_dist_1a10hyl._.js:782
[ 1847484ms] [LOG] [Fast Refresh] done in 6958ms @ http://localhost:3000/_next/static/chunks/112__next_dist_1a10hyl._.js:782
[ 1847657ms] [LOG] [Fast Refresh] done in 6958ms @ http://localhost:3000/_next/static/chunks/112__next_dist_1a10hyl._.js:782
[ 1847871ms] [LOG] [Fast Refresh] done in 6958ms @ http://localhost:3000/_next/static/chunks/112__next_dist_1a10hyl._.js:782
[ 1848056ms] [LOG] [Fast Refresh] done in 6958ms @ http://localhost:3000/_next/static/chunks/112__next_dist_1a10hyl._.js:782
[ 1848266ms] [LOG] [Fast Refresh] done in 6958ms @ http://localhost:3000/_next/static/chunks/112__next_dist_1a10hyl._.js:782
[ 1848470ms] [LOG] [Fast Refresh] done in 6958ms @ http://localhost:3000/_next/static/chunks/112__next_dist_1a10hyl._.js:782
[ 1848667ms] [LOG] [Fast Refresh] done in 6958ms @ http://localhost:3000/_next/static/chunks/112__next_dist_1a10hyl._.js:782
[ 1848863ms] [LOG] [Fast Refresh] done in 6958ms @ http://localhost:3000/_next/static/chunks/112__next_dist_1a10hyl._.js:782
[ 1849013ms] [INFO] [2026-09-02T02:24:23.937Z] INFO: Sync completed {"duration":2200,"successCount":0,"failureCount":0,"skippedCount":2,"remainingPending":2,"status":"error","diagnostics":{"totalAttempts":15,"successfulSyncs":6,"failedSyncs":0,"averageDuration":2024.3333333333333}} @ http://localhost:3000/_next/static/chunks/112__next_dist_1a10hyl._.js:782
[ 1849076ms] [LOG] [Fast Refresh] done in 6958ms @ http://localhost:3000/_next/static/chunks/112__next_dist_1a10hyl._.js:782
[ 1876822ms] [INFO] [2026-09-02T02:24:51.746Z] INFO: Processing pending mutations {"count":2} @ http://localhost:3000/_next/static/chunks/112__next_dist_1a10hyl._.js:782
[ 1876822ms] [WARNING] [2026-09-02T02:24:51.746Z] WARN: Mutation exceeded max retry attempts {"id":"aa1fa5af-c59c-48d4-bdf0-8d0d6b30d542","attempts":5,"entityType":"trip","lastError":"new row violates row-level security policy for table \"trips\""} @ http://localhost:3000/_next/static/chunks/112__next_dist_1a10hyl._.js:782
[ 1876822ms] [WARNING] [2026-09-02T02:24:51.746Z] WARN: Skipping mutation that exceeded max retries {"id":"aa1fa5af-c59c-48d4-bdf0-8d0d6b30d542","attempts":5,"entityType":"trip"} @ http://localhost:3000/_next/static/chunks/112__next_dist_1a10hyl._.js:782
[ 1876822ms] [WARNING] [2026-09-02T02:24:51.746Z] WARN: Mutation exceeded max retry attempts {"id":"bf7070d8-0bd1-4b7a-9e6c-8666ab0ddcb8","attempts":5,"entityType":"tripMember","lastError":"new row violates row-level security policy for table \"trip_members\""} @ http://localhost:3000/_next/static/chunks/112__next_dist_1a10hyl._.js:782
[ 1876823ms] [WARNING] [2026-09-02T02:24:51.746Z] WARN: Skipping mutation that exceeded max retries {"id":"bf7070d8-0bd1-4b7a-9e6c-8666ab0ddcb8","attempts":5,"entityType":"tripMember"} @ http://localhost:3000/_next/static/chunks/112__next_dist_1a10hyl._.js:782
[ 1877237ms] [LOG] [Fast Refresh] done in 6958ms @ http://localhost:3000/_next/static/chunks/112__next_dist_1a10hyl._.js:782
[ 1877627ms] [LOG] [Fast Refresh] done in 6958ms @ http://localhost:3000/_next/static/chunks/112__next_dist_1a10hyl._.js:782
[ 1877836ms] [LOG] [Fast Refresh] done in 6958ms @ http://localhost:3000/_next/static/chunks/112__next_dist_1a10hyl._.js:782
[ 1878052ms] [LOG] [Fast Refresh] done in 6958ms @ http://localhost:3000/_next/static/chunks/112__next_dist_1a10hyl._.js:782
[ 1878271ms] [LOG] [Fast Refresh] done in 6958ms @ http://localhost:3000/_next/static/chunks/112__next_dist_1a10hyl._.js:782
[ 1878459ms] [LOG] [Fast Refresh] done in 6958ms @ http://localhost:3000/_next/static/chunks/112__next_dist_1a10hyl._.js:782
[ 1878662ms] [LOG] [Fast Refresh] done in 6958ms @ http://localhost:3000/_next/static/chunks/112__next_dist_1a10hyl._.js:782
[ 1878879ms] [LOG] [Fast Refresh] done in 6958ms @ http://localhost:3000/_next/static/chunks/112__next_dist_1a10hyl._.js:782
[ 1879082ms] [LOG] [Fast Refresh] done in 6958ms @ http://localhost:3000/_next/static/chunks/112__next_dist_1a10hyl._.js:782
[ 1879302ms] [LOG] [Fast Refresh] done in 6958ms @ http://localhost:3000/_next/static/chunks/112__next_dist_1a10hyl._.js:782
[ 1879424ms] [INFO] [2026-09-02T02:24:54.348Z] INFO: Sync completed {"duration":2610,"successCount":0,"failureCount":0,"skippedCount":2,"remainingPending":2,"status":"error","diagnostics":{"totalAttempts":16,"successfulSyncs":7,"failedSyncs":0,"averageDuration":2108}} @ http://localhost:3000/_next/static/chunks/112__next_dist_1a10hyl._.js:782
[ 1879485ms] [LOG] [Fast Refresh] done in 6958ms @ http://localhost:3000/_next/static/chunks/112__next_dist_1a10hyl._.js:782
[ 1879927ms] [LOG] [Fast Refresh] done in 6958ms @ http://localhost:3000/_next/static/chunks/112__next_dist_1a10hyl._.js:782
[ 1880118ms] [LOG] [Fast Refresh] done in 6958ms @ http://localhost:3000/_next/static/chunks/112__next_dist_1a10hyl._.js:782
[ 1880293ms] [LOG] [Fast Refresh] done in 6958ms @ http://localhost:3000/_next/static/chunks/112__next_dist_1a10hyl._.js:782
[ 1880449ms] [LOG] [Fast Refresh] done in 6958ms @ http://localhost:3000/_next/static/chunks/112__next_dist_1a10hyl._.js:782
[ 1880502ms] [LOG] [Fast Refresh] done in 6958ms @ http://localhost:3000/_next/static/chunks/112__next_dist_1a10hyl._.js:782
[ 1880611ms] [LOG] [Fast Refresh] done in 6958ms @ http://localhost:3000/_next/static/chunks/112__next_dist_1a10hyl._.js:782
[ 1880696ms] [LOG] [Fast Refresh] done in 6958ms @ http://localhost:3000/_next/static/chunks/112__next_dist_1a10hyl._.js:782
[ 1880899ms] [LOG] [Fast Refresh] done in 6958ms @ http://localhost:3000/_next/static/chunks/112__next_dist_1a10hyl._.js:782
[ 1880950ms] [LOG] [Fast Refresh] done in 6958ms @ http://localhost:3000/_next/static/chunks/112__next_dist_1a10hyl._.js:782
[ 1881110ms] [LOG] [Fast Refresh] done in 6958ms @ http://localhost:3000/_next/static/chunks/112__next_dist_1a10hyl._.js:782
[ 1881259ms] [LOG] [Fast Refresh] done in 6958ms @ http://localhost:3000/_next/static/chunks/112__next_dist_1a10hyl._.js:782
[ 1881406ms] [LOG] [Fast Refresh] done in 6958ms @ http://localhost:3000/_next/static/chunks/112__next_dist_1a10hyl._.js:782
[ 1881590ms] [LOG] [Fast Refresh] done in 6958ms @ http://localhost:3000/_next/static/chunks/112__next_dist_1a10hyl._.js:782
[ 1881734ms] [LOG] [Fast Refresh] done in 6958ms @ http://localhost:3000/_next/static/chunks/112__next_dist_1a10hyl._.js:782
[ 1881780ms] [LOG] [Fast Refresh] done in 6958ms @ http://localhost:3000/_next/static/chunks/112__next_dist_1a10hyl._.js:782
[ 1881856ms] [LOG] [Fast Refresh] done in 6958ms @ http://localhost:3000/_next/static/chunks/112__next_dist_1a10hyl._.js:782
[ 1881946ms] [LOG] [Fast Refresh] done in 6958ms @ http://localhost:3000/_next/static/chunks/112__next_dist_1a10hyl._.js:782
[ 1882084ms] [LOG] [Fast Refresh] done in 6958ms @ http://localhost:3000/_next/static/chunks/112__next_dist_1a10hyl._.js:782
[ 1882149ms] [LOG] [Fast Refresh] done in 6958ms @ http://localhost:3000/_next/static/chunks/112__next_dist_1a10hyl._.js:782
[ 1882278ms] [LOG] [Fast Refresh] done in 6958ms @ http://localhost:3000/_next/static/chunks/112__next_dist_1a10hyl._.js:782
[ 1906822ms] [INFO] [2026-09-02T02:25:21.746Z] INFO: Processing pending mutations {"count":2} @ http://localhost:3000/_next/static/chunks/112__next_dist_1a10hyl._.js:782
[ 1906822ms] [WARNING] [2026-09-02T02:25:21.746Z] WARN: Mutation exceeded max retry attempts {"id":"aa1fa5af-c59c-48d4-bdf0-8d0d6b30d542","attempts":5,"entityType":"trip","lastError":"new row violates row-level security policy for table \"trips\""} @ http://localhost:3000/_next/static/chunks/112__next_dist_1a10hyl._.js:782
[ 1906823ms] [WARNING] [2026-09-02T02:25:21.746Z] WARN: Skipping mutation that exceeded max retries {"id":"aa1fa5af-c59c-48d4-bdf0-8d0d6b30d542","attempts":5,"entityType":"trip"} @ http://localhost:3000/_next/static/chunks/112__next_dist_1a10hyl._.js:782
[ 1906823ms] [WARNING] [2026-09-02T02:25:21.746Z] WARN: Mutation exceeded max retry attempts {"id":"bf7070d8-0bd1-4b7a-9e6c-8666ab0ddcb8","attempts":5,"entityType":"tripMember","lastError":"new row violates row-level security policy for table \"trip_members\""} @ http://localhost:3000/_next/static/chunks/112__next_dist_1a10hyl._.js:782
[ 1906823ms] [WARNING] [2026-09-02T02:25:21.746Z] WARN: Skipping mutation that exceeded max retries {"id":"bf7070d8-0bd1-4b7a-9e6c-8666ab0ddcb8","attempts":5,"entityType":"tripMember"} @ http://localhost:3000/_next/static/chunks/112__next_dist_1a10hyl._.js:782
[ 1907081ms] [LOG] [Fast Refresh] done in 6958ms @ http://localhost:3000/_next/static/chunks/112__next_dist_1a10hyl._.js:782
[ 1907335ms] [LOG] [Fast Refresh] done in 6958ms @ http://localhost:3000/_next/static/chunks/112__next_dist_1a10hyl._.js:782
[ 1907534ms] [LOG] [Fast Refresh] done in 6958ms @ http://localhost:3000/_next/static/chunks/112__next_dist_1a10hyl._.js:782
[ 1907735ms] [LOG] [Fast Refresh] done in 6958ms @ http://localhost:3000/_next/static/chunks/112__next_dist_1a10hyl._.js:782
[ 1907904ms] [LOG] [Fast Refresh] done in 6958ms @ http://localhost:3000/_next/static/chunks/112__next_dist_1a10hyl._.js:782
[ 1908088ms] [LOG] [Fast Refresh] done in 6958ms @ http://localhost:3000/_next/static/chunks/112__next_dist_1a10hyl._.js:782
[ 1908289ms] [LOG] [Fast Refresh] done in 6958ms @ http://localhost:3000/_next/static/chunks/112__next_dist_1a10hyl._.js:782
[ 1908471ms] [LOG] [Fast Refresh] done in 6958ms @ http://localhost:3000/_next/static/chunks/112__next_dist_1a10hyl._.js:782
[ 1908659ms] [LOG] [Fast Refresh] done in 6958ms @ http://localhost:3000/_next/static/chunks/112__next_dist_1a10hyl._.js:782
[ 1908983ms] [LOG] [Fast Refresh] done in 6958ms @ http://localhost:3000/_next/static/chunks/112__next_dist_1a10hyl._.js:782
[ 1909115ms] [INFO] [2026-09-02T02:25:24.039Z] INFO: Sync completed {"duration":2300,"successCount":0,"failureCount":0,"skippedCount":2,"remainingPending":2,"status":"error","diagnostics":{"totalAttempts":17,"successfulSyncs":8,"failedSyncs":0,"averageDuration":2132}} @ http://localhost:3000/_next/static/chunks/112__next_dist_1a10hyl._.js:782
[ 1909181ms] [LOG] [Fast Refresh] done in 6958ms @ http://localhost:3000/_next/static/chunks/112__next_dist_1a10hyl._.js:782
[ 1936824ms] [INFO] [2026-09-02T02:25:51.747Z] INFO: Processing pending mutations {"count":2} @ http://localhost:3000/_next/static/chunks/112__next_dist_1a10hyl._.js:782
[ 1936824ms] [WARNING] [2026-09-02T02:25:51.747Z] WARN: Mutation exceeded max retry attempts {"id":"aa1fa5af-c59c-48d4-bdf0-8d0d6b30d542","attempts":5,"entityType":"trip","lastError":"new row violates row-level security policy for table \"trips\""} @ http://localhost:3000/_next/static/chunks/112__next_dist_1a10hyl._.js:782
[ 1936824ms] [WARNING] [2026-09-02T02:25:51.747Z] WARN: Skipping mutation that exceeded max retries {"id":"aa1fa5af-c59c-48d4-bdf0-8d0d6b30d542","attempts":5,"entityType":"trip"} @ http://localhost:3000/_next/static/chunks/112__next_dist_1a10hyl._.js:782
[ 1936824ms] [WARNING] [2026-09-02T02:25:51.748Z] WARN: Mutation exceeded max retry attempts {"id":"bf7070d8-0bd1-4b7a-9e6c-8666ab0ddcb8","attempts":5,"entityType":"tripMember","lastError":"new row violates row-level security policy for table \"trip_members\""} @ http://localhost:3000/_next/static/chunks/112__next_dist_1a10hyl._.js:782
[ 1936824ms] [WARNING] [2026-09-02T02:25:51.748Z] WARN: Skipping mutation that exceeded max retries {"id":"bf7070d8-0bd1-4b7a-9e6c-8666ab0ddcb8","attempts":5,"entityType":"tripMember"} @ http://localhost:3000/_next/static/chunks/112__next_dist_1a10hyl._.js:782
[ 1937117ms] [LOG] [Fast Refresh] done in 6958ms @ http://localhost:3000/_next/static/chunks/112__next_dist_1a10hyl._.js:782
[ 1937373ms] [LOG] [Fast Refresh] done in 6958ms @ http://localhost:3000/_next/static/chunks/112__next_dist_1a10hyl._.js:782
[ 1937560ms] [LOG] [Fast Refresh] done in 6958ms @ http://localhost:3000/_next/static/chunks/112__next_dist_1a10hyl._.js:782
[ 1937754ms] [LOG] [Fast Refresh] done in 6958ms @ http://localhost:3000/_next/static/chunks/112__next_dist_1a10hyl._.js:782
[ 1937942ms] [LOG] [Fast Refresh] done in 6958ms @ http://localhost:3000/_next/static/chunks/112__next_dist_1a10hyl._.js:782
[ 1938149ms] [LOG] [Fast Refresh] done in 6958ms @ http://localhost:3000/_next/static/chunks/112__next_dist_1a10hyl._.js:782
[ 1938360ms] [LOG] [Fast Refresh] done in 6958ms @ http://localhost:3000/_next/static/chunks/112__next_dist_1a10hyl._.js:782
[ 1938546ms] [LOG] [Fast Refresh] done in 6958ms @ http://localhost:3000/_next/static/chunks/112__next_dist_1a10hyl._.js:782
[ 1938758ms] [LOG] [Fast Refresh] done in 6958ms @ http://localhost:3000/_next/static/chunks/112__next_dist_1a10hyl._.js:782
[ 1938946ms] [LOG] [Fast Refresh] done in 6958ms @ http://localhost:3000/_next/static/chunks/112__next_dist_1a10hyl._.js:782
[ 1939087ms] [INFO] [2026-09-02T02:25:54.010Z] INFO: Sync completed {"duration":2272,"successCount":0,"failureCount":0,"skippedCount":2,"remainingPending":2,"status":"error","diagnostics":{"totalAttempts":18,"successfulSyncs":9,"failedSyncs":0,"averageDuration":2147.5555555555557}} @ http://localhost:3000/_next/static/chunks/112__next_dist_1a10hyl._.js:782
[ 1939150ms] [LOG] [Fast Refresh] done in 6958ms @ http://localhost:3000/_next/static/chunks/112__next_dist_1a10hyl._.js:782
[ 1939855ms] [LOG] [Fast Refresh] done in 6958ms @ http://localhost:3000/_next/static/chunks/112__next_dist_1a10hyl._.js:782
[ 1939982ms] [LOG] [Fast Refresh] done in 6958ms @ http://localhost:3000/_next/static/chunks/112__next_dist_1a10hyl._.js:782
[ 1940109ms] [LOG] [Fast Refresh] done in 6958ms @ http://localhost:3000/_next/static/chunks/112__next_dist_1a10hyl._.js:782
[ 1940202ms] [LOG] [Fast Refresh] done in 6958ms @ http://localhost:3000/_next/static/chunks/112__next_dist_1a10hyl._.js:782
[ 1940252ms] [LOG] [Fast Refresh] done in 6958ms @ http://localhost:3000/_next/static/chunks/112__next_dist_1a10hyl._.js:782
[ 1940305ms] [LOG] [Fast Refresh] done in 6958ms @ http://localhost:3000/_next/static/chunks/112__next_dist_1a10hyl._.js:782
[ 1940385ms] [LOG] [Fast Refresh] done in 6958ms @ http://localhost:3000/_next/static/chunks/112__next_dist_1a10hyl._.js:782
[ 1940459ms] [LOG] [Fast Refresh] done in 6958ms @ http://localhost:3000/_next/static/chunks/112__next_dist_1a10hyl._.js:782
[ 1940529ms] [LOG] [Fast Refresh] done in 6958ms @ http://localhost:3000/_next/static/chunks/112__next_dist_1a10hyl._.js:782
[ 1940571ms] [LOG] [Fast Refresh] done in 6958ms @ http://localhost:3000/_next/static/chunks/112__next_dist_1a10hyl._.js:782
[ 1940616ms] [LOG] [Fast Refresh] done in 6958ms @ http://localhost:3000/_next/static/chunks/112__next_dist_1a10hyl._.js:782
[ 1940655ms] [LOG] [Fast Refresh] done in 6958ms @ http://localhost:3000/_next/static/chunks/112__next_dist_1a10hyl._.js:782
[ 1940713ms] [LOG] [Fast Refresh] done in 6958ms @ http://localhost:3000/_next/static/chunks/112__next_dist_1a10hyl._.js:782
[ 1940752ms] [LOG] [Fast Refresh] done in 6958ms @ http://localhost:3000/_next/static/chunks/112__next_dist_1a10hyl._.js:782
[ 1940801ms] [LOG] [Fast Refresh] done in 6958ms @ http://localhost:3000/_next/static/chunks/112__next_dist_1a10hyl._.js:782
[ 1940842ms] [LOG] [Fast Refresh] done in 6958ms @ http://localhost:3000/_next/static/chunks/112__next_dist_1a10hyl._.js:782
[ 1940926ms] [LOG] [Fast Refresh] done in 6958ms @ http://localhost:3000/_next/static/chunks/112__next_dist_1a10hyl._.js:782
[ 1941005ms] [LOG] [Fast Refresh] done in 6958ms @ http://localhost:3000/_next/static/chunks/112__next_dist_1a10hyl._.js:782
[ 1941066ms] [LOG] [Fast Refresh] done in 6958ms @ http://localhost:3000/_next/static/chunks/112__next_dist_1a10hyl._.js:782
[ 1941117ms] [LOG] [Fast Refresh] done in 6958ms @ http://localhost:3000/_next/static/chunks/112__next_dist_1a10hyl._.js:782
[ 1941158ms] [LOG] [Fast Refresh] done in 6958ms @ http://localhost:3000/_next/static/chunks/112__next_dist_1a10hyl._.js:782
[ 1941198ms] [LOG] [Fast Refresh] done in 6958ms @ http://localhost:3000/_next/static/chunks/112__next_dist_1a10hyl._.js:782
[ 1941288ms] [LOG] [Fast Refresh] done in 6958ms @ http://localhost:3000/_next/static/chunks/112__next_dist_1a10hyl._.js:782
[ 1941399ms] [LOG] [Fast Refresh] done in 6958ms @ http://localhost:3000/_next/static/chunks/112__next_dist_1a10hyl._.js:782
[ 1966826ms] [INFO] [2026-09-02T02:26:21.750Z] INFO: Processing pending mutations {"count":2} @ http://localhost:3000/_next/static/chunks/112__next_dist_1a10hyl._.js:782
[ 1966826ms] [WARNING] [2026-09-02T02:26:21.750Z] WARN: Mutation exceeded max retry attempts {"id":"aa1fa5af-c59c-48d4-bdf0-8d0d6b30d542","attempts":5,"entityType":"trip","lastError":"new row violates row-level security policy for table \"trips\""} @ http://localhost:3000/_next/static/chunks/112__next_dist_1a10hyl._.js:782
[ 1966826ms] [WARNING] [2026-09-02T02:26:21.750Z] WARN: Skipping mutation that exceeded max retries {"id":"aa1fa5af-c59c-48d4-bdf0-8d0d6b30d542","attempts":5,"entityType":"trip"} @ http://localhost:3000/_next/static/chunks/112__next_dist_1a10hyl._.js:782
[ 1966826ms] [WARNING] [2026-09-02T02:26:21.750Z] WARN: Mutation exceeded max retry attempts {"id":"bf7070d8-0bd1-4b7a-9e6c-8666ab0ddcb8","attempts":5,"entityType":"tripMember","lastError":"new row violates row-level security policy for table \"trip_members\""} @ http://localhost:3000/_next/static/chunks/112__next_dist_1a10hyl._.js:782
[ 1966826ms] [WARNING] [2026-09-02T02:26:21.750Z] WARN: Skipping mutation that exceeded max retries {"id":"bf7070d8-0bd1-4b7a-9e6c-8666ab0ddcb8","attempts":5,"entityType":"tripMember"} @ http://localhost:3000/_next/static/chunks/112__next_dist_1a10hyl._.js:782
[ 1967075ms] [LOG] [Fast Refresh] done in 6958ms @ http://localhost:3000/_next/static/chunks/112__next_dist_1a10hyl._.js:782
[ 1967262ms] [LOG] [Fast Refresh] done in 6958ms @ http://localhost:3000/_next/static/chunks/112__next_dist_1a10hyl._.js:782
[ 1967444ms] [LOG] [Fast Refresh] done in 6958ms @ http://localhost:3000/_next/static/chunks/112__next_dist_1a10hyl._.js:782
[ 1967761ms] [LOG] [Fast Refresh] done in 6958ms @ http://localhost:3000/_next/static/chunks/112__next_dist_1a10hyl._.js:782
[ 1967940ms] [LOG] [Fast Refresh] done in 6958ms @ http://localhost:3000/_next/static/chunks/112__next_dist_1a10hyl._.js:782
[ 1968157ms] [LOG] [Fast Refresh] done in 6958ms @ http://localhost:3000/_next/static/chunks/112__next_dist_1a10hyl._.js:782
[ 1968350ms] [LOG] [Fast Refresh] done in 6958ms @ http://localhost:3000/_next/static/chunks/112__next_dist_1a10hyl._.js:782
[ 1968546ms] [LOG] [Fast Refresh] done in 6958ms @ http://localhost:3000/_next/static/chunks/112__next_dist_1a10hyl._.js:782
[ 1968758ms] [LOG] [Fast Refresh] done in 6958ms @ http://localhost:3000/_next/static/chunks/112__next_dist_1a10hyl._.js:782
[ 1968954ms] [LOG] [Fast Refresh] done in 6958ms @ http://localhost:3000/_next/static/chunks/112__next_dist_1a10hyl._.js:782
[ 1969073ms] [INFO] [2026-09-02T02:26:23.997Z] INFO: Sync completed {"duration":2249,"successCount":0,"failureCount":0,"skippedCount":2,"remainingPending":2,"status":"error","diagnostics":{"totalAttempts":19,"successfulSyncs":10,"failedSyncs":0,"averageDuration":2157.7}} @ http://localhost:3000/_next/static/chunks/112__next_dist_1a10hyl._.js:782
[ 1969134ms] [LOG] [Fast Refresh] done in 6958ms @ http://localhost:3000/_next/static/chunks/112__next_dist_1a10hyl._.js:782
[ 1996837ms] [INFO] [2026-09-02T02:26:51.760Z] INFO: Processing pending mutations {"count":2} @ http://localhost:3000/_next/static/chunks/112__next_dist_1a10hyl._.js:782
[ 1996837ms] [WARNING] [2026-09-02T02:26:51.760Z] WARN: Mutation exceeded max retry attempts {"id":"aa1fa5af-c59c-48d4-bdf0-8d0d6b30d542","attempts":5,"entityType":"trip","lastError":"new row violates row-level security policy for table \"trips\""} @ http://localhost:3000/_next/static/chunks/112__next_dist_1a10hyl._.js:782
[ 1996837ms] [WARNING] [2026-09-02T02:26:51.760Z] WARN: Skipping mutation that exceeded max retries {"id":"aa1fa5af-c59c-48d4-bdf0-8d0d6b30d542","attempts":5,"entityType":"trip"} @ http://localhost:3000/_next/static/chunks/112__next_dist_1a10hyl._.js:782
[ 1996837ms] [WARNING] [2026-09-02T02:26:51.760Z] WARN: Mutation exceeded max retry attempts {"id":"bf7070d8-0bd1-4b7a-9e6c-8666ab0ddcb8","attempts":5,"entityType":"tripMember","lastError":"new row violates row-level security policy for table \"trip_members\""} @ http://localhost:3000/_next/static/chunks/112__next_dist_1a10hyl._.js:782
[ 1996837ms] [WARNING] [2026-09-02T02:26:51.761Z] WARN: Skipping mutation that exceeded max retries {"id":"bf7070d8-0bd1-4b7a-9e6c-8666ab0ddcb8","attempts":5,"entityType":"tripMember"} @ http://localhost:3000/_next/static/chunks/112__next_dist_1a10hyl._.js:782
[ 1997090ms] [LOG] [Fast Refresh] done in 6958ms @ http://localhost:3000/_next/static/chunks/112__next_dist_1a10hyl._.js:782
[ 1997288ms] [LOG] [Fast Refresh] done in 6958ms @ http://localhost:3000/_next/static/chunks/112__next_dist_1a10hyl._.js:782
[ 1997490ms] [LOG] [Fast Refresh] done in 6958ms @ http://localhost:3000/_next/static/chunks/112__next_dist_1a10hyl._.js:782
[ 1997694ms] [LOG] [Fast Refresh] done in 6958ms @ http://localhost:3000/_next/static/chunks/112__next_dist_1a10hyl._.js:782
[ 1997890ms] [LOG] [Fast Refresh] done in 6958ms @ http://localhost:3000/_next/static/chunks/112__next_dist_1a10hyl._.js:782
[ 1998087ms] [LOG] [Fast Refresh] done in 6958ms @ http://localhost:3000/_next/static/chunks/112__next_dist_1a10hyl._.js:782
[ 1998288ms] [LOG] [Fast Refresh] done in 6958ms @ http://localhost:3000/_next/static/chunks/112__next_dist_1a10hyl._.js:782
[ 1998493ms] [LOG] [Fast Refresh] done in 6958ms @ http://localhost:3000/_next/static/chunks/112__next_dist_1a10hyl._.js:782
[ 1998716ms] [LOG] [Fast Refresh] done in 6958ms @ http://localhost:3000/_next/static/chunks/112__next_dist_1a10hyl._.js:782
[ 1998911ms] [LOG] [Fast Refresh] done in 6958ms @ http://localhost:3000/_next/static/chunks/112__next_dist_1a10hyl._.js:782
[ 1999038ms] [INFO] [2026-09-02T02:26:53.961Z] INFO: Sync completed {"duration":2209,"successCount":0,"failureCount":0,"skippedCount":2,"remainingPending":2,"status":"error","diagnostics":{"totalAttempts":20,"successfulSyncs":11,"failedSyncs":0,"averageDuration":2162.3636363636365}} @ http://localhost:3000/_next/static/chunks/112__next_dist_1a10hyl._.js:782
[ 1999104ms] [LOG] [Fast Refresh] done in 6958ms @ http://localhost:3000/_next/static/chunks/112__next_dist_1a10hyl._.js:782
[ 1999898ms] [LOG] [Fast Refresh] done in 6958ms @ http://localhost:3000/_next/static/chunks/112__next_dist_1a10hyl._.js:782
[ 2000028ms] [LOG] [Fast Refresh] done in 6958ms @ http://localhost:3000/_next/static/chunks/112__next_dist_1a10hyl._.js:782
[ 2000145ms] [LOG] [Fast Refresh] done in 6958ms @ http://localhost:3000/_next/static/chunks/112__next_dist_1a10hyl._.js:782
[ 2000242ms] [LOG] [Fast Refresh] done in 6958ms @ http://localhost:3000/_next/static/chunks/112__next_dist_1a10hyl._.js:782
[ 2000298ms] [LOG] [Fast Refresh] done in 6958ms @ http://localhost:3000/_next/static/chunks/112__next_dist_1a10hyl._.js:782
[ 2000353ms] [LOG] [Fast Refresh] done in 6958ms @ http://localhost:3000/_next/static/chunks/112__next_dist_1a10hyl._.js:782
[ 2000401ms] [LOG] [Fast Refresh] done in 6958ms @ http://localhost:3000/_next/static/chunks/112__next_dist_1a10hyl._.js:782
[ 2000442ms] [LOG] [Fast Refresh] done in 6958ms @ http://localhost:3000/_next/static/chunks/112__next_dist_1a10hyl._.js:782
[ 2000494ms] [LOG] [Fast Refresh] done in 6958ms @ http://localhost:3000/_next/static/chunks/112__next_dist_1a10hyl._.js:782
[ 2000575ms] [LOG] [Fast Refresh] done in 6958ms @ http://localhost:3000/_next/static/chunks/112__next_dist_1a10hyl._.js:782
[ 2026839ms] [INFO] [2026-09-02T02:27:21.762Z] INFO: Processing pending mutations {"count":2} @ http://localhost:3000/_next/static/chunks/112__next_dist_1a10hyl._.js:782
[ 2026839ms] [WARNING] [2026-09-02T02:27:21.763Z] WARN: Mutation exceeded max retry attempts {"id":"aa1fa5af-c59c-48d4-bdf0-8d0d6b30d542","attempts":5,"entityType":"trip","lastError":"new row violates row-level security policy for table \"trips\""} @ http://localhost:3000/_next/static/chunks/112__next_dist_1a10hyl._.js:782
[ 2026839ms] [WARNING] [2026-09-02T02:27:21.763Z] WARN: Skipping mutation that exceeded max retries {"id":"aa1fa5af-c59c-48d4-bdf0-8d0d6b30d542","attempts":5,"entityType":"trip"} @ http://localhost:3000/_next/static/chunks/112__next_dist_1a10hyl._.js:782
[ 2026839ms] [WARNING] [2026-09-02T02:27:21.763Z] WARN: Mutation exceeded max retry attempts {"id":"bf7070d8-0bd1-4b7a-9e6c-8666ab0ddcb8","attempts":5,"entityType":"tripMember","lastError":"new row violates row-level security policy for table \"trip_members\""} @ http://localhost:3000/_next/static/chunks/112__next_dist_1a10hyl._.js:782
[ 2026839ms] [WARNING] [2026-09-02T02:27:21.763Z] WARN: Skipping mutation that exceeded max retries {"id":"bf7070d8-0bd1-4b7a-9e6c-8666ab0ddcb8","attempts":5,"entityType":"tripMember"} @ http://localhost:3000/_next/static/chunks/112__next_dist_1a10hyl._.js:782
[ 2029504ms] [INFO] [2026-09-02T02:27:24.427Z] INFO: Sync completed {"duration":2673,"successCount":0,"failureCount":0,"skippedCount":2,"remainingPending":2,"status":"error","diagnostics":{"totalAttempts":21,"successfulSyncs":12,"failedSyncs":0,"averageDuration":2204.9166666666665}} @ http://localhost:3000/_next/static/chunks/112__next_dist_1a10hyl._.js:782
[ 2056840ms] [INFO] [2026-09-02T02:27:51.764Z] INFO: Processing pending mutations {"count":2} @ http://localhost:3000/_next/static/chunks/112__next_dist_1a10hyl._.js:782
[ 2056840ms] [WARNING] [2026-09-02T02:27:51.764Z] WARN: Mutation exceeded max retry attempts {"id":"aa1fa5af-c59c-48d4-bdf0-8d0d6b30d542","attempts":5,"entityType":"trip","lastError":"new row violates row-level security policy for table \"trips\""} @ http://localhost:3000/_next/static/chunks/112__next_dist_1a10hyl._.js:782
[ 2056840ms] [WARNING] [2026-09-02T02:27:51.764Z] WARN: Skipping mutation that exceeded max retries {"id":"aa1fa5af-c59c-48d4-bdf0-8d0d6b30d542","attempts":5,"entityType":"trip"} @ http://localhost:3000/_next/static/chunks/112__next_dist_1a10hyl._.js:782
[ 2056840ms] [WARNING] [2026-09-02T02:27:51.764Z] WARN: Mutation exceeded max retry attempts {"id":"bf7070d8-0bd1-4b7a-9e6c-8666ab0ddcb8","attempts":5,"entityType":"tripMember","lastError":"new row violates row-level security policy for table \"trip_members\""} @ http://localhost:3000/_next/static/chunks/112__next_dist_1a10hyl._.js:782
[ 2056841ms] [WARNING] [2026-09-02T02:27:51.764Z] WARN: Skipping mutation that exceeded max retries {"id":"bf7070d8-0bd1-4b7a-9e6c-8666ab0ddcb8","attempts":5,"entityType":"tripMember"} @ http://localhost:3000/_next/static/chunks/112__next_dist_1a10hyl._.js:782
[ 2058990ms] [INFO] [2026-09-02T02:27:53.914Z] INFO: Sync completed {"duration":2159,"successCount":0,"failureCount":0,"skippedCount":2,"remainingPending":2,"status":"error","diagnostics":{"totalAttempts":22,"successfulSyncs":13,"failedSyncs":0,"averageDuration":2201.3846153846152}} @ http://localhost:3000/_next/static/chunks/112__next_dist_1a10hyl._.js:782
[ 2086842ms] [INFO] [2026-09-02T02:28:21.765Z] INFO: Processing pending mutations {"count":2} @ http://localhost:3000/_next/static/chunks/112__next_dist_1a10hyl._.js:782
[ 2086842ms] [WARNING] [2026-09-02T02:28:21.765Z] WARN: Mutation exceeded max retry attempts {"id":"aa1fa5af-c59c-48d4-bdf0-8d0d6b30d542","attempts":5,"entityType":"trip","lastError":"new row violates row-level security policy for table \"trips\""} @ http://localhost:3000/_next/static/chunks/112__next_dist_1a10hyl._.js:782
[ 2086842ms] [WARNING] [2026-09-02T02:28:21.765Z] WARN: Skipping mutation that exceeded max retries {"id":"aa1fa5af-c59c-48d4-bdf0-8d0d6b30d542","attempts":5,"entityType":"trip"} @ http://localhost:3000/_next/static/chunks/112__next_dist_1a10hyl._.js:782
[ 2086842ms] [WARNING] [2026-09-02T02:28:21.766Z] WARN: Mutation exceeded max retry attempts {"id":"bf7070d8-0bd1-4b7a-9e6c-8666ab0ddcb8","attempts":5,"entityType":"tripMember","lastError":"new row violates row-level security policy for table \"trip_members\""} @ http://localhost:3000/_next/static/chunks/112__next_dist_1a10hyl._.js:782
[ 2086842ms] [WARNING] [2026-09-02T02:28:21.766Z] WARN: Skipping mutation that exceeded max retries {"id":"bf7070d8-0bd1-4b7a-9e6c-8666ab0ddcb8","attempts":5,"entityType":"tripMember"} @ http://localhost:3000/_next/static/chunks/112__next_dist_1a10hyl._.js:782
[ 2089022ms] [INFO] [2026-09-02T02:28:23.945Z] INFO: Sync completed {"duration":2191,"successCount":0,"failureCount":0,"skippedCount":2,"remainingPending":2,"status":"error","diagnostics":{"totalAttempts":23,"successfulSyncs":14,"failedSyncs":0,"averageDuration":2200.6428571428573}} @ http://localhost:3000/_next/static/chunks/112__next_dist_1a10hyl._.js:782
[ 2116839ms] [INFO] [2026-09-02T02:28:51.762Z] INFO: Processing pending mutations {"count":2} @ http://localhost:3000/_next/static/chunks/112__next_dist_1a10hyl._.js:782
[ 2116839ms] [WARNING] [2026-09-02T02:28:51.762Z] WARN: Mutation exceeded max retry attempts {"id":"aa1fa5af-c59c-48d4-bdf0-8d0d6b30d542","attempts":5,"entityType":"trip","lastError":"new row violates row-level security policy for table \"trips\""} @ http://localhost:3000/_next/static/chunks/112__next_dist_1a10hyl._.js:782
[ 2116839ms] [WARNING] [2026-09-02T02:28:51.762Z] WARN: Skipping mutation that exceeded max retries {"id":"aa1fa5af-c59c-48d4-bdf0-8d0d6b30d542","attempts":5,"entityType":"trip"} @ http://localhost:3000/_next/static/chunks/112__next_dist_1a10hyl._.js:782
[ 2116839ms] [WARNING] [2026-09-02T02:28:51.763Z] WARN: Mutation exceeded max retry attempts {"id":"bf7070d8-0bd1-4b7a-9e6c-8666ab0ddcb8","attempts":5,"entityType":"tripMember","lastError":"new row violates row-level security policy for table \"trip_members\""} @ http://localhost:3000/_next/static/chunks/112__next_dist_1a10hyl._.js:782
[ 2116839ms] [WARNING] [2026-09-02T02:28:51.763Z] WARN: Skipping mutation that exceeded max retries {"id":"bf7070d8-0bd1-4b7a-9e6c-8666ab0ddcb8","attempts":5,"entityType":"tripMember"} @ http://localhost:3000/_next/static/chunks/112__next_dist_1a10hyl._.js:782
[ 2117486ms] [LOG] %c Console Ninja extension is connected to Next.js browser, background: rgb(30,30,30); color: rgb(255,213,92) see https://tinyurl.com/2vt8jxzw for more info. @ :0
[ 2117490ms] [INFO] %cDownload the React DevTools for a better development experience: https://react.dev/link/react-devtools font-weight:bold @ http://localhost:3000/_next/static/chunks/112__next_dist_1a10hyl._.js:782
[ 2117505ms] [LOG] [HMR] connected @ http://localhost:3000/_next/static/chunks/112__next_dist_1a10hyl._.js:782
[ 2117544ms] Error: Hydration failed because the server rendered HTML didn't match the client. As a result this tree will be regenerated on the client. This can happen if a SSR-ed Client Component used:

- A server/client branch `if (typeof window !== 'undefined')`.
- Variable input such as `Date.now()` or `Math.random()` which changes each time it's called.
- Date formatting in a user's locale which doesn't match the server.
- External changing data without sending a snapshot of it along with the HTML.
- Invalid HTML tag nesting.

It can also happen if the client has a browser extension installed which messes with the HTML before React loaded.

https://react.dev/link/hydration-mismatch

  ...
    <ErrorBoundary errorComponent={undefined} errorStyles={undefined} errorScripts={undefined}>
      <LoadingBoundary name="/" loading={null}>
        <HTTPAccessFallbackBoundary notFound={{...}} forbidden={undefined} unauthorized={undefined}>
          <HTTPAccessFallbackErrorBoundary pathname="/trips" notFound={{...}} forbidden={undefined} ...>
            <RedirectBoundary>
              <RedirectErrorBoundary router={{...}}>
                <InnerLayoutRouter url="/trips" tree={[...]} params={{}} cacheNode={{rsc:{...}, ...}} segmentPath={[...]} ...>
                  <SegmentViewNode type="layout" pagePath="(app)/layo...">
                    <SegmentTrieNode>
                    <script>
                    <script>
                    <script>
                    <script>
                    <script>
                    <script>
                    <script>
                    <script>
                    <AuthenticatedLayout>
                      <SyncProvider userId="94ff7e22-1...">
                        <AppShell userLabel="Aby Garcia">
                          <div className="min-h-dvh ...">
                            <a>
+                           <aside
+                             className="fixed inset-y-0 left-0 hidden w-64 border-r bg-card p-5 lg:flex lg:flex-col"
+                           >
-                           <div
-                             role="status"
-                             className="bg-accent px-4 py-2 text-center text-sm text-accent-foreground"
-                           >
                            ...
                ...
    ...

    at throwOnHydrationMismatch (http://localhost:3000/_next/static/chunks/112__next_dist_compiled_react-dom_0fo5_73._.js:3120:56)
    at beginWork (http://localhost:3000/_next/static/chunks/112__next_dist_compiled_react-dom_0fo5_73._.js:6585:918)
    at runWithFiberInDEV (http://localhost:3000/_next/static/chunks/112__next_dist_compiled_react-dom_0fo5_73._.js:761:74)
    at performUnitOfWork (http://localhost:3000/_next/static/chunks/112__next_dist_compiled_react-dom_0fo5_73._.js:9385:97)
    at workLoopConcurrentByScheduler (http://localhost:3000/_next/static/chunks/112__next_dist_compiled_react-dom_0fo5_73._.js:9381:58)
    at renderRootConcurrent (http://localhost:3000/_next/static/chunks/112__next_dist_compiled_react-dom_0fo5_73._.js:9364:71)
    at performWorkOnRoot (http://localhost:3000/_next/static/chunks/112__next_dist_compiled_react-dom_0fo5_73._.js:8891:150)
    at performWorkOnRootViaSchedulerTask (http://localhost:3000/_next/static/chunks/112__next_dist_compiled_react-dom_0fo5_73._.js:10085:9)
    at MessagePort.performWorkUntilDeadline (http://localhost:3000/_next/static/chunks/112__next_dist_compiled_008ppkl._.js:2647:64)
[ 2117544ms] [INFO] [2026-09-02T02:28:52.467Z] INFO: Starting sync engine @ http://localhost:3000/_next/static/chunks/112__next_dist_1a10hyl._.js:782
[ 2117548ms] [INFO] [2026-09-02T02:28:52.472Z] INFO: Stopping sync engine @ http://localhost:3000/_next/static/chunks/112__next_dist_1a10hyl._.js:782
[ 2117549ms] [INFO] [2026-09-02T02:28:52.473Z] INFO: Starting sync engine @ http://localhost:3000/_next/static/chunks/112__next_dist_1a10hyl._.js:782
[ 2117587ms] [INFO] [2026-09-02T02:28:52.510Z] INFO: Processing pending mutations {"count":2} @ http://localhost:3000/_next/static/chunks/112__next_dist_1a10hyl._.js:782
[ 2117587ms] [WARNING] [2026-09-02T02:28:52.511Z] WARN: Mutation exceeded max retry attempts {"id":"aa1fa5af-c59c-48d4-bdf0-8d0d6b30d542","attempts":5,"entityType":"trip","lastError":"new row violates row-level security policy for table \"trips\""} @ http://localhost:3000/_next/static/chunks/112__next_dist_1a10hyl._.js:782
[ 2117587ms] [WARNING] [2026-09-02T02:28:52.511Z] WARN: Skipping mutation that exceeded max retries {"id":"aa1fa5af-c59c-48d4-bdf0-8d0d6b30d542","attempts":5,"entityType":"trip"} @ http://localhost:3000/_next/static/chunks/112__next_dist_1a10hyl._.js:782
[ 2117587ms] [WARNING] [2026-09-02T02:28:52.511Z] WARN: Mutation exceeded max retry attempts {"id":"bf7070d8-0bd1-4b7a-9e6c-8666ab0ddcb8","attempts":5,"entityType":"tripMember","lastError":"new row violates row-level security policy for table \"trip_members\""} @ http://localhost:3000/_next/static/chunks/112__next_dist_1a10hyl._.js:782
[ 2117587ms] [WARNING] [2026-09-02T02:28:52.511Z] WARN: Skipping mutation that exceeded max retries {"id":"bf7070d8-0bd1-4b7a-9e6c-8666ab0ddcb8","attempts":5,"entityType":"tripMember"} @ http://localhost:3000/_next/static/chunks/112__next_dist_1a10hyl._.js:782
[ 2119258ms] [INFO] [2026-09-02T02:28:54.181Z] INFO: Sync completed {"duration":1713,"successCount":0,"failureCount":0,"skippedCount":2,"remainingPending":6,"status":"error","diagnostics":{"totalAttempts":1,"successfulSyncs":1,"failedSyncs":0,"averageDuration":1713}} @ http://localhost:3000/_next/static/chunks/112__next_dist_1a10hyl._.js:782
[ 2277905ms] [LOG] [Fast Refresh] rebuilding @ http://localhost:3000/_next/static/chunks/112__next_dist_1a10hyl._.js:782
[ 2277950ms] [LOG] [Fast Refresh] done in 13ms @ http://localhost:3000/_next/static/chunks/112__next_dist_1a10hyl._.js:782
[ 2278117ms] [LOG] [Fast Refresh] done in 13ms @ http://localhost:3000/_next/static/chunks/112__next_dist_1a10hyl._.js:782
[ 2278334ms] [LOG] [Fast Refresh] done in 13ms @ http://localhost:3000/_next/static/chunks/112__next_dist_1a10hyl._.js:782
[ 2278497ms] [LOG] [Fast Refresh] done in 13ms @ http://localhost:3000/_next/static/chunks/112__next_dist_1a10hyl._.js:782
[ 2278874ms] [LOG] [Fast Refresh] done in 13ms @ http://localhost:3000/_next/static/chunks/112__next_dist_1a10hyl._.js:782
[ 2279035ms] [LOG] [Fast Refresh] done in 13ms @ http://localhost:3000/_next/static/chunks/112__next_dist_1a10hyl._.js:782
[ 2279105ms] [LOG] [Fast Refresh] done in 13ms @ http://localhost:3000/_next/static/chunks/112__next_dist_1a10hyl._.js:782
[ 2279207ms] [LOG] [Fast Refresh] done in 13ms @ http://localhost:3000/_next/static/chunks/112__next_dist_1a10hyl._.js:782
[ 2279286ms] [LOG] [Fast Refresh] done in 13ms @ http://localhost:3000/_next/static/chunks/112__next_dist_1a10hyl._.js:782
[ 2279436ms] [LOG] [Fast Refresh] done in 13ms @ http://localhost:3000/_next/static/chunks/112__next_dist_1a10hyl._.js:782
[ 2279603ms] [LOG] [Fast Refresh] done in 13ms @ http://localhost:3000/_next/static/chunks/112__next_dist_1a10hyl._.js:782
[ 2279645ms] [LOG] [Fast Refresh] done in 13ms @ http://localhost:3000/_next/static/chunks/112__next_dist_1a10hyl._.js:782
[ 2279792ms] [LOG] [Fast Refresh] done in 13ms @ http://localhost:3000/_next/static/chunks/112__next_dist_1a10hyl._.js:782
[ 2279830ms] [LOG] [Fast Refresh] done in 13ms @ http://localhost:3000/_next/static/chunks/112__next_dist_1a10hyl._.js:782
[ 2279934ms] [LOG] [Fast Refresh] done in 13ms @ http://localhost:3000/_next/static/chunks/112__next_dist_1a10hyl._.js:782
[ 2279983ms] [LOG] [Fast Refresh] done in 13ms @ http://localhost:3000/_next/static/chunks/112__next_dist_1a10hyl._.js:782
[ 2280066ms] [LOG] [Fast Refresh] done in 13ms @ http://localhost:3000/_next/static/chunks/112__next_dist_1a10hyl._.js:782
[ 2280115ms] [LOG] [Fast Refresh] done in 13ms @ http://localhost:3000/_next/static/chunks/112__next_dist_1a10hyl._.js:782
[ 2280256ms] [LOG] [Fast Refresh] done in 13ms @ http://localhost:3000/_next/static/chunks/112__next_dist_1a10hyl._.js:782
[ 2280428ms] [LOG] [Fast Refresh] done in 13ms @ http://localhost:3000/_next/static/chunks/112__next_dist_1a10hyl._.js:782
[ 2280537ms] [LOG] [Fast Refresh] done in 13ms @ http://localhost:3000/_next/static/chunks/112__next_dist_1a10hyl._.js:782
[ 2280593ms] [LOG] [Fast Refresh] done in 13ms @ http://localhost:3000/_next/static/chunks/112__next_dist_1a10hyl._.js:782
[ 2280733ms] [LOG] [Fast Refresh] done in 13ms @ http://localhost:3000/_next/static/chunks/112__next_dist_1a10hyl._.js:782
[ 2280819ms] [LOG] [Fast Refresh] done in 13ms @ http://localhost:3000/_next/static/chunks/112__next_dist_1a10hyl._.js:782
[ 2280930ms] [LOG] [Fast Refresh] done in 13ms @ http://localhost:3000/_next/static/chunks/112__next_dist_1a10hyl._.js:782
[ 2280978ms] [LOG] [Fast Refresh] done in 13ms @ http://localhost:3000/_next/static/chunks/112__next_dist_1a10hyl._.js:782
[ 2281125ms] [LOG] [Fast Refresh] done in 13ms @ http://localhost:3000/_next/static/chunks/112__next_dist_1a10hyl._.js:782
[ 2282458ms] [LOG] [Fast Refresh] rebuilding @ http://localhost:3000/_next/static/chunks/112__next_dist_1a10hyl._.js:782
[ 2282504ms] [LOG] [Fast Refresh] done in 14ms @ http://localhost:3000/_next/static/chunks/112__next_dist_1a10hyl._.js:782
[ 2282642ms] [LOG] [Fast Refresh] done in 14ms @ http://localhost:3000/_next/static/chunks/112__next_dist_1a10hyl._.js:782
[ 2282787ms] [LOG] [Fast Refresh] done in 14ms @ http://localhost:3000/_next/static/chunks/112__next_dist_1a10hyl._.js:782
[ 2282943ms] [LOG] [Fast Refresh] done in 14ms @ http://localhost:3000/_next/static/chunks/112__next_dist_1a10hyl._.js:782
[ 2291334ms] [LOG] [Fast Refresh] rebuilding @ http://localhost:3000/_next/static/chunks/112__next_dist_1a10hyl._.js:782
[ 2291351ms] [ERROR] A component is changing an uncontrolled input to be controlled. This is likely caused by the value changing from undefined to a defined value, which should not happen. Decide between using a controlled or uncontrolled input element for the lifetime of the component. More info: https://react.dev/link/controlled-components @ :0
[ 2291376ms] [LOG] [Fast Refresh] done in 12ms @ http://localhost:3000/_next/static/chunks/112__next_dist_1a10hyl._.js:782
[ 2291428ms] [LOG] [Fast Refresh] done in 12ms @ http://localhost:3000/_next/static/chunks/112__next_dist_1a10hyl._.js:782
[ 2291533ms] [LOG] [Fast Refresh] done in 12ms @ http://localhost:3000/_next/static/chunks/112__next_dist_1a10hyl._.js:782
[ 2291573ms] [LOG] [Fast Refresh] done in 12ms @ http://localhost:3000/_next/static/chunks/112__next_dist_1a10hyl._.js:782
[ 2291721ms] [LOG] [Fast Refresh] done in 12ms @ http://localhost:3000/_next/static/chunks/112__next_dist_1a10hyl._.js:782
[ 2291862ms] [LOG] [Fast Refresh] done in 12ms @ http://localhost:3000/_next/static/chunks/112__next_dist_1a10hyl._.js:782
[ 2296645ms] [LOG] [Fast Refresh] rebuilding @ http://localhost:3000/_next/static/chunks/112__next_dist_1a10hyl._.js:782
[ 2296688ms] [LOG] [Fast Refresh] done in 11ms @ http://localhost:3000/_next/static/chunks/112__next_dist_1a10hyl._.js:782
[ 2296827ms] [LOG] [Fast Refresh] done in 11ms @ http://localhost:3000/_next/static/chunks/112__next_dist_1a10hyl._.js:782
[ 2297035ms] [LOG] [Fast Refresh] done in 11ms @ http://localhost:3000/_next/static/chunks/112__next_dist_1a10hyl._.js:782
[ 2297160ms] [LOG] [Fast Refresh] done in 11ms @ http://localhost:3000/_next/static/chunks/112__next_dist_1a10hyl._.js:782
[ 2297303ms] [LOG] [Fast Refresh] done in 11ms @ http://localhost:3000/_next/static/chunks/112__next_dist_1a10hyl._.js:782
[ 2297557ms] [INFO] [2026-09-02T02:31:52.480Z] INFO: Processing pending mutations {"count":2} @ http://localhost:3000/_next/static/chunks/112__next_dist_1a10hyl._.js:782
[ 2297557ms] [WARNING] [2026-09-02T02:31:52.480Z] WARN: Mutation exceeded max retry attempts {"id":"aa1fa5af-c59c-48d4-bdf0-8d0d6b30d542","attempts":5,"entityType":"trip","lastError":"new row violates row-level security policy for table \"trips\""} @ http://localhost:3000/_next/static/chunks/112__next_dist_1a10hyl._.js:782
[ 2297557ms] [WARNING] [2026-09-02T02:31:52.480Z] WARN: Skipping mutation that exceeded max retries {"id":"aa1fa5af-c59c-48d4-bdf0-8d0d6b30d542","attempts":5,"entityType":"trip"} @ http://localhost:3000/_next/static/chunks/112__next_dist_1a10hyl._.js:782
[ 2297557ms] [WARNING] [2026-09-02T02:31:52.480Z] WARN: Mutation exceeded max retry attempts {"id":"bf7070d8-0bd1-4b7a-9e6c-8666ab0ddcb8","attempts":5,"entityType":"tripMember","lastError":"new row violates row-level security policy for table \"trip_members\""} @ http://localhost:3000/_next/static/chunks/112__next_dist_1a10hyl._.js:782
[ 2297557ms] [WARNING] [2026-09-02T02:31:52.480Z] WARN: Skipping mutation that exceeded max retries {"id":"bf7070d8-0bd1-4b7a-9e6c-8666ab0ddcb8","attempts":5,"entityType":"tripMember"} @ http://localhost:3000/_next/static/chunks/112__next_dist_1a10hyl._.js:782
[ 2297867ms] [LOG] [Fast Refresh] done in 11ms @ http://localhost:3000/_next/static/chunks/112__next_dist_1a10hyl._.js:782
[ 2298078ms] [LOG] [Fast Refresh] done in 11ms @ http://localhost:3000/_next/static/chunks/112__next_dist_1a10hyl._.js:782
[ 2298186ms] [LOG] [Fast Refresh] done in 11ms @ http://localhost:3000/_next/static/chunks/112__next_dist_1a10hyl._.js:782
[ 2298268ms] [LOG] [Fast Refresh] done in 11ms @ http://localhost:3000/_next/static/chunks/112__next_dist_1a10hyl._.js:782
[ 2298414ms] [LOG] [Fast Refresh] done in 11ms @ http://localhost:3000/_next/static/chunks/112__next_dist_1a10hyl._.js:782
[ 2298452ms] [LOG] [Fast Refresh] done in 11ms @ http://localhost:3000/_next/static/chunks/112__next_dist_1a10hyl._.js:782
[ 2298567ms] [LOG] [Fast Refresh] done in 11ms @ http://localhost:3000/_next/static/chunks/112__next_dist_1a10hyl._.js:782
[ 2298606ms] [LOG] [Fast Refresh] done in 11ms @ http://localhost:3000/_next/static/chunks/112__next_dist_1a10hyl._.js:782
[ 2298645ms] [LOG] [Fast Refresh] done in 11ms @ http://localhost:3000/_next/static/chunks/112__next_dist_1a10hyl._.js:782
[ 2298758ms] [LOG] [Fast Refresh] done in 11ms @ http://localhost:3000/_next/static/chunks/112__next_dist_1a10hyl._.js:782
[ 2298795ms] [LOG] [Fast Refresh] done in 11ms @ http://localhost:3000/_next/static/chunks/112__next_dist_1a10hyl._.js:782
[ 2298877ms] [LOG] [Fast Refresh] done in 11ms @ http://localhost:3000/_next/static/chunks/112__next_dist_1a10hyl._.js:782
[ 2298935ms] [LOG] [Fast Refresh] done in 11ms @ http://localhost:3000/_next/static/chunks/112__next_dist_1a10hyl._.js:782
[ 2299030ms] [LOG] [Fast Refresh] done in 11ms @ http://localhost:3000/_next/static/chunks/112__next_dist_1a10hyl._.js:782
[ 2299081ms] [LOG] [Fast Refresh] done in 11ms @ http://localhost:3000/_next/static/chunks/112__next_dist_1a10hyl._.js:782
[ 2299141ms] [LOG] [Fast Refresh] done in 11ms @ http://localhost:3000/_next/static/chunks/112__next_dist_1a10hyl._.js:782
[ 2299186ms] [LOG] [Fast Refresh] done in 11ms @ http://localhost:3000/_next/static/chunks/112__next_dist_1a10hyl._.js:782
[ 2299243ms] [LOG] [Fast Refresh] done in 11ms @ http://localhost:3000/_next/static/chunks/112__next_dist_1a10hyl._.js:782
[ 2299356ms] [LOG] [Fast Refresh] done in 11ms @ http://localhost:3000/_next/static/chunks/112__next_dist_1a10hyl._.js:782
[ 2299421ms] [INFO] [2026-09-02T02:31:54.345Z] INFO: Sync completed {"duration":1867,"successCount":0,"failureCount":0,"skippedCount":2,"remainingPending":2,"status":"error","diagnostics":{"totalAttempts":8,"successfulSyncs":2,"failedSyncs":0,"averageDuration":1790}} @ http://localhost:3000/_next/static/chunks/112__next_dist_1a10hyl._.js:782
[ 2299496ms] [LOG] [Fast Refresh] done in 11ms @ http://localhost:3000/_next/static/chunks/112__next_dist_1a10hyl._.js:782
[ 2299539ms] [LOG] [Fast Refresh] done in 11ms @ http://localhost:3000/_next/static/chunks/112__next_dist_1a10hyl._.js:782
[ 2299683ms] [LOG] [Fast Refresh] done in 11ms @ http://localhost:3000/_next/static/chunks/112__next_dist_1a10hyl._.js:782
[ 2299754ms] [LOG] [Fast Refresh] done in 11ms @ http://localhost:3000/_next/static/chunks/112__next_dist_1a10hyl._.js:782
[ 2299829ms] [LOG] [Fast Refresh] done in 11ms @ http://localhost:3000/_next/static/chunks/112__next_dist_1a10hyl._.js:782
[ 2299896ms] [LOG] [Fast Refresh] done in 11ms @ http://localhost:3000/_next/static/chunks/112__next_dist_1a10hyl._.js:782
[ 2299943ms] [LOG] [Fast Refresh] done in 11ms @ http://localhost:3000/_next/static/chunks/112__next_dist_1a10hyl._.js:782
[ 2300057ms] [LOG] [Fast Refresh] done in 11ms @ http://localhost:3000/_next/static/chunks/112__next_dist_1a10hyl._.js:782
[ 2300111ms] [LOG] [Fast Refresh] done in 11ms @ http://localhost:3000/_next/static/chunks/112__next_dist_1a10hyl._.js:782
[ 2300256ms] [LOG] [Fast Refresh] done in 11ms @ http://localhost:3000/_next/static/chunks/112__next_dist_1a10hyl._.js:782
[ 2305656ms] [LOG] [Fast Refresh] rebuilding @ http://localhost:3000/_next/static/chunks/112__next_dist_1a10hyl._.js:782
[ 2305697ms] [LOG] [Fast Refresh] done in 11ms @ http://localhost:3000/_next/static/chunks/112__next_dist_1a10hyl._.js:782
[ 2305873ms] [LOG] [Fast Refresh] done in 11ms @ http://localhost:3000/_next/static/chunks/112__next_dist_1a10hyl._.js:782
[ 2306010ms] [LOG] [Fast Refresh] done in 11ms @ http://localhost:3000/_next/static/chunks/112__next_dist_1a10hyl._.js:782
[ 2306151ms] [LOG] [Fast Refresh] done in 11ms @ http://localhost:3000/_next/static/chunks/112__next_dist_1a10hyl._.js:782
[ 2317132ms] [LOG] [Fast Refresh] rebuilding @ http://localhost:3000/_next/static/chunks/112__next_dist_1a10hyl._.js:782
[ 2317171ms] [LOG] [Fast Refresh] done in 18ms @ http://localhost:3000/_next/static/chunks/112__next_dist_1a10hyl._.js:782
[ 2317412ms] [LOG] [Fast Refresh] done in 18ms @ http://localhost:3000/_next/static/chunks/112__next_dist_1a10hyl._.js:782
[ 2317452ms] [LOG] [Fast Refresh] done in 18ms @ http://localhost:3000/_next/static/chunks/112__next_dist_1a10hyl._.js:782
[ 2317595ms] [LOG] [Fast Refresh] done in 18ms @ http://localhost:3000/_next/static/chunks/112__next_dist_1a10hyl._.js:782
[ 2317739ms] [LOG] [Fast Refresh] done in 18ms @ http://localhost:3000/_next/static/chunks/112__next_dist_1a10hyl._.js:782
[ 2327557ms] [INFO] [2026-09-02T02:32:22.481Z] INFO: Processing pending mutations {"count":2} @ http://localhost:3000/_next/static/chunks/112__next_dist_1a10hyl._.js:782
[ 2327557ms] [WARNING] [2026-09-02T02:32:22.481Z] WARN: Mutation exceeded max retry attempts {"id":"aa1fa5af-c59c-48d4-bdf0-8d0d6b30d542","attempts":5,"entityType":"trip","lastError":"new row violates row-level security policy for table \"trips\""} @ http://localhost:3000/_next/static/chunks/112__next_dist_1a10hyl._.js:782
[ 2327557ms] [WARNING] [2026-09-02T02:32:22.481Z] WARN: Skipping mutation that exceeded max retries {"id":"aa1fa5af-c59c-48d4-bdf0-8d0d6b30d542","attempts":5,"entityType":"trip"} @ http://localhost:3000/_next/static/chunks/112__next_dist_1a10hyl._.js:782
[ 2327557ms] [WARNING] [2026-09-02T02:32:22.481Z] WARN: Mutation exceeded max retry attempts {"id":"bf7070d8-0bd1-4b7a-9e6c-8666ab0ddcb8","attempts":5,"entityType":"tripMember","lastError":"new row violates row-level security policy for table \"trip_members\""} @ http://localhost:3000/_next/static/chunks/112__next_dist_1a10hyl._.js:782
[ 2327557ms] [WARNING] [2026-09-02T02:32:22.481Z] WARN: Skipping mutation that exceeded max retries {"id":"bf7070d8-0bd1-4b7a-9e6c-8666ab0ddcb8","attempts":5,"entityType":"tripMember"} @ http://localhost:3000/_next/static/chunks/112__next_dist_1a10hyl._.js:782
[ 2327781ms] [LOG] [Fast Refresh] done in 18ms @ http://localhost:3000/_next/static/chunks/112__next_dist_1a10hyl._.js:782
[ 2327939ms] [LOG] [Fast Refresh] done in 18ms @ http://localhost:3000/_next/static/chunks/112__next_dist_1a10hyl._.js:782
[ 2328081ms] [LOG] [Fast Refresh] done in 18ms @ http://localhost:3000/_next/static/chunks/112__next_dist_1a10hyl._.js:782
[ 2328232ms] [LOG] [Fast Refresh] done in 18ms @ http://localhost:3000/_next/static/chunks/112__next_dist_1a10hyl._.js:782
[ 2328380ms] [LOG] [Fast Refresh] done in 18ms @ http://localhost:3000/_next/static/chunks/112__next_dist_1a10hyl._.js:782
[ 2328520ms] [LOG] [Fast Refresh] done in 18ms @ http://localhost:3000/_next/static/chunks/112__next_dist_1a10hyl._.js:782
[ 2328756ms] [LOG] [Fast Refresh] done in 18ms @ http://localhost:3000/_next/static/chunks/112__next_dist_1a10hyl._.js:782
[ 2328907ms] [LOG] [Fast Refresh] done in 18ms @ http://localhost:3000/_next/static/chunks/112__next_dist_1a10hyl._.js:782
[ 2329048ms] [LOG] [Fast Refresh] done in 18ms @ http://localhost:3000/_next/static/chunks/112__next_dist_1a10hyl._.js:782
[ 2329184ms] [LOG] [Fast Refresh] done in 18ms @ http://localhost:3000/_next/static/chunks/112__next_dist_1a10hyl._.js:782
[ 2329192ms] [LOG] [Fast Refresh] rebuilding @ http://localhost:3000/_next/static/chunks/112__next_dist_1a10hyl._.js:782
[ 2329242ms] [LOG] [Fast Refresh] done in 14ms @ http://localhost:3000/_next/static/chunks/112__next_dist_1a10hyl._.js:782
[ 2329270ms] [INFO] [2026-09-02T02:32:24.193Z] INFO: Sync completed {"duration":1716,"successCount":0,"failureCount":0,"skippedCount":2,"remainingPending":2,"status":"error","diagnostics":{"totalAttempts":9,"successfulSyncs":3,"failedSyncs":0,"averageDuration":1765.3333333333333}} @ http://localhost:3000/_next/static/chunks/112__next_dist_1a10hyl._.js:782
[ 2329329ms] [LOG] [Fast Refresh] done in 14ms @ http://localhost:3000/_next/static/chunks/112__next_dist_1a10hyl._.js:782
[ 2329605ms] [LOG] [Fast Refresh] done in 14ms @ http://localhost:3000/_next/static/chunks/112__next_dist_1a10hyl._.js:782
[ 2329740ms] [LOG] [Fast Refresh] done in 14ms @ http://localhost:3000/_next/static/chunks/112__next_dist_1a10hyl._.js:782
[ 2329902ms] [LOG] [Fast Refresh] done in 14ms @ http://localhost:3000/_next/static/chunks/112__next_dist_1a10hyl._.js:782
[ 2330160ms] [LOG] [Fast Refresh] done in 14ms @ http://localhost:3000/_next/static/chunks/112__next_dist_1a10hyl._.js:782
[ 2330423ms] [LOG] [Fast Refresh] done in 14ms @ http://localhost:3000/_next/static/chunks/112__next_dist_1a10hyl._.js:782
[ 2330578ms] [LOG] [Fast Refresh] done in 14ms @ http://localhost:3000/_next/static/chunks/112__next_dist_1a10hyl._.js:782
[ 2330730ms] [LOG] [Fast Refresh] done in 14ms @ http://localhost:3000/_next/static/chunks/112__next_dist_1a10hyl._.js:782
[ 2330810ms] [LOG] [Fast Refresh] done in 14ms @ http://localhost:3000/_next/static/chunks/112__next_dist_1a10hyl._.js:782
[ 2330890ms] [LOG] [Fast Refresh] done in 14ms @ http://localhost:3000/_next/static/chunks/112__next_dist_1a10hyl._.js:782
[ 2330931ms] [LOG] [Fast Refresh] done in 14ms @ http://localhost:3000/_next/static/chunks/112__next_dist_1a10hyl._.js:782
[ 2331008ms] [LOG] [Fast Refresh] done in 14ms @ http://localhost:3000/_next/static/chunks/112__next_dist_1a10hyl._.js:782
[ 2331106ms] [LOG] [Fast Refresh] done in 14ms @ http://localhost:3000/_next/static/chunks/112__next_dist_1a10hyl._.js:782
[ 2331163ms] [LOG] [Fast Refresh] done in 14ms @ http://localhost:3000/_next/static/chunks/112__next_dist_1a10hyl._.js:782
[ 2331201ms] [LOG] [Fast Refresh] done in 14ms @ http://localhost:3000/_next/static/chunks/112__next_dist_1a10hyl._.js:782
[ 2331314ms] [LOG] [Fast Refresh] done in 14ms @ http://localhost:3000/_next/static/chunks/112__next_dist_1a10hyl._.js:782
[ 2331370ms] [LOG] [Fast Refresh] done in 14ms @ http://localhost:3000/_next/static/chunks/112__next_dist_1a10hyl._.js:782
[ 2331410ms] [LOG] [Fast Refresh] done in 14ms @ http://localhost:3000/_next/static/chunks/112__next_dist_1a10hyl._.js:782
[ 2331487ms] [LOG] [Fast Refresh] done in 14ms @ http://localhost:3000/_next/static/chunks/112__next_dist_1a10hyl._.js:782
[ 2331611ms] [LOG] [Fast Refresh] done in 14ms @ http://localhost:3000/_next/static/chunks/112__next_dist_1a10hyl._.js:782
[ 2331714ms] [LOG] [Fast Refresh] done in 14ms @ http://localhost:3000/_next/static/chunks/112__next_dist_1a10hyl._.js:782
[ 2331821ms] [LOG] [Fast Refresh] done in 14ms @ http://localhost:3000/_next/static/chunks/112__next_dist_1a10hyl._.js:782
[ 2331927ms] [LOG] [Fast Refresh] done in 14ms @ http://localhost:3000/_next/static/chunks/112__next_dist_1a10hyl._.js:782
[ 2332029ms] [LOG] [Fast Refresh] done in 14ms @ http://localhost:3000/_next/static/chunks/112__next_dist_1a10hyl._.js:782
[ 2332134ms] [LOG] [Fast Refresh] done in 14ms @ http://localhost:3000/_next/static/chunks/112__next_dist_1a10hyl._.js:782
[ 2335495ms] [LOG] [Fast Refresh] rebuilding @ http://localhost:3000/_next/static/chunks/112__next_dist_1a10hyl._.js:782
[ 2335539ms] [LOG] [Fast Refresh] done in 12ms @ http://localhost:3000/_next/static/chunks/112__next_dist_1a10hyl._.js:782
[ 2335690ms] [LOG] [Fast Refresh] done in 12ms @ http://localhost:3000/_next/static/chunks/112__next_dist_1a10hyl._.js:782
[ 2335839ms] [LOG] [Fast Refresh] done in 12ms @ http://localhost:3000/_next/static/chunks/112__next_dist_1a10hyl._.js:782
[ 2335995ms] [LOG] [Fast Refresh] done in 12ms @ http://localhost:3000/_next/static/chunks/112__next_dist_1a10hyl._.js:782
[ 2342837ms] [LOG] [Fast Refresh] rebuilding @ http://localhost:3000/_next/static/chunks/112__next_dist_1a10hyl._.js:782
[ 2342880ms] [LOG] [Fast Refresh] done in 11ms @ http://localhost:3000/_next/static/chunks/112__next_dist_1a10hyl._.js:782
[ 2343040ms] [LOG] [Fast Refresh] done in 11ms @ http://localhost:3000/_next/static/chunks/112__next_dist_1a10hyl._.js:782
[ 2343180ms] [LOG] [Fast Refresh] done in 11ms @ http://localhost:3000/_next/static/chunks/112__next_dist_1a10hyl._.js:782
[ 2343338ms] [LOG] [Fast Refresh] done in 11ms @ http://localhost:3000/_next/static/chunks/112__next_dist_1a10hyl._.js:782
[ 2357565ms] [INFO] [2026-09-02T02:32:52.489Z] INFO: Processing pending mutations {"count":2} @ http://localhost:3000/_next/static/chunks/112__next_dist_1a10hyl._.js:782
[ 2357565ms] [WARNING] [2026-09-02T02:32:52.489Z] WARN: Mutation exceeded max retry attempts {"id":"aa1fa5af-c59c-48d4-bdf0-8d0d6b30d542","attempts":5,"entityType":"trip","lastError":"new row violates row-level security policy for table \"trips\""} @ http://localhost:3000/_next/static/chunks/112__next_dist_1a10hyl._.js:782
[ 2357565ms] [WARNING] [2026-09-02T02:32:52.489Z] WARN: Skipping mutation that exceeded max retries {"id":"aa1fa5af-c59c-48d4-bdf0-8d0d6b30d542","attempts":5,"entityType":"trip"} @ http://localhost:3000/_next/static/chunks/112__next_dist_1a10hyl._.js:782
[ 2357565ms] [WARNING] [2026-09-02T02:32:52.489Z] WARN: Mutation exceeded max retry attempts {"id":"bf7070d8-0bd1-4b7a-9e6c-8666ab0ddcb8","attempts":5,"entityType":"tripMember","lastError":"new row violates row-level security policy for table \"trip_members\""} @ http://localhost:3000/_next/static/chunks/112__next_dist_1a10hyl._.js:782
[ 2357566ms] [WARNING] [2026-09-02T02:32:52.489Z] WARN: Skipping mutation that exceeded max retries {"id":"bf7070d8-0bd1-4b7a-9e6c-8666ab0ddcb8","attempts":5,"entityType":"tripMember"} @ http://localhost:3000/_next/static/chunks/112__next_dist_1a10hyl._.js:782
[ 2357829ms] [LOG] [Fast Refresh] done in 11ms @ http://localhost:3000/_next/static/chunks/112__next_dist_1a10hyl._.js:782
[ 2358010ms] [LOG] [Fast Refresh] done in 11ms @ http://localhost:3000/_next/static/chunks/112__next_dist_1a10hyl._.js:782
[ 2358191ms] [LOG] [Fast Refresh] done in 11ms @ http://localhost:3000/_next/static/chunks/112__next_dist_1a10hyl._.js:782
[ 2358338ms] [LOG] [Fast Refresh] done in 11ms @ http://localhost:3000/_next/static/chunks/112__next_dist_1a10hyl._.js:782
[ 2358479ms] [LOG] [Fast Refresh] done in 11ms @ http://localhost:3000/_next/static/chunks/112__next_dist_1a10hyl._.js:782
[ 2358632ms] [LOG] [Fast Refresh] done in 11ms @ http://localhost:3000/_next/static/chunks/112__next_dist_1a10hyl._.js:782
[ 2358807ms] [LOG] [Fast Refresh] done in 11ms @ http://localhost:3000/_next/static/chunks/112__next_dist_1a10hyl._.js:782
[ 2358984ms] [LOG] [Fast Refresh] done in 11ms @ http://localhost:3000/_next/static/chunks/112__next_dist_1a10hyl._.js:782
[ 2359241ms] [LOG] [Fast Refresh] done in 11ms @ http://localhost:3000/_next/static/chunks/112__next_dist_1a10hyl._.js:782
[ 2359393ms] [LOG] [Fast Refresh] done in 11ms @ http://localhost:3000/_next/static/chunks/112__next_dist_1a10hyl._.js:782
[ 2359471ms] [INFO] [2026-09-02T02:32:54.394Z] INFO: Sync completed {"duration":1916,"successCount":0,"failureCount":0,"skippedCount":2,"remainingPending":2,"status":"error","diagnostics":{"totalAttempts":10,"successfulSyncs":4,"failedSyncs":0,"averageDuration":1803}} @ http://localhost:3000/_next/static/chunks/112__next_dist_1a10hyl._.js:782
[ 2359537ms] [LOG] [Fast Refresh] done in 11ms @ http://localhost:3000/_next/static/chunks/112__next_dist_1a10hyl._.js:782
[ 2359849ms] [LOG] [Fast Refresh] done in 11ms @ http://localhost:3000/_next/static/chunks/112__next_dist_1a10hyl._.js:782
[ 2360030ms] [LOG] [Fast Refresh] done in 11ms @ http://localhost:3000/_next/static/chunks/112__next_dist_1a10hyl._.js:782
[ 2360154ms] [LOG] [Fast Refresh] done in 11ms @ http://localhost:3000/_next/static/chunks/112__next_dist_1a10hyl._.js:782
[ 2360211ms] [LOG] [Fast Refresh] done in 11ms @ http://localhost:3000/_next/static/chunks/112__next_dist_1a10hyl._.js:782
[ 2360317ms] [LOG] [Fast Refresh] done in 11ms @ http://localhost:3000/_next/static/chunks/112__next_dist_1a10hyl._.js:782
[ 2360357ms] [LOG] [Fast Refresh] done in 11ms @ http://localhost:3000/_next/static/chunks/112__next_dist_1a10hyl._.js:782
[ 2360415ms] [LOG] [Fast Refresh] done in 11ms @ http://localhost:3000/_next/static/chunks/112__next_dist_1a10hyl._.js:782
[ 2360539ms] [LOG] [Fast Refresh] done in 11ms @ http://localhost:3000/_next/static/chunks/112__next_dist_1a10hyl._.js:782
[ 2360610ms] [LOG] [Fast Refresh] done in 11ms @ http://localhost:3000/_next/static/chunks/112__next_dist_1a10hyl._.js:782
[ 2360700ms] [LOG] [Fast Refresh] done in 11ms @ http://localhost:3000/_next/static/chunks/112__next_dist_1a10hyl._.js:782
[ 2360785ms] [LOG] [Fast Refresh] done in 11ms @ http://localhost:3000/_next/static/chunks/112__next_dist_1a10hyl._.js:782
[ 2360945ms] [LOG] [Fast Refresh] done in 11ms @ http://localhost:3000/_next/static/chunks/112__next_dist_1a10hyl._.js:782
[ 2360994ms] [LOG] [Fast Refresh] done in 11ms @ http://localhost:3000/_next/static/chunks/112__next_dist_1a10hyl._.js:782
[ 2361096ms] [LOG] [Fast Refresh] done in 11ms @ http://localhost:3000/_next/static/chunks/112__next_dist_1a10hyl._.js:782
[ 2361174ms] [LOG] [Fast Refresh] done in 11ms @ http://localhost:3000/_next/static/chunks/112__next_dist_1a10hyl._.js:782
[ 2361318ms] [LOG] [Fast Refresh] done in 11ms @ http://localhost:3000/_next/static/chunks/112__next_dist_1a10hyl._.js:782
[ 2361383ms] [LOG] [Fast Refresh] done in 11ms @ http://localhost:3000/_next/static/chunks/112__next_dist_1a10hyl._.js:782
[ 2361442ms] [LOG] [Fast Refresh] done in 11ms @ http://localhost:3000/_next/static/chunks/112__next_dist_1a10hyl._.js:782
[ 2361521ms] [LOG] [Fast Refresh] done in 11ms @ http://localhost:3000/_next/static/chunks/112__next_dist_1a10hyl._.js:782
[ 2361560ms] [LOG] [Fast Refresh] done in 11ms @ http://localhost:3000/_next/static/chunks/112__next_dist_1a10hyl._.js:782
[ 2361696ms] [LOG] [Fast Refresh] done in 11ms @ http://localhost:3000/_next/static/chunks/112__next_dist_1a10hyl._.js:782
[ 2361790ms] [LOG] [Fast Refresh] done in 11ms @ http://localhost:3000/_next/static/chunks/112__next_dist_1a10hyl._.js:782
[ 2361839ms] [LOG] [Fast Refresh] done in 11ms @ http://localhost:3000/_next/static/chunks/112__next_dist_1a10hyl._.js:782
[ 2361936ms] [LOG] [Fast Refresh] done in 11ms @ http://localhost:3000/_next/static/chunks/112__next_dist_1a10hyl._.js:782
[ 2362081ms] [LOG] [Fast Refresh] done in 11ms @ http://localhost:3000/_next/static/chunks/112__next_dist_1a10hyl._.js:782
[ 2387559ms] [INFO] [2026-09-02T02:33:22.482Z] INFO: Processing pending mutations {"count":2} @ http://localhost:3000/_next/static/chunks/112__next_dist_1a10hyl._.js:782
[ 2387559ms] [WARNING] [2026-09-02T02:33:22.482Z] WARN: Mutation exceeded max retry attempts {"id":"aa1fa5af-c59c-48d4-bdf0-8d0d6b30d542","attempts":5,"entityType":"trip","lastError":"new row violates row-level security policy for table \"trips\""} @ http://localhost:3000/_next/static/chunks/112__next_dist_1a10hyl._.js:782
[ 2387559ms] [WARNING] [2026-09-02T02:33:22.482Z] WARN: Skipping mutation that exceeded max retries {"id":"aa1fa5af-c59c-48d4-bdf0-8d0d6b30d542","attempts":5,"entityType":"trip"} @ http://localhost:3000/_next/static/chunks/112__next_dist_1a10hyl._.js:782
[ 2387559ms] [WARNING] [2026-09-02T02:33:22.482Z] WARN: Mutation exceeded max retry attempts {"id":"bf7070d8-0bd1-4b7a-9e6c-8666ab0ddcb8","attempts":5,"entityType":"tripMember","lastError":"new row violates row-level security policy for table \"trip_members\""} @ http://localhost:3000/_next/static/chunks/112__next_dist_1a10hyl._.js:782
[ 2387559ms] [WARNING] [2026-09-02T02:33:22.482Z] WARN: Skipping mutation that exceeded max retries {"id":"bf7070d8-0bd1-4b7a-9e6c-8666ab0ddcb8","attempts":5,"entityType":"tripMember"} @ http://localhost:3000/_next/static/chunks/112__next_dist_1a10hyl._.js:782
[ 2387776ms] [LOG] [Fast Refresh] done in 11ms @ http://localhost:3000/_next/static/chunks/112__next_dist_1a10hyl._.js:782
[ 2387936ms] [LOG] [Fast Refresh] done in 11ms @ http://localhost:3000/_next/static/chunks/112__next_dist_1a10hyl._.js:782
[ 2388094ms] [LOG] [Fast Refresh] done in 11ms @ http://localhost:3000/_next/static/chunks/112__next_dist_1a10hyl._.js:782
[ 2388240ms] [LOG] [Fast Refresh] done in 11ms @ http://localhost:3000/_next/static/chunks/112__next_dist_1a10hyl._.js:782
[ 2388412ms] [LOG] [Fast Refresh] done in 11ms @ http://localhost:3000/_next/static/chunks/112__next_dist_1a10hyl._.js:782
[ 2388564ms] [LOG] [Fast Refresh] done in 11ms @ http://localhost:3000/_next/static/chunks/112__next_dist_1a10hyl._.js:782
[ 2388701ms] [LOG] [Fast Refresh] done in 11ms @ http://localhost:3000/_next/static/chunks/112__next_dist_1a10hyl._.js:782
[ 2388864ms] [LOG] [Fast Refresh] done in 11ms @ http://localhost:3000/_next/static/chunks/112__next_dist_1a10hyl._.js:782
[ 2389014ms] [LOG] [Fast Refresh] done in 11ms @ http://localhost:3000/_next/static/chunks/112__next_dist_1a10hyl._.js:782
[ 2389156ms] [LOG] [Fast Refresh] done in 11ms @ http://localhost:3000/_next/static/chunks/112__next_dist_1a10hyl._.js:782
[ 2389237ms] [INFO] [2026-09-02T02:33:24.161Z] INFO: Sync completed {"duration":1683,"successCount":0,"failureCount":0,"skippedCount":2,"remainingPending":2,"status":"error","diagnostics":{"totalAttempts":11,"successfulSyncs":5,"failedSyncs":0,"averageDuration":1779}} @ http://localhost:3000/_next/static/chunks/112__next_dist_1a10hyl._.js:782
[ 2389303ms] [LOG] [Fast Refresh] done in 11ms @ http://localhost:3000/_next/static/chunks/112__next_dist_1a10hyl._.js:782
[ 2417560ms] [INFO] [2026-09-02T02:33:52.484Z] INFO: Processing pending mutations {"count":2} @ http://localhost:3000/_next/static/chunks/112__next_dist_1a10hyl._.js:782
[ 2417560ms] [WARNING] [2026-09-02T02:33:52.484Z] WARN: Mutation exceeded max retry attempts {"id":"aa1fa5af-c59c-48d4-bdf0-8d0d6b30d542","attempts":5,"entityType":"trip","lastError":"new row violates row-level security policy for table \"trips\""} @ http://localhost:3000/_next/static/chunks/112__next_dist_1a10hyl._.js:782
[ 2417560ms] [WARNING] [2026-09-02T02:33:52.484Z] WARN: Skipping mutation that exceeded max retries {"id":"aa1fa5af-c59c-48d4-bdf0-8d0d6b30d542","attempts":5,"entityType":"trip"} @ http://localhost:3000/_next/static/chunks/112__next_dist_1a10hyl._.js:782
[ 2417561ms] [WARNING] [2026-09-02T02:33:52.484Z] WARN: Mutation exceeded max retry attempts {"id":"bf7070d8-0bd1-4b7a-9e6c-8666ab0ddcb8","attempts":5,"entityType":"tripMember","lastError":"new row violates row-level security policy for table \"trip_members\""} @ http://localhost:3000/_next/static/chunks/112__next_dist_1a10hyl._.js:782
[ 2417561ms] [WARNING] [2026-09-02T02:33:52.484Z] WARN: Skipping mutation that exceeded max retries {"id":"bf7070d8-0bd1-4b7a-9e6c-8666ab0ddcb8","attempts":5,"entityType":"tripMember"} @ http://localhost:3000/_next/static/chunks/112__next_dist_1a10hyl._.js:782
[ 2417815ms] [LOG] [Fast Refresh] done in 11ms @ http://localhost:3000/_next/static/chunks/112__next_dist_1a10hyl._.js:782
[ 2417999ms] [LOG] [Fast Refresh] done in 11ms @ http://localhost:3000/_next/static/chunks/112__next_dist_1a10hyl._.js:782
[ 2418152ms] [LOG] [Fast Refresh] done in 11ms @ http://localhost:3000/_next/static/chunks/112__next_dist_1a10hyl._.js:782
[ 2418294ms] [LOG] [Fast Refresh] done in 11ms @ http://localhost:3000/_next/static/chunks/112__next_dist_1a10hyl._.js:782
[ 2418433ms] [LOG] [Fast Refresh] done in 11ms @ http://localhost:3000/_next/static/chunks/112__next_dist_1a10hyl._.js:782
[ 2418596ms] [LOG] [Fast Refresh] done in 11ms @ http://localhost:3000/_next/static/chunks/112__next_dist_1a10hyl._.js:782
[ 2418737ms] [LOG] [Fast Refresh] done in 11ms @ http://localhost:3000/_next/static/chunks/112__next_dist_1a10hyl._.js:782
[ 2418888ms] [LOG] [Fast Refresh] done in 11ms @ http://localhost:3000/_next/static/chunks/112__next_dist_1a10hyl._.js:782
[ 2419040ms] [LOG] [Fast Refresh] done in 11ms @ http://localhost:3000/_next/static/chunks/112__next_dist_1a10hyl._.js:782
[ 2419179ms] [LOG] [Fast Refresh] done in 11ms @ http://localhost:3000/_next/static/chunks/112__next_dist_1a10hyl._.js:782
[ 2419258ms] [INFO] [2026-09-02T02:33:54.182Z] INFO: Sync completed {"duration":1702,"successCount":0,"failureCount":0,"skippedCount":2,"remainingPending":2,"status":"error","diagnostics":{"totalAttempts":12,"successfulSyncs":6,"failedSyncs":0,"averageDuration":1766.1666666666667}} @ http://localhost:3000/_next/static/chunks/112__next_dist_1a10hyl._.js:782
[ 2419324ms] [LOG] [Fast Refresh] done in 11ms @ http://localhost:3000/_next/static/chunks/112__next_dist_1a10hyl._.js:782
[ 2419892ms] [LOG] [Fast Refresh] done in 11ms @ http://localhost:3000/_next/static/chunks/112__next_dist_1a10hyl._.js:782
[ 2420056ms] [LOG] [Fast Refresh] done in 11ms @ http://localhost:3000/_next/static/chunks/112__next_dist_1a10hyl._.js:782
[ 2420165ms] [LOG] [Fast Refresh] done in 11ms @ http://localhost:3000/_next/static/chunks/112__next_dist_1a10hyl._.js:782
[ 2420202ms] [LOG] [Fast Refresh] done in 11ms @ http://localhost:3000/_next/static/chunks/112__next_dist_1a10hyl._.js:782
[ 2420264ms] [LOG] [Fast Refresh] done in 11ms @ http://localhost:3000/_next/static/chunks/112__next_dist_1a10hyl._.js:782
[ 2420304ms] [LOG] [Fast Refresh] done in 11ms @ http://localhost:3000/_next/static/chunks/112__next_dist_1a10hyl._.js:782
[ 2420352ms] [LOG] [Fast Refresh] done in 11ms @ http://localhost:3000/_next/static/chunks/112__next_dist_1a10hyl._.js:782
[ 2420403ms] [LOG] [Fast Refresh] done in 11ms @ http://localhost:3000/_next/static/chunks/112__next_dist_1a10hyl._.js:782
[ 2420449ms] [LOG] [Fast Refresh] done in 11ms @ http://localhost:3000/_next/static/chunks/112__next_dist_1a10hyl._.js:782
[ 2420492ms] [LOG] [Fast Refresh] done in 11ms @ http://localhost:3000/_next/static/chunks/112__next_dist_1a10hyl._.js:782
[ 2420549ms] [LOG] [Fast Refresh] done in 11ms @ http://localhost:3000/_next/static/chunks/112__next_dist_1a10hyl._.js:782
[ 2420591ms] [LOG] [Fast Refresh] done in 11ms @ http://localhost:3000/_next/static/chunks/112__next_dist_1a10hyl._.js:782
[ 2420635ms] [LOG] [Fast Refresh] done in 11ms @ http://localhost:3000/_next/static/chunks/112__next_dist_1a10hyl._.js:782
[ 2420687ms] [LOG] [Fast Refresh] done in 11ms @ http://localhost:3000/_next/static/chunks/112__next_dist_1a10hyl._.js:782
[ 2420746ms] [LOG] [Fast Refresh] done in 11ms @ http://localhost:3000/_next/static/chunks/112__next_dist_1a10hyl._.js:782
[ 2420788ms] [LOG] [Fast Refresh] done in 11ms @ http://localhost:3000/_next/static/chunks/112__next_dist_1a10hyl._.js:782
[ 2420860ms] [LOG] [Fast Refresh] done in 11ms @ http://localhost:3000/_next/static/chunks/112__next_dist_1a10hyl._.js:782
[ 2420929ms] [LOG] [Fast Refresh] done in 11ms @ http://localhost:3000/_next/static/chunks/112__next_dist_1a10hyl._.js:782
[ 2420987ms] [LOG] [Fast Refresh] done in 11ms @ http://localhost:3000/_next/static/chunks/112__next_dist_1a10hyl._.js:782
[ 2421041ms] [LOG] [Fast Refresh] done in 11ms @ http://localhost:3000/_next/static/chunks/112__next_dist_1a10hyl._.js:782
[ 2421086ms] [LOG] [Fast Refresh] done in 11ms @ http://localhost:3000/_next/static/chunks/112__next_dist_1a10hyl._.js:782
[ 2421142ms] [LOG] [Fast Refresh] done in 11ms @ http://localhost:3000/_next/static/chunks/112__next_dist_1a10hyl._.js:782
[ 2421185ms] [LOG] [Fast Refresh] done in 11ms @ http://localhost:3000/_next/static/chunks/112__next_dist_1a10hyl._.js:782
[ 2421231ms] [LOG] [Fast Refresh] done in 11ms @ http://localhost:3000/_next/static/chunks/112__next_dist_1a10hyl._.js:782
[ 2421287ms] [LOG] [Fast Refresh] done in 11ms @ http://localhost:3000/_next/static/chunks/112__next_dist_1a10hyl._.js:782
[ 2421330ms] [LOG] [Fast Refresh] done in 11ms @ http://localhost:3000/_next/static/chunks/112__next_dist_1a10hyl._.js:782
[ 2421392ms] [LOG] [Fast Refresh] done in 11ms @ http://localhost:3000/_next/static/chunks/112__next_dist_1a10hyl._.js:782
[ 2421433ms] [LOG] [Fast Refresh] done in 11ms @ http://localhost:3000/_next/static/chunks/112__next_dist_1a10hyl._.js:782
[ 2421493ms] [LOG] [Fast Refresh] done in 11ms @ http://localhost:3000/_next/static/chunks/112__next_dist_1a10hyl._.js:782
[ 2421598ms] [LOG] [Fast Refresh] done in 11ms @ http://localhost:3000/_next/static/chunks/112__next_dist_1a10hyl._.js:782
[ 2447565ms] [INFO] [2026-09-02T02:34:22.489Z] INFO: Processing pending mutations {"count":2} @ http://localhost:3000/_next/static/chunks/112__next_dist_1a10hyl._.js:782
[ 2447565ms] [WARNING] [2026-09-02T02:34:22.489Z] WARN: Mutation exceeded max retry attempts {"id":"aa1fa5af-c59c-48d4-bdf0-8d0d6b30d542","attempts":5,"entityType":"trip","lastError":"new row violates row-level security policy for table \"trips\""} @ http://localhost:3000/_next/static/chunks/112__next_dist_1a10hyl._.js:782
[ 2447566ms] [WARNING] [2026-09-02T02:34:22.489Z] WARN: Skipping mutation that exceeded max retries {"id":"aa1fa5af-c59c-48d4-bdf0-8d0d6b30d542","attempts":5,"entityType":"trip"} @ http://localhost:3000/_next/static/chunks/112__next_dist_1a10hyl._.js:782
[ 2447566ms] [WARNING] [2026-09-02T02:34:22.489Z] WARN: Mutation exceeded max retry attempts {"id":"bf7070d8-0bd1-4b7a-9e6c-8666ab0ddcb8","attempts":5,"entityType":"tripMember","lastError":"new row violates row-level security policy for table \"trip_members\""} @ http://localhost:3000/_next/static/chunks/112__next_dist_1a10hyl._.js:782
[ 2447566ms] [WARNING] [2026-09-02T02:34:22.489Z] WARN: Skipping mutation that exceeded max retries {"id":"bf7070d8-0bd1-4b7a-9e6c-8666ab0ddcb8","attempts":5,"entityType":"tripMember"} @ http://localhost:3000/_next/static/chunks/112__next_dist_1a10hyl._.js:782
[ 2447787ms] [LOG] [Fast Refresh] done in 11ms @ http://localhost:3000/_next/static/chunks/112__next_dist_1a10hyl._.js:782
[ 2447941ms] [LOG] [Fast Refresh] done in 11ms @ http://localhost:3000/_next/static/chunks/112__next_dist_1a10hyl._.js:782
[ 2448079ms] [LOG] [Fast Refresh] done in 11ms @ http://localhost:3000/_next/static/chunks/112__next_dist_1a10hyl._.js:782
[ 2448231ms] [LOG] [Fast Refresh] done in 11ms @ http://localhost:3000/_next/static/chunks/112__next_dist_1a10hyl._.js:782
[ 2448369ms] [LOG] [Fast Refresh] done in 11ms @ http://localhost:3000/_next/static/chunks/112__next_dist_1a10hyl._.js:782
[ 2448524ms] [LOG] [Fast Refresh] done in 11ms @ http://localhost:3000/_next/static/chunks/112__next_dist_1a10hyl._.js:782
[ 2448663ms] [LOG] [Fast Refresh] done in 11ms @ http://localhost:3000/_next/static/chunks/112__next_dist_1a10hyl._.js:782
[ 2448830ms] [LOG] [Fast Refresh] done in 11ms @ http://localhost:3000/_next/static/chunks/112__next_dist_1a10hyl._.js:782
[ 2448983ms] [LOG] [Fast Refresh] done in 11ms @ http://localhost:3000/_next/static/chunks/112__next_dist_1a10hyl._.js:782
[ 2449137ms] [LOG] [Fast Refresh] done in 11ms @ http://localhost:3000/_next/static/chunks/112__next_dist_1a10hyl._.js:782
[ 2449225ms] [INFO] [2026-09-02T02:34:24.149Z] INFO: Sync completed {"duration":1669,"successCount":0,"failureCount":0,"skippedCount":2,"remainingPending":2,"status":"error","diagnostics":{"totalAttempts":13,"successfulSyncs":7,"failedSyncs":0,"averageDuration":1752.2857142857142}} @ http://localhost:3000/_next/static/chunks/112__next_dist_1a10hyl._.js:782
[ 2449293ms] [LOG] [Fast Refresh] done in 11ms @ http://localhost:3000/_next/static/chunks/112__next_dist_1a10hyl._.js:782
[ 2477567ms] [INFO] [2026-09-02T02:34:52.490Z] INFO: Processing pending mutations {"count":2} @ http://localhost:3000/_next/static/chunks/112__next_dist_1a10hyl._.js:782
[ 2477567ms] [WARNING] [2026-09-02T02:34:52.490Z] WARN: Mutation exceeded max retry attempts {"id":"aa1fa5af-c59c-48d4-bdf0-8d0d6b30d542","attempts":5,"entityType":"trip","lastError":"new row violates row-level security policy for table \"trips\""} @ http://localhost:3000/_next/static/chunks/112__next_dist_1a10hyl._.js:782
[ 2477567ms] [WARNING] [2026-09-02T02:34:52.490Z] WARN: Skipping mutation that exceeded max retries {"id":"aa1fa5af-c59c-48d4-bdf0-8d0d6b30d542","attempts":5,"entityType":"trip"} @ http://localhost:3000/_next/static/chunks/112__next_dist_1a10hyl._.js:782
[ 2477567ms] [WARNING] [2026-09-02T02:34:52.490Z] WARN: Mutation exceeded max retry attempts {"id":"bf7070d8-0bd1-4b7a-9e6c-8666ab0ddcb8","attempts":5,"entityType":"tripMember","lastError":"new row violates row-level security policy for table \"trip_members\""} @ http://localhost:3000/_next/static/chunks/112__next_dist_1a10hyl._.js:782
[ 2477567ms] [WARNING] [2026-09-02T02:34:52.490Z] WARN: Skipping mutation that exceeded max retries {"id":"bf7070d8-0bd1-4b7a-9e6c-8666ab0ddcb8","attempts":5,"entityType":"tripMember"} @ http://localhost:3000/_next/static/chunks/112__next_dist_1a10hyl._.js:782
[ 2477823ms] [LOG] [Fast Refresh] done in 11ms @ http://localhost:3000/_next/static/chunks/112__next_dist_1a10hyl._.js:782
[ 2477967ms] [LOG] [Fast Refresh] done in 11ms @ http://localhost:3000/_next/static/chunks/112__next_dist_1a10hyl._.js:782
[ 2478128ms] [LOG] [Fast Refresh] done in 11ms @ http://localhost:3000/_next/static/chunks/112__next_dist_1a10hyl._.js:782
[ 2478280ms] [LOG] [Fast Refresh] done in 11ms @ http://localhost:3000/_next/static/chunks/112__next_dist_1a10hyl._.js:782
[ 2478431ms] [LOG] [Fast Refresh] done in 11ms @ http://localhost:3000/_next/static/chunks/112__next_dist_1a10hyl._.js:782
[ 2478576ms] [LOG] [Fast Refresh] done in 11ms @ http://localhost:3000/_next/static/chunks/112__next_dist_1a10hyl._.js:782
[ 2478721ms] [LOG] [Fast Refresh] done in 11ms @ http://localhost:3000/_next/static/chunks/112__next_dist_1a10hyl._.js:782
[ 2478869ms] [LOG] [Fast Refresh] done in 11ms @ http://localhost:3000/_next/static/chunks/112__next_dist_1a10hyl._.js:782
[ 2479026ms] [LOG] [Fast Refresh] done in 11ms @ http://localhost:3000/_next/static/chunks/112__next_dist_1a10hyl._.js:782
[ 2479168ms] [LOG] [Fast Refresh] done in 11ms @ http://localhost:3000/_next/static/chunks/112__next_dist_1a10hyl._.js:782
[ 2479245ms] [INFO] [2026-09-02T02:34:54.168Z] INFO: Sync completed {"duration":1688,"successCount":0,"failureCount":0,"skippedCount":2,"remainingPending":2,"status":"error","diagnostics":{"totalAttempts":14,"successfulSyncs":8,"failedSyncs":0,"averageDuration":1744.25}} @ http://localhost:3000/_next/static/chunks/112__next_dist_1a10hyl._.js:782
[ 2479309ms] [LOG] [Fast Refresh] done in 11ms @ http://localhost:3000/_next/static/chunks/112__next_dist_1a10hyl._.js:782
[ 2479852ms] [LOG] [Fast Refresh] done in 11ms @ http://localhost:3000/_next/static/chunks/112__next_dist_1a10hyl._.js:782
[ 2479976ms] [LOG] [Fast Refresh] done in 11ms @ http://localhost:3000/_next/static/chunks/112__next_dist_1a10hyl._.js:782
[ 2480098ms] [LOG] [Fast Refresh] done in 11ms @ http://localhost:3000/_next/static/chunks/112__next_dist_1a10hyl._.js:782
[ 2480264ms] [LOG] [Fast Refresh] done in 11ms @ http://localhost:3000/_next/static/chunks/112__next_dist_1a10hyl._.js:782
[ 2480367ms] [LOG] [Fast Refresh] done in 11ms @ http://localhost:3000/_next/static/chunks/112__next_dist_1a10hyl._.js:782
[ 2480479ms] [LOG] [Fast Refresh] done in 11ms @ http://localhost:3000/_next/static/chunks/112__next_dist_1a10hyl._.js:782
[ 2480573ms] [LOG] [Fast Refresh] done in 11ms @ http://localhost:3000/_next/static/chunks/112__next_dist_1a10hyl._.js:782
[ 2480620ms] [LOG] [Fast Refresh] done in 11ms @ http://localhost:3000/_next/static/chunks/112__next_dist_1a10hyl._.js:782
[ 2480670ms] [LOG] [Fast Refresh] done in 11ms @ http://localhost:3000/_next/static/chunks/112__next_dist_1a10hyl._.js:782
[ 2480776ms] [LOG] [Fast Refresh] done in 11ms @ http://localhost:3000/_next/static/chunks/112__next_dist_1a10hyl._.js:782
[ 2480874ms] [LOG] [Fast Refresh] done in 11ms @ http://localhost:3000/_next/static/chunks/112__next_dist_1a10hyl._.js:782
[ 2480958ms] [LOG] [Fast Refresh] done in 11ms @ http://localhost:3000/_next/static/chunks/112__next_dist_1a10hyl._.js:782
[ 2481021ms] [LOG] [Fast Refresh] done in 11ms @ http://localhost:3000/_next/static/chunks/112__next_dist_1a10hyl._.js:782
[ 2481120ms] [LOG] [Fast Refresh] done in 11ms @ http://localhost:3000/_next/static/chunks/112__next_dist_1a10hyl._.js:782
[ 2481168ms] [LOG] [Fast Refresh] done in 11ms @ http://localhost:3000/_next/static/chunks/112__next_dist_1a10hyl._.js:782
[ 2481274ms] [LOG] [Fast Refresh] done in 11ms @ http://localhost:3000/_next/static/chunks/112__next_dist_1a10hyl._.js:782
[ 2481388ms] [LOG] [Fast Refresh] done in 11ms @ http://localhost:3000/_next/static/chunks/112__next_dist_1a10hyl._.js:782
[ 2481602ms] [LOG] [Fast Refresh] done in 11ms @ http://localhost:3000/_next/static/chunks/112__next_dist_1a10hyl._.js:782
[ 2507566ms] [INFO] [2026-09-02T02:35:22.490Z] INFO: Processing pending mutations {"count":2} @ http://localhost:3000/_next/static/chunks/112__next_dist_1a10hyl._.js:782
[ 2507566ms] [WARNING] [2026-09-02T02:35:22.490Z] WARN: Mutation exceeded max retry attempts {"id":"aa1fa5af-c59c-48d4-bdf0-8d0d6b30d542","attempts":5,"entityType":"trip","lastError":"new row violates row-level security policy for table \"trips\""} @ http://localhost:3000/_next/static/chunks/112__next_dist_1a10hyl._.js:782
[ 2507566ms] [WARNING] [2026-09-02T02:35:22.490Z] WARN: Skipping mutation that exceeded max retries {"id":"aa1fa5af-c59c-48d4-bdf0-8d0d6b30d542","attempts":5,"entityType":"trip"} @ http://localhost:3000/_next/static/chunks/112__next_dist_1a10hyl._.js:782
[ 2507566ms] [WARNING] [2026-09-02T02:35:22.490Z] WARN: Mutation exceeded max retry attempts {"id":"bf7070d8-0bd1-4b7a-9e6c-8666ab0ddcb8","attempts":5,"entityType":"tripMember","lastError":"new row violates row-level security policy for table \"trip_members\""} @ http://localhost:3000/_next/static/chunks/112__next_dist_1a10hyl._.js:782
[ 2507567ms] [WARNING] [2026-09-02T02:35:22.490Z] WARN: Skipping mutation that exceeded max retries {"id":"bf7070d8-0bd1-4b7a-9e6c-8666ab0ddcb8","attempts":5,"entityType":"tripMember"} @ http://localhost:3000/_next/static/chunks/112__next_dist_1a10hyl._.js:782
[ 2507791ms] [LOG] [Fast Refresh] done in 11ms @ http://localhost:3000/_next/static/chunks/112__next_dist_1a10hyl._.js:782
[ 2507937ms] [LOG] [Fast Refresh] done in 11ms @ http://localhost:3000/_next/static/chunks/112__next_dist_1a10hyl._.js:782
[ 2508078ms] [LOG] [Fast Refresh] done in 11ms @ http://localhost:3000/_next/static/chunks/112__next_dist_1a10hyl._.js:782
[ 2508223ms] [LOG] [Fast Refresh] done in 11ms @ http://localhost:3000/_next/static/chunks/112__next_dist_1a10hyl._.js:782
[ 2508369ms] [LOG] [Fast Refresh] done in 11ms @ http://localhost:3000/_next/static/chunks/112__next_dist_1a10hyl._.js:782
[ 2508501ms] [LOG] [Fast Refresh] done in 11ms @ http://localhost:3000/_next/static/chunks/112__next_dist_1a10hyl._.js:782
[ 2508642ms] [LOG] [Fast Refresh] done in 11ms @ http://localhost:3000/_next/static/chunks/112__next_dist_1a10hyl._.js:782
[ 2508788ms] [LOG] [Fast Refresh] done in 11ms @ http://localhost:3000/_next/static/chunks/112__next_dist_1a10hyl._.js:782
[ 2508946ms] [LOG] [Fast Refresh] done in 11ms @ http://localhost:3000/_next/static/chunks/112__next_dist_1a10hyl._.js:782
[ 2509087ms] [LOG] [Fast Refresh] done in 11ms @ http://localhost:3000/_next/static/chunks/112__next_dist_1a10hyl._.js:782
[ 2509162ms] [INFO] [2026-09-02T02:35:24.086Z] INFO: Sync completed {"duration":1605,"successCount":0,"failureCount":0,"skippedCount":2,"remainingPending":2,"status":"error","diagnostics":{"totalAttempts":15,"successfulSyncs":9,"failedSyncs":0,"averageDuration":1728.7777777777778}} @ http://localhost:3000/_next/static/chunks/112__next_dist_1a10hyl._.js:782
[ 2509227ms] [LOG] [Fast Refresh] done in 11ms @ http://localhost:3000/_next/static/chunks/112__next_dist_1a10hyl._.js:782
[ 2537567ms] [INFO] [2026-09-02T02:35:52.491Z] INFO: Processing pending mutations {"count":2} @ http://localhost:3000/_next/static/chunks/112__next_dist_1a10hyl._.js:782
[ 2537567ms] [WARNING] [2026-09-02T02:35:52.491Z] WARN: Mutation exceeded max retry attempts {"id":"aa1fa5af-c59c-48d4-bdf0-8d0d6b30d542","attempts":5,"entityType":"trip","lastError":"new row violates row-level security policy for table \"trips\""} @ http://localhost:3000/_next/static/chunks/112__next_dist_1a10hyl._.js:782
[ 2537567ms] [WARNING] [2026-09-02T02:35:52.491Z] WARN: Skipping mutation that exceeded max retries {"id":"aa1fa5af-c59c-48d4-bdf0-8d0d6b30d542","attempts":5,"entityType":"trip"} @ http://localhost:3000/_next/static/chunks/112__next_dist_1a10hyl._.js:782
[ 2537567ms] [WARNING] [2026-09-02T02:35:52.491Z] WARN: Mutation exceeded max retry attempts {"id":"bf7070d8-0bd1-4b7a-9e6c-8666ab0ddcb8","attempts":5,"entityType":"tripMember","lastError":"new row violates row-level security policy for table \"trip_members\""} @ http://localhost:3000/_next/static/chunks/112__next_dist_1a10hyl._.js:782
[ 2537568ms] [WARNING] [2026-09-02T02:35:52.491Z] WARN: Skipping mutation that exceeded max retries {"id":"bf7070d8-0bd1-4b7a-9e6c-8666ab0ddcb8","attempts":5,"entityType":"tripMember"} @ http://localhost:3000/_next/static/chunks/112__next_dist_1a10hyl._.js:782
[ 2537855ms] [LOG] [Fast Refresh] done in 11ms @ http://localhost:3000/_next/static/chunks/112__next_dist_1a10hyl._.js:782
[ 2538070ms] [LOG] [Fast Refresh] done in 11ms @ http://localhost:3000/_next/static/chunks/112__next_dist_1a10hyl._.js:782
[ 2538251ms] [LOG] [Fast Refresh] done in 11ms @ http://localhost:3000/_next/static/chunks/112__next_dist_1a10hyl._.js:782
[ 2538414ms] [LOG] [Fast Refresh] done in 11ms @ http://localhost:3000/_next/static/chunks/112__next_dist_1a10hyl._.js:782
[ 2538559ms] [LOG] [Fast Refresh] done in 11ms @ http://localhost:3000/_next/static/chunks/112__next_dist_1a10hyl._.js:782
[ 2538701ms] [LOG] [Fast Refresh] done in 11ms @ http://localhost:3000/_next/static/chunks/112__next_dist_1a10hyl._.js:782
[ 2538848ms] [LOG] [Fast Refresh] done in 11ms @ http://localhost:3000/_next/static/chunks/112__next_dist_1a10hyl._.js:782
[ 2539007ms] [LOG] [Fast Refresh] done in 11ms @ http://localhost:3000/_next/static/chunks/112__next_dist_1a10hyl._.js:782
[ 2539199ms] [LOG] [Fast Refresh] done in 11ms @ http://localhost:3000/_next/static/chunks/112__next_dist_1a10hyl._.js:782
[ 2539414ms] [LOG] [Fast Refresh] done in 11ms @ http://localhost:3000/_next/static/chunks/112__next_dist_1a10hyl._.js:782
[ 2539513ms] [INFO] [2026-09-02T02:35:54.437Z] INFO: Sync completed {"duration":1956,"successCount":0,"failureCount":0,"skippedCount":2,"remainingPending":2,"status":"error","diagnostics":{"totalAttempts":16,"successfulSyncs":10,"failedSyncs":0,"averageDuration":1751.5}} @ http://localhost:3000/_next/static/chunks/112__next_dist_1a10hyl._.js:782
[ 2539579ms] [LOG] [Fast Refresh] done in 11ms @ http://localhost:3000/_next/static/chunks/112__next_dist_1a10hyl._.js:782
[ 2539908ms] [LOG] [Fast Refresh] done in 11ms @ http://localhost:3000/_next/static/chunks/112__next_dist_1a10hyl._.js:782
[ 2540051ms] [LOG] [Fast Refresh] done in 11ms @ http://localhost:3000/_next/static/chunks/112__next_dist_1a10hyl._.js:782
[ 2540160ms] [LOG] [Fast Refresh] done in 11ms @ http://localhost:3000/_next/static/chunks/112__next_dist_1a10hyl._.js:782
[ 2540311ms] [LOG] [Fast Refresh] done in 11ms @ http://localhost:3000/_next/static/chunks/112__next_dist_1a10hyl._.js:782
[ 2540359ms] [LOG] [Fast Refresh] done in 11ms @ http://localhost:3000/_next/static/chunks/112__next_dist_1a10hyl._.js:782
[ 2540476ms] [LOG] [Fast Refresh] done in 11ms @ http://localhost:3000/_next/static/chunks/112__next_dist_1a10hyl._.js:782
[ 2540575ms] [LOG] [Fast Refresh] done in 11ms @ http://localhost:3000/_next/static/chunks/112__next_dist_1a10hyl._.js:782
[ 2540709ms] [LOG] [Fast Refresh] done in 11ms @ http://localhost:3000/_next/static/chunks/112__next_dist_1a10hyl._.js:782
[ 2540823ms] [LOG] [Fast Refresh] done in 11ms @ http://localhost:3000/_next/static/chunks/112__next_dist_1a10hyl._.js:782
[ 2540926ms] [LOG] [Fast Refresh] done in 11ms @ http://localhost:3000/_next/static/chunks/112__next_dist_1a10hyl._.js:782
[ 2541029ms] [LOG] [Fast Refresh] done in 11ms @ http://localhost:3000/_next/static/chunks/112__next_dist_1a10hyl._.js:782
[ 2541130ms] [LOG] [Fast Refresh] done in 11ms @ http://localhost:3000/_next/static/chunks/112__next_dist_1a10hyl._.js:782
[ 2541193ms] [LOG] [Fast Refresh] done in 11ms @ http://localhost:3000/_next/static/chunks/112__next_dist_1a10hyl._.js:782
[ 2541239ms] [LOG] [Fast Refresh] done in 11ms @ http://localhost:3000/_next/static/chunks/112__next_dist_1a10hyl._.js:782
[ 2541315ms] [LOG] [Fast Refresh] done in 11ms @ http://localhost:3000/_next/static/chunks/112__next_dist_1a10hyl._.js:782
[ 2541417ms] [LOG] [Fast Refresh] done in 11ms @ http://localhost:3000/_next/static/chunks/112__next_dist_1a10hyl._.js:782
[ 2541468ms] [LOG] [Fast Refresh] done in 11ms @ http://localhost:3000/_next/static/chunks/112__next_dist_1a10hyl._.js:782
[ 2541524ms] [LOG] [Fast Refresh] done in 11ms @ http://localhost:3000/_next/static/chunks/112__next_dist_1a10hyl._.js:782
[ 2541608ms] [LOG] [Fast Refresh] done in 11ms @ http://localhost:3000/_next/static/chunks/112__next_dist_1a10hyl._.js:782
[ 2541687ms] [LOG] [Fast Refresh] done in 11ms @ http://localhost:3000/_next/static/chunks/112__next_dist_1a10hyl._.js:782
[ 2541803ms] [LOG] [Fast Refresh] done in 11ms @ http://localhost:3000/_next/static/chunks/112__next_dist_1a10hyl._.js:782
[ 2567559ms] [INFO] [2026-09-02T02:36:22.483Z] INFO: Processing pending mutations {"count":2} @ http://localhost:3000/_next/static/chunks/112__next_dist_1a10hyl._.js:782
[ 2567559ms] [WARNING] [2026-09-02T02:36:22.483Z] WARN: Mutation exceeded max retry attempts {"id":"aa1fa5af-c59c-48d4-bdf0-8d0d6b30d542","attempts":5,"entityType":"trip","lastError":"new row violates row-level security policy for table \"trips\""} @ http://localhost:3000/_next/static/chunks/112__next_dist_1a10hyl._.js:782
[ 2567559ms] [WARNING] [2026-09-02T02:36:22.483Z] WARN: Skipping mutation that exceeded max retries {"id":"aa1fa5af-c59c-48d4-bdf0-8d0d6b30d542","attempts":5,"entityType":"trip"} @ http://localhost:3000/_next/static/chunks/112__next_dist_1a10hyl._.js:782
[ 2567559ms] [WARNING] [2026-09-02T02:36:22.483Z] WARN: Mutation exceeded max retry attempts {"id":"bf7070d8-0bd1-4b7a-9e6c-8666ab0ddcb8","attempts":5,"entityType":"tripMember","lastError":"new row violates row-level security policy for table \"trip_members\""} @ http://localhost:3000/_next/static/chunks/112__next_dist_1a10hyl._.js:782
[ 2567559ms] [WARNING] [2026-09-02T02:36:22.483Z] WARN: Skipping mutation that exceeded max retries {"id":"bf7070d8-0bd1-4b7a-9e6c-8666ab0ddcb8","attempts":5,"entityType":"tripMember"} @ http://localhost:3000/_next/static/chunks/112__next_dist_1a10hyl._.js:782
[ 2567790ms] [LOG] [Fast Refresh] done in 11ms @ http://localhost:3000/_next/static/chunks/112__next_dist_1a10hyl._.js:782
[ 2567940ms] [LOG] [Fast Refresh] done in 11ms @ http://localhost:3000/_next/static/chunks/112__next_dist_1a10hyl._.js:782
[ 2568080ms] [LOG] [Fast Refresh] done in 11ms @ http://localhost:3000/_next/static/chunks/112__next_dist_1a10hyl._.js:782
[ 2568219ms] [LOG] [Fast Refresh] done in 11ms @ http://localhost:3000/_next/static/chunks/112__next_dist_1a10hyl._.js:782
[ 2568373ms] [LOG] [Fast Refresh] done in 11ms @ http://localhost:3000/_next/static/chunks/112__next_dist_1a10hyl._.js:782
[ 2568519ms] [LOG] [Fast Refresh] done in 11ms @ http://localhost:3000/_next/static/chunks/112__next_dist_1a10hyl._.js:782
[ 2568659ms] [LOG] [Fast Refresh] done in 11ms @ http://localhost:3000/_next/static/chunks/112__next_dist_1a10hyl._.js:782
[ 2568804ms] [LOG] [Fast Refresh] done in 11ms @ http://localhost:3000/_next/static/chunks/112__next_dist_1a10hyl._.js:782
[ 2568954ms] [LOG] [Fast Refresh] done in 11ms @ http://localhost:3000/_next/static/chunks/112__next_dist_1a10hyl._.js:782
[ 2569105ms] [LOG] [Fast Refresh] done in 11ms @ http://localhost:3000/_next/static/chunks/112__next_dist_1a10hyl._.js:782
[ 2569193ms] [INFO] [2026-09-02T02:36:24.117Z] INFO: Sync completed {"duration":1636,"successCount":0,"failureCount":0,"skippedCount":2,"remainingPending":2,"status":"error","diagnostics":{"totalAttempts":17,"successfulSyncs":11,"failedSyncs":0,"averageDuration":1741}} @ http://localhost:3000/_next/static/chunks/112__next_dist_1a10hyl._.js:782
[ 2569258ms] [LOG] [Fast Refresh] done in 11ms @ http://localhost:3000/_next/static/chunks/112__next_dist_1a10hyl._.js:782
[ 2591424ms] [LOG] [Fast Refresh] done in 11ms @ http://localhost:3000/_next/static/chunks/112__next_dist_1a10hyl._.js:782
[ 2597567ms] [INFO] [2026-09-02T02:36:52.490Z] INFO: Processing pending mutations {"count":2} @ http://localhost:3000/_next/static/chunks/112__next_dist_1a10hyl._.js:782
[ 2597567ms] [WARNING] [2026-09-02T02:36:52.491Z] WARN: Mutation exceeded max retry attempts {"id":"aa1fa5af-c59c-48d4-bdf0-8d0d6b30d542","attempts":5,"entityType":"trip","lastError":"new row violates row-level security policy for table \"trips\""} @ http://localhost:3000/_next/static/chunks/112__next_dist_1a10hyl._.js:782
[ 2597567ms] [WARNING] [2026-09-02T02:36:52.491Z] WARN: Skipping mutation that exceeded max retries {"id":"aa1fa5af-c59c-48d4-bdf0-8d0d6b30d542","attempts":5,"entityType":"trip"} @ http://localhost:3000/_next/static/chunks/112__next_dist_1a10hyl._.js:782
[ 2597567ms] [WARNING] [2026-09-02T02:36:52.491Z] WARN: Mutation exceeded max retry attempts {"id":"bf7070d8-0bd1-4b7a-9e6c-8666ab0ddcb8","attempts":5,"entityType":"tripMember","lastError":"new row violates row-level security policy for table \"trip_members\""} @ http://localhost:3000/_next/static/chunks/112__next_dist_1a10hyl._.js:782
[ 2597567ms] [WARNING] [2026-09-02T02:36:52.491Z] WARN: Skipping mutation that exceeded max retries {"id":"bf7070d8-0bd1-4b7a-9e6c-8666ab0ddcb8","attempts":5,"entityType":"tripMember"} @ http://localhost:3000/_next/static/chunks/112__next_dist_1a10hyl._.js:782
[ 2597847ms] [LOG] [Fast Refresh] done in 11ms @ http://localhost:3000/_next/static/chunks/112__next_dist_1a10hyl._.js:782
[ 2598112ms] [LOG] [Fast Refresh] done in 11ms @ http://localhost:3000/_next/static/chunks/112__next_dist_1a10hyl._.js:782
[ 2598388ms] [LOG] [Fast Refresh] done in 11ms @ http://localhost:3000/_next/static/chunks/112__next_dist_1a10hyl._.js:782
[ 2598557ms] [LOG] [Fast Refresh] done in 11ms @ http://localhost:3000/_next/static/chunks/112__next_dist_1a10hyl._.js:782
[ 2598688ms] [LOG] [Fast Refresh] done in 11ms @ http://localhost:3000/_next/static/chunks/112__next_dist_1a10hyl._.js:782
[ 2598865ms] [LOG] [Fast Refresh] done in 11ms @ http://localhost:3000/_next/static/chunks/112__next_dist_1a10hyl._.js:782
[ 2599017ms] [LOG] [Fast Refresh] done in 11ms @ http://localhost:3000/_next/static/chunks/112__next_dist_1a10hyl._.js:782
[ 2599184ms] [LOG] [Fast Refresh] done in 11ms @ http://localhost:3000/_next/static/chunks/112__next_dist_1a10hyl._.js:782
[ 2599361ms] [LOG] [Fast Refresh] done in 11ms @ http://localhost:3000/_next/static/chunks/112__next_dist_1a10hyl._.js:782
[ 2599626ms] [LOG] [Fast Refresh] done in 11ms @ http://localhost:3000/_next/static/chunks/112__next_dist_1a10hyl._.js:782
[ 2599749ms] [INFO] [2026-09-02T02:36:54.673Z] INFO: Sync completed {"duration":2191,"successCount":0,"failureCount":0,"skippedCount":2,"remainingPending":2,"status":"error","diagnostics":{"totalAttempts":18,"successfulSyncs":12,"failedSyncs":0,"averageDuration":1778.5}} @ http://localhost:3000/_next/static/chunks/112__next_dist_1a10hyl._.js:782
[ 2599829ms] [LOG] [Fast Refresh] done in 11ms @ http://localhost:3000/_next/static/chunks/112__next_dist_1a10hyl._.js:782
[ 2599983ms] [LOG] [Fast Refresh] done in 11ms @ http://localhost:3000/_next/static/chunks/112__next_dist_1a10hyl._.js:782
[ 2600105ms] [LOG] [Fast Refresh] done in 11ms @ http://localhost:3000/_next/static/chunks/112__next_dist_1a10hyl._.js:782
[ 2600236ms] [LOG] [Fast Refresh] done in 11ms @ http://localhost:3000/_next/static/chunks/112__next_dist_1a10hyl._.js:782
[ 2600375ms] [LOG] [Fast Refresh] done in 11ms @ http://localhost:3000/_next/static/chunks/112__next_dist_1a10hyl._.js:782
[ 2600468ms] [LOG] [Fast Refresh] done in 11ms @ http://localhost:3000/_next/static/chunks/112__next_dist_1a10hyl._.js:782
[ 2600515ms] [LOG] [Fast Refresh] done in 11ms @ http://localhost:3000/_next/static/chunks/112__next_dist_1a10hyl._.js:782
[ 2600563ms] [LOG] [Fast Refresh] done in 11ms @ http://localhost:3000/_next/static/chunks/112__next_dist_1a10hyl._.js:782
[ 2600606ms] [LOG] [Fast Refresh] done in 11ms @ http://localhost:3000/_next/static/chunks/112__next_dist_1a10hyl._.js:782
[ 2600654ms] [LOG] [Fast Refresh] done in 11ms @ http://localhost:3000/_next/static/chunks/112__next_dist_1a10hyl._.js:782
[ 2600696ms] [LOG] [Fast Refresh] done in 11ms @ http://localhost:3000/_next/static/chunks/112__next_dist_1a10hyl._.js:782
[ 2600792ms] [LOG] [Fast Refresh] done in 11ms @ http://localhost:3000/_next/static/chunks/112__next_dist_1a10hyl._.js:782
[ 2600886ms] [LOG] [Fast Refresh] done in 11ms @ http://localhost:3000/_next/static/chunks/112__next_dist_1a10hyl._.js:782
[ 2600924ms] [LOG] [Fast Refresh] done in 11ms @ http://localhost:3000/_next/static/chunks/112__next_dist_1a10hyl._.js:782
[ 2600973ms] [LOG] [Fast Refresh] done in 11ms @ http://localhost:3000/_next/static/chunks/112__next_dist_1a10hyl._.js:782
[ 2601089ms] [LOG] [Fast Refresh] done in 11ms @ http://localhost:3000/_next/static/chunks/112__next_dist_1a10hyl._.js:782
[ 2601206ms] [LOG] [Fast Refresh] done in 11ms @ http://localhost:3000/_next/static/chunks/112__next_dist_1a10hyl._.js:782
[ 2601282ms] [LOG] [Fast Refresh] done in 11ms @ http://localhost:3000/_next/static/chunks/112__next_dist_1a10hyl._.js:782
[ 2601338ms] [LOG] [Fast Refresh] done in 11ms @ http://localhost:3000/_next/static/chunks/112__next_dist_1a10hyl._.js:782
[ 2601427ms] [LOG] [Fast Refresh] done in 11ms @ http://localhost:3000/_next/static/chunks/112__next_dist_1a10hyl._.js:782
[ 2601528ms] [LOG] [Fast Refresh] done in 11ms @ http://localhost:3000/_next/static/chunks/112__next_dist_1a10hyl._.js:782
[ 2627567ms] [INFO] [2026-09-02T02:37:22.490Z] INFO: Processing pending mutations {"count":2} @ http://localhost:3000/_next/static/chunks/112__next_dist_1a10hyl._.js:782
[ 2627567ms] [WARNING] [2026-09-02T02:37:22.490Z] WARN: Mutation exceeded max retry attempts {"id":"aa1fa5af-c59c-48d4-bdf0-8d0d6b30d542","attempts":5,"entityType":"trip","lastError":"new row violates row-level security policy for table \"trips\""} @ http://localhost:3000/_next/static/chunks/112__next_dist_1a10hyl._.js:782
[ 2627567ms] [WARNING] [2026-09-02T02:37:22.490Z] WARN: Skipping mutation that exceeded max retries {"id":"aa1fa5af-c59c-48d4-bdf0-8d0d6b30d542","attempts":5,"entityType":"trip"} @ http://localhost:3000/_next/static/chunks/112__next_dist_1a10hyl._.js:782
[ 2627567ms] [WARNING] [2026-09-02T02:37:22.490Z] WARN: Mutation exceeded max retry attempts {"id":"bf7070d8-0bd1-4b7a-9e6c-8666ab0ddcb8","attempts":5,"entityType":"tripMember","lastError":"new row violates row-level security policy for table \"trip_members\""} @ http://localhost:3000/_next/static/chunks/112__next_dist_1a10hyl._.js:782
[ 2627567ms] [WARNING] [2026-09-02T02:37:22.490Z] WARN: Skipping mutation that exceeded max retries {"id":"bf7070d8-0bd1-4b7a-9e6c-8666ab0ddcb8","attempts":5,"entityType":"tripMember"} @ http://localhost:3000/_next/static/chunks/112__next_dist_1a10hyl._.js:782
[ 2627789ms] [LOG] [Fast Refresh] done in 11ms @ http://localhost:3000/_next/static/chunks/112__next_dist_1a10hyl._.js:782
[ 2627945ms] [LOG] [Fast Refresh] done in 11ms @ http://localhost:3000/_next/static/chunks/112__next_dist_1a10hyl._.js:782
[ 2628088ms] [LOG] [Fast Refresh] done in 11ms @ http://localhost:3000/_next/static/chunks/112__next_dist_1a10hyl._.js:782
[ 2628235ms] [LOG] [Fast Refresh] done in 11ms @ http://localhost:3000/_next/static/chunks/112__next_dist_1a10hyl._.js:782
[ 2628381ms] [LOG] [Fast Refresh] done in 11ms @ http://localhost:3000/_next/static/chunks/112__next_dist_1a10hyl._.js:782
[ 2628532ms] [LOG] [Fast Refresh] done in 11ms @ http://localhost:3000/_next/static/chunks/112__next_dist_1a10hyl._.js:782
[ 2628665ms] [LOG] [Fast Refresh] done in 11ms @ http://localhost:3000/_next/static/chunks/112__next_dist_1a10hyl._.js:782
[ 2628826ms] [LOG] [Fast Refresh] done in 11ms @ http://localhost:3000/_next/static/chunks/112__next_dist_1a10hyl._.js:782
[ 2628977ms] [LOG] [Fast Refresh] done in 11ms @ http://localhost:3000/_next/static/chunks/112__next_dist_1a10hyl._.js:782
[ 2629123ms] [LOG] [Fast Refresh] done in 11ms @ http://localhost:3000/_next/static/chunks/112__next_dist_1a10hyl._.js:782
[ 2629201ms] [INFO] [2026-09-02T02:37:24.124Z] INFO: Sync completed {"duration":1641,"successCount":0,"failureCount":0,"skippedCount":2,"remainingPending":2,"status":"error","diagnostics":{"totalAttempts":19,"successfulSyncs":13,"failedSyncs":0,"averageDuration":1767.923076923077}} @ http://localhost:3000/_next/static/chunks/112__next_dist_1a10hyl._.js:782
[ 2629266ms] [LOG] [Fast Refresh] done in 11ms @ http://localhost:3000/_next/static/chunks/112__next_dist_1a10hyl._.js:782
[ 2657571ms] [INFO] [2026-09-02T02:37:52.494Z] INFO: Processing pending mutations {"count":2} @ http://localhost:3000/_next/static/chunks/112__next_dist_1a10hyl._.js:782
[ 2657571ms] [WARNING] [2026-09-02T02:37:52.494Z] WARN: Mutation exceeded max retry attempts {"id":"aa1fa5af-c59c-48d4-bdf0-8d0d6b30d542","attempts":5,"entityType":"trip","lastError":"new row violates row-level security policy for table \"trips\""} @ http://localhost:3000/_next/static/chunks/112__next_dist_1a10hyl._.js:782
[ 2657571ms] [WARNING] [2026-09-02T02:37:52.494Z] WARN: Skipping mutation that exceeded max retries {"id":"aa1fa5af-c59c-48d4-bdf0-8d0d6b30d542","attempts":5,"entityType":"trip"} @ http://localhost:3000/_next/static/chunks/112__next_dist_1a10hyl._.js:782
[ 2657571ms] [WARNING] [2026-09-02T02:37:52.494Z] WARN: Mutation exceeded max retry attempts {"id":"bf7070d8-0bd1-4b7a-9e6c-8666ab0ddcb8","attempts":5,"entityType":"tripMember","lastError":"new row violates row-level security policy for table \"trip_members\""} @ http://localhost:3000/_next/static/chunks/112__next_dist_1a10hyl._.js:782
[ 2657571ms] [WARNING] [2026-09-02T02:37:52.495Z] WARN: Skipping mutation that exceeded max retries {"id":"bf7070d8-0bd1-4b7a-9e6c-8666ab0ddcb8","attempts":5,"entityType":"tripMember"} @ http://localhost:3000/_next/static/chunks/112__next_dist_1a10hyl._.js:782
[ 2657820ms] [LOG] [Fast Refresh] done in 11ms @ http://localhost:3000/_next/static/chunks/112__next_dist_1a10hyl._.js:782
[ 2657979ms] [LOG] [Fast Refresh] done in 11ms @ http://localhost:3000/_next/static/chunks/112__next_dist_1a10hyl._.js:782
[ 2658126ms] [LOG] [Fast Refresh] done in 11ms @ http://localhost:3000/_next/static/chunks/112__next_dist_1a10hyl._.js:782
[ 2658271ms] [LOG] [Fast Refresh] done in 11ms @ http://localhost:3000/_next/static/chunks/112__next_dist_1a10hyl._.js:782
[ 2658406ms] [LOG] [Fast Refresh] done in 11ms @ http://localhost:3000/_next/static/chunks/112__next_dist_1a10hyl._.js:782
[ 2658557ms] [LOG] [Fast Refresh] done in 11ms @ http://localhost:3000/_next/static/chunks/112__next_dist_1a10hyl._.js:782
[ 2658698ms] [LOG] [Fast Refresh] done in 11ms @ http://localhost:3000/_next/static/chunks/112__next_dist_1a10hyl._.js:782
[ 2658847ms] [LOG] [Fast Refresh] done in 11ms @ http://localhost:3000/_next/static/chunks/112__next_dist_1a10hyl._.js:782
[ 2659000ms] [LOG] [Fast Refresh] done in 11ms @ http://localhost:3000/_next/static/chunks/112__next_dist_1a10hyl._.js:782
[ 2659145ms] [LOG] [Fast Refresh] done in 11ms @ http://localhost:3000/_next/static/chunks/112__next_dist_1a10hyl._.js:782
[ 2659230ms] [INFO] [2026-09-02T02:37:54.154Z] INFO: Sync completed {"duration":1671,"successCount":0,"failureCount":0,"skippedCount":2,"remainingPending":2,"status":"error","diagnostics":{"totalAttempts":20,"successfulSyncs":14,"failedSyncs":0,"averageDuration":1761}} @ http://localhost:3000/_next/static/chunks/112__next_dist_1a10hyl._.js:782
[ 2659293ms] [LOG] [Fast Refresh] done in 11ms @ http://localhost:3000/_next/static/chunks/112__next_dist_1a10hyl._.js:782
[ 2659902ms] [LOG] [Fast Refresh] done in 11ms @ http://localhost:3000/_next/static/chunks/112__next_dist_1a10hyl._.js:782
[ 2660029ms] [LOG] [Fast Refresh] done in 11ms @ http://localhost:3000/_next/static/chunks/112__next_dist_1a10hyl._.js:782
[ 2660155ms] [LOG] [Fast Refresh] done in 11ms @ http://localhost:3000/_next/static/chunks/112__next_dist_1a10hyl._.js:782
[ 2660263ms] [LOG] [Fast Refresh] done in 11ms @ http://localhost:3000/_next/static/chunks/112__next_dist_1a10hyl._.js:782
[ 2660316ms] [LOG] [Fast Refresh] done in 11ms @ http://localhost:3000/_next/static/chunks/112__next_dist_1a10hyl._.js:782
[ 2660354ms] [LOG] [Fast Refresh] done in 11ms @ http://localhost:3000/_next/static/chunks/112__next_dist_1a10hyl._.js:782
[ 2660452ms] [LOG] [Fast Refresh] done in 11ms @ http://localhost:3000/_next/static/chunks/112__next_dist_1a10hyl._.js:782
[ 2660495ms] [LOG] [Fast Refresh] done in 11ms @ http://localhost:3000/_next/static/chunks/112__next_dist_1a10hyl._.js:782
[ 2660549ms] [LOG] [Fast Refresh] done in 11ms @ http://localhost:3000/_next/static/chunks/112__next_dist_1a10hyl._.js:782
[ 2660589ms] [LOG] [Fast Refresh] done in 11ms @ http://localhost:3000/_next/static/chunks/112__next_dist_1a10hyl._.js:782
[ 2660646ms] [LOG] [Fast Refresh] done in 11ms @ http://localhost:3000/_next/static/chunks/112__next_dist_1a10hyl._.js:782
[ 2660720ms] [LOG] [Fast Refresh] done in 11ms @ http://localhost:3000/_next/static/chunks/112__next_dist_1a10hyl._.js:782
[ 2660777ms] [LOG] [Fast Refresh] done in 11ms @ http://localhost:3000/_next/static/chunks/112__next_dist_1a10hyl._.js:782
[ 2660828ms] [LOG] [Fast Refresh] done in 11ms @ http://localhost:3000/_next/static/chunks/112__next_dist_1a10hyl._.js:782
[ 2660936ms] [LOG] [Fast Refresh] done in 11ms @ http://localhost:3000/_next/static/chunks/112__next_dist_1a10hyl._.js:782
[ 2660976ms] [LOG] [Fast Refresh] done in 11ms @ http://localhost:3000/_next/static/chunks/112__next_dist_1a10hyl._.js:782
[ 2687569ms] [INFO] [2026-09-02T02:38:22.493Z] INFO: Processing pending mutations {"count":2} @ http://localhost:3000/_next/static/chunks/112__next_dist_1a10hyl._.js:782
[ 2687570ms] [WARNING] [2026-09-02T02:38:22.493Z] WARN: Mutation exceeded max retry attempts {"id":"aa1fa5af-c59c-48d4-bdf0-8d0d6b30d542","attempts":5,"entityType":"trip","lastError":"new row violates row-level security policy for table \"trips\""} @ http://localhost:3000/_next/static/chunks/112__next_dist_1a10hyl._.js:782
[ 2687570ms] [WARNING] [2026-09-02T02:38:22.493Z] WARN: Skipping mutation that exceeded max retries {"id":"aa1fa5af-c59c-48d4-bdf0-8d0d6b30d542","attempts":5,"entityType":"trip"} @ http://localhost:3000/_next/static/chunks/112__next_dist_1a10hyl._.js:782
[ 2687570ms] [WARNING] [2026-09-02T02:38:22.493Z] WARN: Mutation exceeded max retry attempts {"id":"bf7070d8-0bd1-4b7a-9e6c-8666ab0ddcb8","attempts":5,"entityType":"tripMember","lastError":"new row violates row-level security policy for table \"trip_members\""} @ http://localhost:3000/_next/static/chunks/112__next_dist_1a10hyl._.js:782
[ 2687570ms] [WARNING] [2026-09-02T02:38:22.493Z] WARN: Skipping mutation that exceeded max retries {"id":"bf7070d8-0bd1-4b7a-9e6c-8666ab0ddcb8","attempts":5,"entityType":"tripMember"} @ http://localhost:3000/_next/static/chunks/112__next_dist_1a10hyl._.js:782
[ 2689229ms] [INFO] [2026-09-02T02:38:24.153Z] INFO: Sync completed {"duration":1669,"successCount":0,"failureCount":0,"skippedCount":2,"remainingPending":2,"status":"error","diagnostics":{"totalAttempts":21,"successfulSyncs":15,"failedSyncs":0,"averageDuration":1754.8666666666666}} @ http://localhost:3000/_next/static/chunks/112__next_dist_1a10hyl._.js:782
[ 2690997ms] [LOG] %c Console Ninja extension is connected to Next.js browser, background: rgb(30,30,30); color: rgb(255,213,92) see https://tinyurl.com/2vt8jxzw for more info. @ :0
[ 2691000ms] [INFO] %cDownload the React DevTools for a better development experience: https://react.dev/link/react-devtools font-weight:bold @ http://localhost:3000/_next/static/chunks/112__next_dist_1a10hyl._.js:782
[ 2691015ms] [LOG] [HMR] connected @ http://localhost:3000/_next/static/chunks/112__next_dist_1a10hyl._.js:782
[ 2691060ms] Error: Hydration failed because the server rendered HTML didn't match the client. As a result this tree will be regenerated on the client. This can happen if a SSR-ed Client Component used:

- A server/client branch `if (typeof window !== 'undefined')`.
- Variable input such as `Date.now()` or `Math.random()` which changes each time it's called.
- Date formatting in a user's locale which doesn't match the server.
- External changing data without sending a snapshot of it along with the HTML.
- Invalid HTML tag nesting.

It can also happen if the client has a browser extension installed which messes with the HTML before React loaded.

https://react.dev/link/hydration-mismatch

  ...
    <ErrorBoundary errorComponent={undefined} errorStyles={undefined} errorScripts={undefined}>
      <LoadingBoundary name="/" loading={null}>
        <HTTPAccessFallbackBoundary notFound={{...}} forbidden={undefined} unauthorized={undefined}>
          <HTTPAccessFallbackErrorBoundary pathname="/trips/033..." notFound={{...}} forbidden={undefined} ...>
            <RedirectBoundary>
              <RedirectErrorBoundary router={{...}}>
                <InnerLayoutRouter url="/trips/033..." tree={[...]} params={{}} cacheNode={{rsc:{...}, ...}} ...>
                  <SegmentViewNode type="layout" pagePath="(app)/layo...">
                    <SegmentTrieNode>
                    <script>
                    <script>
                    <script>
                    <script>
                    <script>
                    <script>
                    <script>
                    <script>
                    <AuthenticatedLayout>
                      <SyncProvider userId="94ff7e22-1...">
                        <AppShell userLabel="Aby Garcia">
                          <div className="min-h-dvh ...">
                            <a>
+                           <aside
+                             className="fixed inset-y-0 left-0 hidden w-64 border-r bg-card p-5 lg:flex lg:flex-col"
+                           >
-                           <div
-                             role="status"
-                             className="bg-accent px-4 py-2 text-center text-sm text-accent-foreground"
-                           >
                            ...
                ...
    ...

    at throwOnHydrationMismatch (http://localhost:3000/_next/static/chunks/112__next_dist_compiled_react-dom_0fo5_73._.js:3120:56)
    at beginWork (http://localhost:3000/_next/static/chunks/112__next_dist_compiled_react-dom_0fo5_73._.js:6585:918)
    at runWithFiberInDEV (http://localhost:3000/_next/static/chunks/112__next_dist_compiled_react-dom_0fo5_73._.js:761:74)
    at performUnitOfWork (http://localhost:3000/_next/static/chunks/112__next_dist_compiled_react-dom_0fo5_73._.js:9385:97)
    at workLoopConcurrentByScheduler (http://localhost:3000/_next/static/chunks/112__next_dist_compiled_react-dom_0fo5_73._.js:9381:58)
    at renderRootConcurrent (http://localhost:3000/_next/static/chunks/112__next_dist_compiled_react-dom_0fo5_73._.js:9364:71)
    at performWorkOnRoot (http://localhost:3000/_next/static/chunks/112__next_dist_compiled_react-dom_0fo5_73._.js:8891:150)
    at performWorkOnRootViaSchedulerTask (http://localhost:3000/_next/static/chunks/112__next_dist_compiled_react-dom_0fo5_73._.js:10085:9)
    at MessagePort.performWorkUntilDeadline (http://localhost:3000/_next/static/chunks/112__next_dist_compiled_008ppkl._.js:2647:64)
[ 2691061ms] [INFO] [2026-09-02T02:38:25.984Z] INFO: Starting sync engine @ http://localhost:3000/_next/static/chunks/112__next_dist_1a10hyl._.js:782
[ 2691066ms] [INFO] [2026-09-02T02:38:25.989Z] INFO: Stopping sync engine @ http://localhost:3000/_next/static/chunks/112__next_dist_1a10hyl._.js:782
[ 2691067ms] [INFO] [2026-09-02T02:38:25.990Z] INFO: Starting sync engine @ http://localhost:3000/_next/static/chunks/112__next_dist_1a10hyl._.js:782
[ 2691102ms] [INFO] [2026-09-02T02:38:26.026Z] INFO: Processing pending mutations {"count":2} @ http://localhost:3000/_next/static/chunks/112__next_dist_1a10hyl._.js:782
[ 2691102ms] [WARNING] [2026-09-02T02:38:26.026Z] WARN: Mutation exceeded max retry attempts {"id":"aa1fa5af-c59c-48d4-bdf0-8d0d6b30d542","attempts":5,"entityType":"trip","lastError":"new row violates row-level security policy for table \"trips\""} @ http://localhost:3000/_next/static/chunks/112__next_dist_1a10hyl._.js:782
[ 2691102ms] [WARNING] [2026-09-02T02:38:26.026Z] WARN: Skipping mutation that exceeded max retries {"id":"aa1fa5af-c59c-48d4-bdf0-8d0d6b30d542","attempts":5,"entityType":"trip"} @ http://localhost:3000/_next/static/chunks/112__next_dist_1a10hyl._.js:782
[ 2691102ms] [WARNING] [2026-09-02T02:38:26.026Z] WARN: Mutation exceeded max retry attempts {"id":"bf7070d8-0bd1-4b7a-9e6c-8666ab0ddcb8","attempts":5,"entityType":"tripMember","lastError":"new row violates row-level security policy for table \"trip_members\""} @ http://localhost:3000/_next/static/chunks/112__next_dist_1a10hyl._.js:782
[ 2691102ms] [WARNING] [2026-09-02T02:38:26.026Z] WARN: Skipping mutation that exceeded max retries {"id":"bf7070d8-0bd1-4b7a-9e6c-8666ab0ddcb8","attempts":5,"entityType":"tripMember"} @ http://localhost:3000/_next/static/chunks/112__next_dist_1a10hyl._.js:782
[ 2692300ms] [INFO] [2026-09-02T02:38:27.223Z] INFO: Sync completed {"duration":1238,"successCount":0,"failureCount":0,"skippedCount":2,"remainingPending":6,"status":"error","diagnostics":{"totalAttempts":1,"successfulSyncs":1,"failedSyncs":0,"averageDuration":1238}} @ http://localhost:3000/_next/static/chunks/112__next_dist_1a10hyl._.js:782
[ 2807665ms] [LOG] [Fast Refresh] rebuilding @ http://localhost:3000/_next/static/chunks/112__next_dist_1a10hyl._.js:782
[ 2807715ms] [LOG] [Fast Refresh] done in 13ms @ http://localhost:3000/_next/static/chunks/112__next_dist_1a10hyl._.js:782
[ 2807959ms] [LOG] [Fast Refresh] done in 13ms @ http://localhost:3000/_next/static/chunks/112__next_dist_1a10hyl._.js:782
[ 2808122ms] [LOG] [Fast Refresh] done in 13ms @ http://localhost:3000/_next/static/chunks/112__next_dist_1a10hyl._.js:782
[ 2808177ms] [LOG] [Fast Refresh] done in 13ms @ http://localhost:3000/_next/static/chunks/112__next_dist_1a10hyl._.js:782
[ 2808258ms] [LOG] [Fast Refresh] done in 13ms @ http://localhost:3000/_next/static/chunks/112__next_dist_1a10hyl._.js:782
[ 2808831ms] [LOG] [Fast Refresh] done in 13ms @ http://localhost:3000/_next/static/chunks/112__next_dist_1a10hyl._.js:782
[ 2808990ms] [LOG] [Fast Refresh] done in 13ms @ http://localhost:3000/_next/static/chunks/112__next_dist_1a10hyl._.js:782
[ 2809116ms] [LOG] [Fast Refresh] done in 13ms @ http://localhost:3000/_next/static/chunks/112__next_dist_1a10hyl._.js:782
[ 2809168ms] [LOG] [Fast Refresh] done in 13ms @ http://localhost:3000/_next/static/chunks/112__next_dist_1a10hyl._.js:782
[ 2809206ms] [LOG] [Fast Refresh] done in 13ms @ http://localhost:3000/_next/static/chunks/112__next_dist_1a10hyl._.js:782
[ 2809272ms] [LOG] [Fast Refresh] done in 13ms @ http://localhost:3000/_next/static/chunks/112__next_dist_1a10hyl._.js:782
[ 2809313ms] [LOG] [Fast Refresh] done in 13ms @ http://localhost:3000/_next/static/chunks/112__next_dist_1a10hyl._.js:782
[ 2809370ms] [LOG] [Fast Refresh] done in 13ms @ http://localhost:3000/_next/static/chunks/112__next_dist_1a10hyl._.js:782
[ 2809415ms] [LOG] [Fast Refresh] done in 13ms @ http://localhost:3000/_next/static/chunks/112__next_dist_1a10hyl._.js:782
[ 2809453ms] [LOG] [Fast Refresh] done in 13ms @ http://localhost:3000/_next/static/chunks/112__next_dist_1a10hyl._.js:782
[ 2809527ms] [LOG] [Fast Refresh] done in 13ms @ http://localhost:3000/_next/static/chunks/112__next_dist_1a10hyl._.js:782
[ 2809604ms] [LOG] [Fast Refresh] done in 13ms @ http://localhost:3000/_next/static/chunks/112__next_dist_1a10hyl._.js:782
[ 2809650ms] [LOG] [Fast Refresh] done in 13ms @ http://localhost:3000/_next/static/chunks/112__next_dist_1a10hyl._.js:782
[ 2809706ms] [LOG] [Fast Refresh] done in 13ms @ http://localhost:3000/_next/static/chunks/112__next_dist_1a10hyl._.js:782
[ 2809763ms] [LOG] [Fast Refresh] done in 13ms @ http://localhost:3000/_next/static/chunks/112__next_dist_1a10hyl._.js:782
[ 2809826ms] [LOG] [Fast Refresh] done in 13ms @ http://localhost:3000/_next/static/chunks/112__next_dist_1a10hyl._.js:782
[ 2809868ms] [LOG] [Fast Refresh] done in 13ms @ http://localhost:3000/_next/static/chunks/112__next_dist_1a10hyl._.js:782
[ 2809911ms] [LOG] [Fast Refresh] done in 13ms @ http://localhost:3000/_next/static/chunks/112__next_dist_1a10hyl._.js:782
[ 2809984ms] [LOG] [Fast Refresh] done in 13ms @ http://localhost:3000/_next/static/chunks/112__next_dist_1a10hyl._.js:782
[ 2810061ms] [LOG] [Fast Refresh] done in 13ms @ http://localhost:3000/_next/static/chunks/112__next_dist_1a10hyl._.js:782
[ 2810158ms] [LOG] [Fast Refresh] done in 13ms @ http://localhost:3000/_next/static/chunks/112__next_dist_1a10hyl._.js:782
[ 2810209ms] [LOG] [Fast Refresh] done in 13ms @ http://localhost:3000/_next/static/chunks/112__next_dist_1a10hyl._.js:782
[ 2810270ms] [LOG] [Fast Refresh] done in 13ms @ http://localhost:3000/_next/static/chunks/112__next_dist_1a10hyl._.js:782
[ 2810311ms] [LOG] [Fast Refresh] done in 13ms @ http://localhost:3000/_next/static/chunks/112__next_dist_1a10hyl._.js:782
[ 2810357ms] [LOG] [Fast Refresh] done in 13ms @ http://localhost:3000/_next/static/chunks/112__next_dist_1a10hyl._.js:782
[ 2810403ms] [LOG] [Fast Refresh] done in 13ms @ http://localhost:3000/_next/static/chunks/112__next_dist_1a10hyl._.js:782
[ 2810463ms] [LOG] [Fast Refresh] done in 13ms @ http://localhost:3000/_next/static/chunks/112__next_dist_1a10hyl._.js:782
[ 2810576ms] [LOG] [Fast Refresh] done in 13ms @ http://localhost:3000/_next/static/chunks/112__next_dist_1a10hyl._.js:782
[ 2811076ms] [INFO] [2026-09-02T02:40:25.999Z] INFO: Processing pending mutations {"count":2} @ http://localhost:3000/_next/static/chunks/112__next_dist_1a10hyl._.js:782
[ 2811076ms] [WARNING] [2026-09-02T02:40:25.999Z] WARN: Mutation exceeded max retry attempts {"id":"aa1fa5af-c59c-48d4-bdf0-8d0d6b30d542","attempts":5,"entityType":"trip","lastError":"new row violates row-level security policy for table \"trips\""} @ http://localhost:3000/_next/static/chunks/112__next_dist_1a10hyl._.js:782
[ 2811076ms] [WARNING] [2026-09-02T02:40:26.000Z] WARN: Skipping mutation that exceeded max retries {"id":"aa1fa5af-c59c-48d4-bdf0-8d0d6b30d542","attempts":5,"entityType":"trip"} @ http://localhost:3000/_next/static/chunks/112__next_dist_1a10hyl._.js:782
[ 2811076ms] [WARNING] [2026-09-02T02:40:26.000Z] WARN: Mutation exceeded max retry attempts {"id":"bf7070d8-0bd1-4b7a-9e6c-8666ab0ddcb8","attempts":5,"entityType":"tripMember","lastError":"new row violates row-level security policy for table \"trip_members\""} @ http://localhost:3000/_next/static/chunks/112__next_dist_1a10hyl._.js:782
[ 2811076ms] [WARNING] [2026-09-02T02:40:26.000Z] WARN: Skipping mutation that exceeded max retries {"id":"bf7070d8-0bd1-4b7a-9e6c-8666ab0ddcb8","attempts":5,"entityType":"tripMember"} @ http://localhost:3000/_next/static/chunks/112__next_dist_1a10hyl._.js:782
[ 2811366ms] [LOG] [Fast Refresh] done in 13ms @ http://localhost:3000/_next/static/chunks/112__next_dist_1a10hyl._.js:782
[ 2811537ms] [LOG] [Fast Refresh] done in 13ms @ http://localhost:3000/_next/static/chunks/112__next_dist_1a10hyl._.js:782
[ 2811705ms] [LOG] [Fast Refresh] done in 13ms @ http://localhost:3000/_next/static/chunks/112__next_dist_1a10hyl._.js:782
[ 2811849ms] [LOG] [Fast Refresh] done in 13ms @ http://localhost:3000/_next/static/chunks/112__next_dist_1a10hyl._.js:782
[ 2811986ms] [LOG] [Fast Refresh] done in 13ms @ http://localhost:3000/_next/static/chunks/112__next_dist_1a10hyl._.js:782
[ 2812110ms] [LOG] [Fast Refresh] done in 13ms @ http://localhost:3000/_next/static/chunks/112__next_dist_1a10hyl._.js:782
[ 2812246ms] [LOG] [Fast Refresh] done in 13ms @ http://localhost:3000/_next/static/chunks/112__next_dist_1a10hyl._.js:782
[ 2812388ms] [LOG] [Fast Refresh] done in 13ms @ http://localhost:3000/_next/static/chunks/112__next_dist_1a10hyl._.js:782
[ 2812523ms] [LOG] [Fast Refresh] done in 13ms @ http://localhost:3000/_next/static/chunks/112__next_dist_1a10hyl._.js:782
[ 2812663ms] [LOG] [Fast Refresh] done in 13ms @ http://localhost:3000/_next/static/chunks/112__next_dist_1a10hyl._.js:782
[ 2812725ms] [INFO] [2026-09-02T02:40:27.649Z] INFO: Sync completed {"duration":1654,"successCount":0,"failureCount":0,"skippedCount":2,"remainingPending":2,"status":"error","diagnostics":{"totalAttempts":6,"successfulSyncs":2,"failedSyncs":0,"averageDuration":1446}} @ http://localhost:3000/_next/static/chunks/112__next_dist_1a10hyl._.js:782
[ 2812788ms] [LOG] [Fast Refresh] done in 13ms @ http://localhost:3000/_next/static/chunks/112__next_dist_1a10hyl._.js:782
[ 2816827ms] [LOG] [Fast Refresh] rebuilding @ http://localhost:3000/_next/static/chunks/112__next_dist_1a10hyl._.js:782
[ 2816874ms] [LOG] [Fast Refresh] done in 14ms @ http://localhost:3000/_next/static/chunks/112__next_dist_1a10hyl._.js:782
[ 2817028ms] [LOG] [Fast Refresh] done in 14ms @ http://localhost:3000/_next/static/chunks/112__next_dist_1a10hyl._.js:782
[ 2817186ms] [LOG] [Fast Refresh] done in 14ms @ http://localhost:3000/_next/static/chunks/112__next_dist_1a10hyl._.js:782
[ 2817357ms] [LOG] [Fast Refresh] done in 14ms @ http://localhost:3000/_next/static/chunks/112__next_dist_1a10hyl._.js:782
[ 2828013ms] [LOG] [Fast Refresh] rebuilding @ http://localhost:3000/_next/static/chunks/112__next_dist_1a10hyl._.js:782
[ 2828058ms] [LOG] [Fast Refresh] done in 12ms @ http://localhost:3000/_next/static/chunks/112__next_dist_1a10hyl._.js:782
[ 2828211ms] [LOG] [Fast Refresh] done in 12ms @ http://localhost:3000/_next/static/chunks/112__next_dist_1a10hyl._.js:782
[ 2828363ms] [LOG] [Fast Refresh] done in 12ms @ http://localhost:3000/_next/static/chunks/112__next_dist_1a10hyl._.js:782
[ 2828509ms] [LOG] [Fast Refresh] done in 12ms @ http://localhost:3000/_next/static/chunks/112__next_dist_1a10hyl._.js:782
[ 2839856ms] [LOG] [Fast Refresh] done in 12ms @ http://localhost:3000/_next/static/chunks/112__next_dist_1a10hyl._.js:782
[ 2840021ms] [LOG] [Fast Refresh] done in 12ms @ http://localhost:3000/_next/static/chunks/112__next_dist_1a10hyl._.js:782
[ 2840149ms] [LOG] [Fast Refresh] done in 12ms @ http://localhost:3000/_next/static/chunks/112__next_dist_1a10hyl._.js:782
[ 2840252ms] [LOG] [Fast Refresh] done in 12ms @ http://localhost:3000/_next/static/chunks/112__next_dist_1a10hyl._.js:782
[ 2840290ms] [LOG] [Fast Refresh] done in 12ms @ http://localhost:3000/_next/static/chunks/112__next_dist_1a10hyl._.js:782
[ 2840369ms] [LOG] [Fast Refresh] done in 12ms @ http://localhost:3000/_next/static/chunks/112__next_dist_1a10hyl._.js:782
[ 2840429ms] [LOG] [Fast Refresh] done in 12ms @ http://localhost:3000/_next/static/chunks/112__next_dist_1a10hyl._.js:782
[ 2840487ms] [LOG] [Fast Refresh] done in 12ms @ http://localhost:3000/_next/static/chunks/112__next_dist_1a10hyl._.js:782
[ 2840563ms] [LOG] [Fast Refresh] done in 12ms @ http://localhost:3000/_next/static/chunks/112__next_dist_1a10hyl._.js:782
[ 2840647ms] [LOG] [Fast Refresh] done in 12ms @ http://localhost:3000/_next/static/chunks/112__next_dist_1a10hyl._.js:782
[ 2840690ms] [LOG] [Fast Refresh] done in 12ms @ http://localhost:3000/_next/static/chunks/112__next_dist_1a10hyl._.js:782
[ 2840740ms] [LOG] [Fast Refresh] done in 12ms @ http://localhost:3000/_next/static/chunks/112__next_dist_1a10hyl._.js:782
[ 2840781ms] [LOG] [Fast Refresh] done in 12ms @ http://localhost:3000/_next/static/chunks/112__next_dist_1a10hyl._.js:782
[ 2840870ms] [LOG] [Fast Refresh] done in 12ms @ http://localhost:3000/_next/static/chunks/112__next_dist_1a10hyl._.js:782
[ 2841007ms] [ERROR] ./features/trips/components/trip-dashboard.tsx:190:4373
Error: Unexpected token. Did you mean `{'}'}` or `&rbrace;`?
  188 | ...
  189 | ...
> 190 | ...lus />Add traveler manually</Button></fieldset>}
      |                                                   ^
  191 | ...
  192 | ...
  193 | ...

Parsing ecmascript source code failed

Import trace:
  Server Component:
    ./features/trips/components/trip-dashboard.tsx
    ./app/(app)/trips/page.tsx @ :0
[ 2841037ms] [LOG] [Fast Refresh] rebuilding @ http://localhost:3000/_next/static/chunks/112__next_dist_1a10hyl._.js:782
[ 2841073ms] [INFO] [2026-09-02T02:40:55.997Z] INFO: Processing pending mutations {"count":2} @ http://localhost:3000/_next/static/chunks/112__next_dist_1a10hyl._.js:782
[ 2841073ms] [WARNING] [2026-09-02T02:40:55.997Z] WARN: Mutation exceeded max retry attempts {"id":"aa1fa5af-c59c-48d4-bdf0-8d0d6b30d542","attempts":5,"entityType":"trip","lastError":"new row violates row-level security policy for table \"trips\""} @ http://localhost:3000/_next/static/chunks/112__next_dist_1a10hyl._.js:782
[ 2841073ms] [WARNING] [2026-09-02T02:40:55.997Z] WARN: Skipping mutation that exceeded max retries {"id":"aa1fa5af-c59c-48d4-bdf0-8d0d6b30d542","attempts":5,"entityType":"trip"} @ http://localhost:3000/_next/static/chunks/112__next_dist_1a10hyl._.js:782
[ 2841073ms] [WARNING] [2026-09-02T02:40:55.997Z] WARN: Mutation exceeded max retry attempts {"id":"bf7070d8-0bd1-4b7a-9e6c-8666ab0ddcb8","attempts":5,"entityType":"tripMember","lastError":"new row violates row-level security policy for table \"trip_members\""} @ http://localhost:3000/_next/static/chunks/112__next_dist_1a10hyl._.js:782
[ 2841073ms] [WARNING] [2026-09-02T02:40:55.997Z] WARN: Skipping mutation that exceeded max retries {"id":"bf7070d8-0bd1-4b7a-9e6c-8666ab0ddcb8","attempts":5,"entityType":"tripMember"} @ http://localhost:3000/_next/static/chunks/112__next_dist_1a10hyl._.js:782
[ 2841122ms] [ERROR] ./features/trips/components/trip-dashboard.tsx:190:4373
Error: Unexpected token. Did you mean `{'}'}` or `&rbrace;`?
  188 | ...
  189 | ...
> 190 | ...lus />Add traveler manually</Button></fieldset>}
      |                                                   ^
  191 | ...
  192 | ...
  193 | ...

Parsing ecmascript source code failed

Import trace:
  Server Component:
    ./features/trips/components/trip-dashboard.tsx
    ./app/(app)/trips/page.tsx @ :0
[ 2841180ms] [ERROR] ./features/trips/components/trip-dashboard.tsx:190:4373
Error: Unexpected token. Did you mean `{'}'}` or `&rbrace;`?
  188 | ...
  189 | ...
> 190 | ...lus />Add traveler manually</Button></fieldset>}
      |                                                   ^
  191 | ...
  192 | ...
  193 | ...

Parsing ecmascript source code failed

Import trace:
  Server Component:
    ./features/trips/components/trip-dashboard.tsx
    ./app/(app)/trips/page.tsx @ :0
[ 2841215ms] [LOG] [Fast Refresh] rebuilding @ http://localhost:3000/_next/static/chunks/112__next_dist_1a10hyl._.js:782
[ 2841292ms] [ERROR] ./features/trips/components/trip-dashboard.tsx:190:4373
Error: Unexpected token. Did you mean `{'}'}` or `&rbrace;`?
  188 | ...
  189 | ...
> 190 | ...lus />Add traveler manually</Button></fieldset>}
      |                                                   ^
  191 | ...
  192 | ...
  193 | ...

Parsing ecmascript source code failed

Import trace:
  Server Component:
    ./features/trips/components/trip-dashboard.tsx
    ./app/(app)/trips/page.tsx @ :0
[ 2841365ms] [ERROR] ./features/trips/components/trip-dashboard.tsx:190:4373
Error: Unexpected token. Did you mean `{'}'}` or `&rbrace;`?
  188 | ...
  189 | ...
> 190 | ...lus />Add traveler manually</Button></fieldset>}
      |                                                   ^
  191 | ...
  192 | ...
  193 | ...

Parsing ecmascript source code failed

Import trace:
  Server Component:
    ./features/trips/components/trip-dashboard.tsx
    ./app/(app)/trips/page.tsx @ :0
[ 2841425ms] [ERROR] ./features/trips/components/trip-dashboard.tsx:190:4373
Error: Unexpected token. Did you mean `{'}'}` or `&rbrace;`?
  188 | ...
  189 | ...
> 190 | ...lus />Add traveler manually</Button></fieldset>}
      |                                                   ^
  191 | ...
  192 | ...
  193 | ...

Parsing ecmascript source code failed

Import trace:
  Server Component:
    ./features/trips/components/trip-dashboard.tsx
    ./app/(app)/trips/page.tsx @ :0
[ 2841479ms] [ERROR] ./features/trips/components/trip-dashboard.tsx:190:4373
Error: Unexpected token. Did you mean `{'}'}` or `&rbrace;`?
  188 | ...
  189 | ...
> 190 | ...lus />Add traveler manually</Button></fieldset>}
      |                                                   ^
  191 | ...
  192 | ...
  193 | ...

Parsing ecmascript source code failed

Import trace:
  Server Component:
    ./features/trips/components/trip-dashboard.tsx
    ./app/(app)/trips/page.tsx @ :0
[ 2841545ms] [ERROR] ./features/trips/components/trip-dashboard.tsx:190:4373
Error: Unexpected token. Did you mean `{'}'}` or `&rbrace;`?
  188 | ...
  189 | ...
> 190 | ...lus />Add traveler manually</Button></fieldset>}
      |                                                   ^
  191 | ...
  192 | ...
  193 | ...

Parsing ecmascript source code failed

Import trace:
  Server Component:
    ./features/trips/components/trip-dashboard.tsx
    ./app/(app)/trips/page.tsx @ :0
[ 2841613ms] [ERROR] ./features/trips/components/trip-dashboard.tsx:190:4373
Error: Unexpected token. Did you mean `{'}'}` or `&rbrace;`?
  188 | ...
  189 | ...
> 190 | ...lus />Add traveler manually</Button></fieldset>}
      |                                                   ^
  191 | ...
  192 | ...
  193 | ...

Parsing ecmascript source code failed

Import trace:
  Server Component:
    ./features/trips/components/trip-dashboard.tsx
    ./app/(app)/trips/page.tsx @ :0
[ 2841678ms] [ERROR] ./features/trips/components/trip-dashboard.tsx:190:4373
Error: Unexpected token. Did you mean `{'}'}` or `&rbrace;`?
  188 | ...
  189 | ...
> 190 | ...lus />Add traveler manually</Button></fieldset>}
      |                                                   ^
  191 | ...
  192 | ...
  193 | ...

Parsing ecmascript source code failed

Import trace:
  Server Component:
    ./features/trips/components/trip-dashboard.tsx
    ./app/(app)/trips/page.tsx @ :0
[ 2841749ms] [ERROR] ./features/trips/components/trip-dashboard.tsx:190:4373
Error: Unexpected token. Did you mean `{'}'}` or `&rbrace;`?
  188 | ...
  189 | ...
> 190 | ...lus />Add traveler manually</Button></fieldset>}
      |                                                   ^
  191 | ...
  192 | ...
  193 | ...

Parsing ecmascript source code failed

Import trace:
  Server Component:
    ./features/trips/components/trip-dashboard.tsx
    ./app/(app)/trips/page.tsx @ :0
[ 2841816ms] [ERROR] ./features/trips/components/trip-dashboard.tsx:190:4373
Error: Unexpected token. Did you mean `{'}'}` or `&rbrace;`?
  188 | ...
  189 | ...
> 190 | ...lus />Add traveler manually</Button></fieldset>}
      |                                                   ^
  191 | ...
  192 | ...
  193 | ...

Parsing ecmascript source code failed

Import trace:
  Server Component:
    ./features/trips/components/trip-dashboard.tsx
    ./app/(app)/trips/page.tsx @ :0
[ 2841889ms] [ERROR] ./features/trips/components/trip-dashboard.tsx:190:4373
Error: Unexpected token. Did you mean `{'}'}` or `&rbrace;`?
  188 | ...
  189 | ...
> 190 | ...lus />Add traveler manually</Button></fieldset>}
      |                                                   ^
  191 | ...
  192 | ...
  193 | ...

Parsing ecmascript source code failed

Import trace:
  Server Component:
    ./features/trips/components/trip-dashboard.tsx
    ./app/(app)/trips/page.tsx @ :0
[ 2841955ms] [ERROR] ./features/trips/components/trip-dashboard.tsx:190:4373
Error: Unexpected token. Did you mean `{'}'}` or `&rbrace;`?
  188 | ...
  189 | ...
> 190 | ...lus />Add traveler manually</Button></fieldset>}
      |                                                   ^
  191 | ...
  192 | ...
  193 | ...

Parsing ecmascript source code failed

Import trace:
  Server Component:
    ./features/trips/components/trip-dashboard.tsx
    ./app/(app)/trips/page.tsx @ :0
[ 2842029ms] [ERROR] ./features/trips/components/trip-dashboard.tsx:190:4373
Error: Unexpected token. Did you mean `{'}'}` or `&rbrace;`?
  188 | ...
  189 | ...
> 190 | ...lus />Add traveler manually</Button></fieldset>}
      |                                                   ^
  191 | ...
  192 | ...
  193 | ...

Parsing ecmascript source code failed

Import trace:
  Server Component:
    ./features/trips/components/trip-dashboard.tsx
    ./app/(app)/trips/page.tsx @ :0
[ 2842097ms] [ERROR] ./features/trips/components/trip-dashboard.tsx:190:4373
Error: Unexpected token. Did you mean `{'}'}` or `&rbrace;`?
  188 | ...
  189 | ...
> 190 | ...lus />Add traveler manually</Button></fieldset>}
      |                                                   ^
  191 | ...
  192 | ...
  193 | ...

Parsing ecmascript source code failed

Import trace:
  Server Component:
    ./features/trips/components/trip-dashboard.tsx
    ./app/(app)/trips/page.tsx @ :0
[ 2842188ms] [ERROR] ./features/trips/components/trip-dashboard.tsx:190:4373
Error: Unexpected token. Did you mean `{'}'}` or `&rbrace;`?
  188 | ...
  189 | ...
> 190 | ...lus />Add traveler manually</Button></fieldset>}
      |                                                   ^
  191 | ...
  192 | ...
  193 | ...

Parsing ecmascript source code failed

Import trace:
  Server Component:
    ./features/trips/components/trip-dashboard.tsx
    ./app/(app)/trips/page.tsx @ :0
[ 2842286ms] [ERROR] ./features/trips/components/trip-dashboard.tsx:190:4373
Error: Unexpected token. Did you mean `{'}'}` or `&rbrace;`?
  188 | ...
  189 | ...
> 190 | ...lus />Add traveler manually</Button></fieldset>}
      |                                                   ^
  191 | ...
  192 | ...
  193 | ...

Parsing ecmascript source code failed

Import trace:
  Server Component:
    ./features/trips/components/trip-dashboard.tsx
    ./app/(app)/trips/page.tsx @ :0
[ 2842350ms] [ERROR] ./features/trips/components/trip-dashboard.tsx:190:4373
Error: Unexpected token. Did you mean `{'}'}` or `&rbrace;`?
  188 | ...
  189 | ...
> 190 | ...lus />Add traveler manually</Button></fieldset>}
      |                                                   ^
  191 | ...
  192 | ...
  193 | ...

Parsing ecmascript source code failed

Import trace:
  Server Component:
    ./features/trips/components/trip-dashboard.tsx
    ./app/(app)/trips/page.tsx @ :0
[ 2842422ms] [ERROR] ./features/trips/components/trip-dashboard.tsx:190:4373
Error: Unexpected token. Did you mean `{'}'}` or `&rbrace;`?
  188 | ...
  189 | ...
> 190 | ...lus />Add traveler manually</Button></fieldset>}
      |                                                   ^
  191 | ...
  192 | ...
  193 | ...

Parsing ecmascript source code failed

Import trace:
  Server Component:
    ./features/trips/components/trip-dashboard.tsx
    ./app/(app)/trips/page.tsx @ :0
[ 2842490ms] [ERROR] ./features/trips/components/trip-dashboard.tsx:190:4373
Error: Unexpected token. Did you mean `{'}'}` or `&rbrace;`?
  188 | ...
  189 | ...
> 190 | ...lus />Add traveler manually</Button></fieldset>}
      |                                                   ^
  191 | ...
  192 | ...
  193 | ...

Parsing ecmascript source code failed

Import trace:
  Server Component:
    ./features/trips/components/trip-dashboard.tsx
    ./app/(app)/trips/page.tsx @ :0
[ 2842564ms] [ERROR] ./features/trips/components/trip-dashboard.tsx:190:4373
Error: Unexpected token. Did you mean `{'}'}` or `&rbrace;`?
  188 | ...
  189 | ...
> 190 | ...lus />Add traveler manually</Button></fieldset>}
      |                                                   ^
  191 | ...
  192 | ...
  193 | ...

Parsing ecmascript source code failed

Import trace:
  Server Component:
    ./features/trips/components/trip-dashboard.tsx
    ./app/(app)/trips/page.tsx @ :0
[ 2842632ms] [ERROR] ./features/trips/components/trip-dashboard.tsx:190:4373
Error: Unexpected token. Did you mean `{'}'}` or `&rbrace;`?
  188 | ...
  189 | ...
> 190 | ...lus />Add traveler manually</Button></fieldset>}
      |                                                   ^
  191 | ...
  192 | ...
  193 | ...

Parsing ecmascript source code failed

Import trace:
  Server Component:
    ./features/trips/components/trip-dashboard.tsx
    ./app/(app)/trips/page.tsx @ :0
[ 2842650ms] [INFO] [2026-09-02T02:40:57.574Z] INFO: Sync completed {"duration":1580,"successCount":0,"failureCount":0,"skippedCount":2,"remainingPending":2,"status":"error","diagnostics":{"totalAttempts":7,"successfulSyncs":3,"failedSyncs":0,"averageDuration":1490.6666666666667}} @ http://localhost:3000/_next/static/chunks/112__next_dist_1a10hyl._.js:782
[ 2842705ms] [ERROR] ./features/trips/components/trip-dashboard.tsx:190:4373
Error: Unexpected token. Did you mean `{'}'}` or `&rbrace;`?
  188 | ...
  189 | ...
> 190 | ...lus />Add traveler manually</Button></fieldset>}
      |                                                   ^
  191 | ...
  192 | ...
  193 | ...

Parsing ecmascript source code failed

Import trace:
  Server Component:
    ./features/trips/components/trip-dashboard.tsx
    ./app/(app)/trips/page.tsx @ :0
[ 2842774ms] [ERROR] ./features/trips/components/trip-dashboard.tsx:190:4373
Error: Unexpected token. Did you mean `{'}'}` or `&rbrace;`?
  188 | ...
  189 | ...
> 190 | ...lus />Add traveler manually</Button></fieldset>}
      |                                                   ^
  191 | ...
  192 | ...
  193 | ...

Parsing ecmascript source code failed

Import trace:
  Server Component:
    ./features/trips/components/trip-dashboard.tsx
    ./app/(app)/trips/page.tsx @ :0
[ 2842842ms] [ERROR] ./features/trips/components/trip-dashboard.tsx:190:4373
Error: Unexpected token. Did you mean `{'}'}` or `&rbrace;`?
  188 | ...
  189 | ...
> 190 | ...lus />Add traveler manually</Button></fieldset>}
      |                                                   ^
  191 | ...
  192 | ...
  193 | ...

Parsing ecmascript source code failed

Import trace:
  Server Component:
    ./features/trips/components/trip-dashboard.tsx
    ./app/(app)/trips/page.tsx @ :0
[ 2842908ms] [ERROR] ./features/trips/components/trip-dashboard.tsx:190:4373
Error: Unexpected token. Did you mean `{'}'}` or `&rbrace;`?
  188 | ...
  189 | ...
> 190 | ...lus />Add traveler manually</Button></fieldset>}
      |                                                   ^
  191 | ...
  192 | ...
  193 | ...

Parsing ecmascript source code failed

Import trace:
  Server Component:
    ./features/trips/components/trip-dashboard.tsx
    ./app/(app)/trips/page.tsx @ :0
[ 2842974ms] [ERROR] ./features/trips/components/trip-dashboard.tsx:190:4373
Error: Unexpected token. Did you mean `{'}'}` or `&rbrace;`?
  188 | ...
  189 | ...
> 190 | ...lus />Add traveler manually</Button></fieldset>}
      |                                                   ^
  191 | ...
  192 | ...
  193 | ...

Parsing ecmascript source code failed

Import trace:
  Server Component:
    ./features/trips/components/trip-dashboard.tsx
    ./app/(app)/trips/page.tsx @ :0
[ 2843038ms] [ERROR] ./features/trips/components/trip-dashboard.tsx:190:4373
Error: Unexpected token. Did you mean `{'}'}` or `&rbrace;`?
  188 | ...
  189 | ...
> 190 | ...lus />Add traveler manually</Button></fieldset>}
      |                                                   ^
  191 | ...
  192 | ...
  193 | ...

Parsing ecmascript source code failed

Import trace:
  Server Component:
    ./features/trips/components/trip-dashboard.tsx
    ./app/(app)/trips/page.tsx @ :0
[ 2843105ms] [ERROR] ./features/trips/components/trip-dashboard.tsx:190:4373
Error: Unexpected token. Did you mean `{'}'}` or `&rbrace;`?
  188 | ...
  189 | ...
> 190 | ...lus />Add traveler manually</Button></fieldset>}
      |                                                   ^
  191 | ...
  192 | ...
  193 | ...

Parsing ecmascript source code failed

Import trace:
  Server Component:
    ./features/trips/components/trip-dashboard.tsx
    ./app/(app)/trips/page.tsx @ :0
[ 2843174ms] [ERROR] ./features/trips/components/trip-dashboard.tsx:190:4373
Error: Unexpected token. Did you mean `{'}'}` or `&rbrace;`?
  188 | ...
  189 | ...
> 190 | ...lus />Add traveler manually</Button></fieldset>}
      |                                                   ^
  191 | ...
  192 | ...
  193 | ...

Parsing ecmascript source code failed

Import trace:
  Server Component:
    ./features/trips/components/trip-dashboard.tsx
    ./app/(app)/trips/page.tsx @ :0
[ 2843243ms] [ERROR] ./features/trips/components/trip-dashboard.tsx:190:4373
Error: Unexpected token. Did you mean `{'}'}` or `&rbrace;`?
  188 | ...
  189 | ...
> 190 | ...lus />Add traveler manually</Button></fieldset>}
      |                                                   ^
  191 | ...
  192 | ...
  193 | ...

Parsing ecmascript source code failed

Import trace:
  Server Component:
    ./features/trips/components/trip-dashboard.tsx
    ./app/(app)/trips/page.tsx @ :0
[ 2843310ms] [ERROR] ./features/trips/components/trip-dashboard.tsx:190:4373
Error: Unexpected token. Did you mean `{'}'}` or `&rbrace;`?
  188 | ...
  189 | ...
> 190 | ...lus />Add traveler manually</Button></fieldset>}
      |                                                   ^
  191 | ...
  192 | ...
  193 | ...

Parsing ecmascript source code failed

Import trace:
  Server Component:
    ./features/trips/components/trip-dashboard.tsx
    ./app/(app)/trips/page.tsx @ :0
[ 2843381ms] [ERROR] ./features/trips/components/trip-dashboard.tsx:190:4373
Error: Unexpected token. Did you mean `{'}'}` or `&rbrace;`?
  188 | ...
  189 | ...
> 190 | ...lus />Add traveler manually</Button></fieldset>}
      |                                                   ^
  191 | ...
  192 | ...
  193 | ...

Parsing ecmascript source code failed

Import trace:
  Server Component:
    ./features/trips/components/trip-dashboard.tsx
    ./app/(app)/trips/page.tsx @ :0
[ 2843449ms] [ERROR] ./features/trips/components/trip-dashboard.tsx:190:4373
Error: Unexpected token. Did you mean `{'}'}` or `&rbrace;`?
  188 | ...
  189 | ...
> 190 | ...lus />Add traveler manually</Button></fieldset>}
      |                                                   ^
  191 | ...
  192 | ...
  193 | ...

Parsing ecmascript source code failed

Import trace:
  Server Component:
    ./features/trips/components/trip-dashboard.tsx
    ./app/(app)/trips/page.tsx @ :0
[ 2843516ms] [ERROR] ./features/trips/components/trip-dashboard.tsx:190:4373
Error: Unexpected token. Did you mean `{'}'}` or `&rbrace;`?
  188 | ...
  189 | ...
> 190 | ...lus />Add traveler manually</Button></fieldset>}
      |                                                   ^
  191 | ...
  192 | ...
  193 | ...

Parsing ecmascript source code failed

Import trace:
  Server Component:
    ./features/trips/components/trip-dashboard.tsx
    ./app/(app)/trips/page.tsx @ :0
[ 2843582ms] [ERROR] ./features/trips/components/trip-dashboard.tsx:190:4373
Error: Unexpected token. Did you mean `{'}'}` or `&rbrace;`?
  188 | ...
  189 | ...
> 190 | ...lus />Add traveler manually</Button></fieldset>}
      |                                                   ^
  191 | ...
  192 | ...
  193 | ...

Parsing ecmascript source code failed

Import trace:
  Server Component:
    ./features/trips/components/trip-dashboard.tsx
    ./app/(app)/trips/page.tsx @ :0
[ 2843651ms] [ERROR] ./features/trips/components/trip-dashboard.tsx:190:4373
Error: Unexpected token. Did you mean `{'}'}` or `&rbrace;`?
  188 | ...
  189 | ...
> 190 | ...lus />Add traveler manually</Button></fieldset>}
      |                                                   ^
  191 | ...
  192 | ...
  193 | ...

Parsing ecmascript source code failed

Import trace:
  Server Component:
    ./features/trips/components/trip-dashboard.tsx
    ./app/(app)/trips/page.tsx @ :0
[ 2843718ms] [ERROR] ./features/trips/components/trip-dashboard.tsx:190:4373
Error: Unexpected token. Did you mean `{'}'}` or `&rbrace;`?
  188 | ...
  189 | ...
> 190 | ...lus />Add traveler manually</Button></fieldset>}
      |                                                   ^
  191 | ...
  192 | ...
  193 | ...

Parsing ecmascript source code failed

Import trace:
  Server Component:
    ./features/trips/components/trip-dashboard.tsx
    ./app/(app)/trips/page.tsx @ :0
[ 2843783ms] [ERROR] ./features/trips/components/trip-dashboard.tsx:190:4373
Error: Unexpected token. Did you mean `{'}'}` or `&rbrace;`?
  188 | ...
  189 | ...
> 190 | ...lus />Add traveler manually</Button></fieldset>}
      |                                                   ^
  191 | ...
  192 | ...
  193 | ...

Parsing ecmascript source code failed

Import trace:
  Server Component:
    ./features/trips/components/trip-dashboard.tsx
    ./app/(app)/trips/page.tsx @ :0
[ 2843849ms] [ERROR] ./features/trips/components/trip-dashboard.tsx:190:4373
Error: Unexpected token. Did you mean `{'}'}` or `&rbrace;`?
  188 | ...
  189 | ...
> 190 | ...lus />Add traveler manually</Button></fieldset>}
      |                                                   ^
  191 | ...
  192 | ...
  193 | ...

Parsing ecmascript source code failed

Import trace:
  Server Component:
    ./features/trips/components/trip-dashboard.tsx
    ./app/(app)/trips/page.tsx @ :0
[ 2843917ms] [ERROR] ./features/trips/components/trip-dashboard.tsx:190:4373
Error: Unexpected token. Did you mean `{'}'}` or `&rbrace;`?
  188 | ...
  189 | ...
> 190 | ...lus />Add traveler manually</Button></fieldset>}
      |                                                   ^
  191 | ...
  192 | ...
  193 | ...

Parsing ecmascript source code failed

Import trace:
  Server Component:
    ./features/trips/components/trip-dashboard.tsx
    ./app/(app)/trips/page.tsx @ :0
[ 2843988ms] [ERROR] ./features/trips/components/trip-dashboard.tsx:190:4373
Error: Unexpected token. Did you mean `{'}'}` or `&rbrace;`?
  188 | ...
  189 | ...
> 190 | ...lus />Add traveler manually</Button></fieldset>}
      |                                                   ^
  191 | ...
  192 | ...
  193 | ...

Parsing ecmascript source code failed

Import trace:
  Server Component:
    ./features/trips/components/trip-dashboard.tsx
    ./app/(app)/trips/page.tsx @ :0
[ 2844057ms] [ERROR] ./features/trips/components/trip-dashboard.tsx:190:4373
Error: Unexpected token. Did you mean `{'}'}` or `&rbrace;`?
  188 | ...
  189 | ...
> 190 | ...lus />Add traveler manually</Button></fieldset>}
      |                                                   ^
  191 | ...
  192 | ...
  193 | ...

Parsing ecmascript source code failed

Import trace:
  Server Component:
    ./features/trips/components/trip-dashboard.tsx
    ./app/(app)/trips/page.tsx @ :0
[ 2844127ms] [ERROR] ./features/trips/components/trip-dashboard.tsx:190:4373
Error: Unexpected token. Did you mean `{'}'}` or `&rbrace;`?
  188 | ...
  189 | ...
> 190 | ...lus />Add traveler manually</Button></fieldset>}
      |                                                   ^
  191 | ...
  192 | ...
  193 | ...

Parsing ecmascript source code failed

Import trace:
  Server Component:
    ./features/trips/components/trip-dashboard.tsx
    ./app/(app)/trips/page.tsx @ :0
[ 2844196ms] [ERROR] ./features/trips/components/trip-dashboard.tsx:190:4373
Error: Unexpected token. Did you mean `{'}'}` or `&rbrace;`?
  188 | ...
  189 | ...
> 190 | ...lus />Add traveler manually</Button></fieldset>}
      |                                                   ^
  191 | ...
  192 | ...
  193 | ...

Parsing ecmascript source code failed

Import trace:
  Server Component:
    ./features/trips/components/trip-dashboard.tsx
    ./app/(app)/trips/page.tsx @ :0
[ 2844262ms] [ERROR] ./features/trips/components/trip-dashboard.tsx:190:4373
Error: Unexpected token. Did you mean `{'}'}` or `&rbrace;`?
  188 | ...
  189 | ...
> 190 | ...lus />Add traveler manually</Button></fieldset>}
      |                                                   ^
  191 | ...
  192 | ...
  193 | ...

Parsing ecmascript source code failed

Import trace:
  Server Component:
    ./features/trips/components/trip-dashboard.tsx
    ./app/(app)/trips/page.tsx @ :0
[ 2844330ms] [ERROR] ./features/trips/components/trip-dashboard.tsx:190:4373
Error: Unexpected token. Did you mean `{'}'}` or `&rbrace;`?
  188 | ...
  189 | ...
> 190 | ...lus />Add traveler manually</Button></fieldset>}
      |                                                   ^
  191 | ...
  192 | ...
  193 | ...

Parsing ecmascript source code failed

Import trace:
  Server Component:
    ./features/trips/components/trip-dashboard.tsx
    ./app/(app)/trips/page.tsx @ :0
[ 2844401ms] [ERROR] ./features/trips/components/trip-dashboard.tsx:190:4373
Error: Unexpected token. Did you mean `{'}'}` or `&rbrace;`?
  188 | ...
  189 | ...
> 190 | ...lus />Add traveler manually</Button></fieldset>}
      |                                                   ^
  191 | ...
  192 | ...
  193 | ...

Parsing ecmascript source code failed

Import trace:
  Server Component:
    ./features/trips/components/trip-dashboard.tsx
    ./app/(app)/trips/page.tsx @ :0
[ 2844467ms] [ERROR] ./features/trips/components/trip-dashboard.tsx:190:4373
Error: Unexpected token. Did you mean `{'}'}` or `&rbrace;`?
  188 | ...
  189 | ...
> 190 | ...lus />Add traveler manually</Button></fieldset>}
      |                                                   ^
  191 | ...
  192 | ...
  193 | ...

Parsing ecmascript source code failed

Import trace:
  Server Component:
    ./features/trips/components/trip-dashboard.tsx
    ./app/(app)/trips/page.tsx @ :0
[ 2844532ms] [ERROR] ./features/trips/components/trip-dashboard.tsx:190:4373
Error: Unexpected token. Did you mean `{'}'}` or `&rbrace;`?
  188 | ...
  189 | ...
> 190 | ...lus />Add traveler manually</Button></fieldset>}
      |                                                   ^
  191 | ...
  192 | ...
  193 | ...

Parsing ecmascript source code failed

Import trace:
  Server Component:
    ./features/trips/components/trip-dashboard.tsx
    ./app/(app)/trips/page.tsx @ :0
[ 2844597ms] [ERROR] ./features/trips/components/trip-dashboard.tsx:190:4373
Error: Unexpected token. Did you mean `{'}'}` or `&rbrace;`?
  188 | ...
  189 | ...
> 190 | ...lus />Add traveler manually</Button></fieldset>}
      |                                                   ^
  191 | ...
  192 | ...
  193 | ...

Parsing ecmascript source code failed

Import trace:
  Server Component:
    ./features/trips/components/trip-dashboard.tsx
    ./app/(app)/trips/page.tsx @ :0
[ 2844664ms] [ERROR] ./features/trips/components/trip-dashboard.tsx:190:4373
Error: Unexpected token. Did you mean `{'}'}` or `&rbrace;`?
  188 | ...
  189 | ...
> 190 | ...lus />Add traveler manually</Button></fieldset>}
      |                                                   ^
  191 | ...
  192 | ...
  193 | ...

Parsing ecmascript source code failed

Import trace:
  Server Component:
    ./features/trips/components/trip-dashboard.tsx
    ./app/(app)/trips/page.tsx @ :0
[ 2844733ms] [ERROR] ./features/trips/components/trip-dashboard.tsx:190:4373
Error: Unexpected token. Did you mean `{'}'}` or `&rbrace;`?
  188 | ...
  189 | ...
> 190 | ...lus />Add traveler manually</Button></fieldset>}
      |                                                   ^
  191 | ...
  192 | ...
  193 | ...

Parsing ecmascript source code failed

Import trace:
  Server Component:
    ./features/trips/components/trip-dashboard.tsx
    ./app/(app)/trips/page.tsx @ :0
[ 2844801ms] [ERROR] ./features/trips/components/trip-dashboard.tsx:190:4373
Error: Unexpected token. Did you mean `{'}'}` or `&rbrace;`?
  188 | ...
  189 | ...
> 190 | ...lus />Add traveler manually</Button></fieldset>}
      |                                                   ^
  191 | ...
  192 | ...
  193 | ...

Parsing ecmascript source code failed

Import trace:
  Server Component:
    ./features/trips/components/trip-dashboard.tsx
    ./app/(app)/trips/page.tsx @ :0
[ 2844869ms] [ERROR] ./features/trips/components/trip-dashboard.tsx:190:4373
Error: Unexpected token. Did you mean `{'}'}` or `&rbrace;`?
  188 | ...
  189 | ...
> 190 | ...lus />Add traveler manually</Button></fieldset>}
      |                                                   ^
  191 | ...
  192 | ...
  193 | ...

Parsing ecmascript source code failed

Import trace:
  Server Component:
    ./features/trips/components/trip-dashboard.tsx
    ./app/(app)/trips/page.tsx @ :0
[ 2844938ms] [ERROR] ./features/trips/components/trip-dashboard.tsx:190:4373
Error: Unexpected token. Did you mean `{'}'}` or `&rbrace;`?
  188 | ...
  189 | ...
> 190 | ...lus />Add traveler manually</Button></fieldset>}
      |                                                   ^
  191 | ...
  192 | ...
  193 | ...

Parsing ecmascript source code failed

Import trace:
  Server Component:
    ./features/trips/components/trip-dashboard.tsx
    ./app/(app)/trips/page.tsx @ :0
[ 2845006ms] [ERROR] ./features/trips/components/trip-dashboard.tsx:190:4373
Error: Unexpected token. Did you mean `{'}'}` or `&rbrace;`?
  188 | ...
  189 | ...
> 190 | ...lus />Add traveler manually</Button></fieldset>}
      |                                                   ^
  191 | ...
  192 | ...
  193 | ...

Parsing ecmascript source code failed

Import trace:
  Server Component:
    ./features/trips/components/trip-dashboard.tsx
    ./app/(app)/trips/page.tsx @ :0
[ 2845071ms] [ERROR] ./features/trips/components/trip-dashboard.tsx:190:4373
Error: Unexpected token. Did you mean `{'}'}` or `&rbrace;`?
  188 | ...
  189 | ...
> 190 | ...lus />Add traveler manually</Button></fieldset>}
      |                                                   ^
  191 | ...
  192 | ...
  193 | ...

Parsing ecmascript source code failed

Import trace:
  Server Component:
    ./features/trips/components/trip-dashboard.tsx
    ./app/(app)/trips/page.tsx @ :0
[ 2845136ms] [ERROR] ./features/trips/components/trip-dashboard.tsx:190:4373
Error: Unexpected token. Did you mean `{'}'}` or `&rbrace;`?
  188 | ...
  189 | ...
> 190 | ...lus />Add traveler manually</Button></fieldset>}
      |                                                   ^
  191 | ...
  192 | ...
  193 | ...

Parsing ecmascript source code failed

Import trace:
  Server Component:
    ./features/trips/components/trip-dashboard.tsx
    ./app/(app)/trips/page.tsx @ :0
[ 2845204ms] [ERROR] ./features/trips/components/trip-dashboard.tsx:190:4373
Error: Unexpected token. Did you mean `{'}'}` or `&rbrace;`?
  188 | ...
  189 | ...
> 190 | ...lus />Add traveler manually</Button></fieldset>}
      |                                                   ^
  191 | ...
  192 | ...
  193 | ...

Parsing ecmascript source code failed

Import trace:
  Server Component:
    ./features/trips/components/trip-dashboard.tsx
    ./app/(app)/trips/page.tsx @ :0
[ 2845271ms] [ERROR] ./features/trips/components/trip-dashboard.tsx:190:4373
Error: Unexpected token. Did you mean `{'}'}` or `&rbrace;`?
  188 | ...
  189 | ...
> 190 | ...lus />Add traveler manually</Button></fieldset>}
      |                                                   ^
  191 | ...
  192 | ...
  193 | ...

Parsing ecmascript source code failed

Import trace:
  Server Component:
    ./features/trips/components/trip-dashboard.tsx
    ./app/(app)/trips/page.tsx @ :0
[ 2845339ms] [ERROR] ./features/trips/components/trip-dashboard.tsx:190:4373
Error: Unexpected token. Did you mean `{'}'}` or `&rbrace;`?
  188 | ...
  189 | ...
> 190 | ...lus />Add traveler manually</Button></fieldset>}
      |                                                   ^
  191 | ...
  192 | ...
  193 | ...

Parsing ecmascript source code failed

Import trace:
  Server Component:
    ./features/trips/components/trip-dashboard.tsx
    ./app/(app)/trips/page.tsx @ :0
[ 2845407ms] [ERROR] ./features/trips/components/trip-dashboard.tsx:190:4373
Error: Unexpected token. Did you mean `{'}'}` or `&rbrace;`?
  188 | ...
  189 | ...
> 190 | ...lus />Add traveler manually</Button></fieldset>}
      |                                                   ^
  191 | ...
  192 | ...
  193 | ...

Parsing ecmascript source code failed

Import trace:
  Server Component:
    ./features/trips/components/trip-dashboard.tsx
    ./app/(app)/trips/page.tsx @ :0
[ 2845474ms] [ERROR] ./features/trips/components/trip-dashboard.tsx:190:4373
Error: Unexpected token. Did you mean `{'}'}` or `&rbrace;`?
  188 | ...
  189 | ...
> 190 | ...lus />Add traveler manually</Button></fieldset>}
      |                                                   ^
  191 | ...
  192 | ...
  193 | ...

Parsing ecmascript source code failed

Import trace:
  Server Component:
    ./features/trips/components/trip-dashboard.tsx
    ./app/(app)/trips/page.tsx @ :0
[ 2845543ms] [ERROR] ./features/trips/components/trip-dashboard.tsx:190:4373
Error: Unexpected token. Did you mean `{'}'}` or `&rbrace;`?
  188 | ...
  189 | ...
> 190 | ...lus />Add traveler manually</Button></fieldset>}
      |                                                   ^
  191 | ...
  192 | ...
  193 | ...

Parsing ecmascript source code failed

Import trace:
  Server Component:
    ./features/trips/components/trip-dashboard.tsx
    ./app/(app)/trips/page.tsx @ :0
[ 2845612ms] [ERROR] ./features/trips/components/trip-dashboard.tsx:190:4373
Error: Unexpected token. Did you mean `{'}'}` or `&rbrace;`?
  188 | ...
  189 | ...
> 190 | ...lus />Add traveler manually</Button></fieldset>}
      |                                                   ^
  191 | ...
  192 | ...
  193 | ...

Parsing ecmascript source code failed

Import trace:
  Server Component:
    ./features/trips/components/trip-dashboard.tsx
    ./app/(app)/trips/page.tsx @ :0
[ 2845679ms] [ERROR] ./features/trips/components/trip-dashboard.tsx:190:4373
Error: Unexpected token. Did you mean `{'}'}` or `&rbrace;`?
  188 | ...
  189 | ...
> 190 | ...lus />Add traveler manually</Button></fieldset>}
      |                                                   ^
  191 | ...
  192 | ...
  193 | ...

Parsing ecmascript source code failed

Import trace:
  Server Component:
    ./features/trips/components/trip-dashboard.tsx
    ./app/(app)/trips/page.tsx @ :0
[ 2845747ms] [ERROR] ./features/trips/components/trip-dashboard.tsx:190:4373
Error: Unexpected token. Did you mean `{'}'}` or `&rbrace;`?
  188 | ...
  189 | ...
> 190 | ...lus />Add traveler manually</Button></fieldset>}
      |                                                   ^
  191 | ...
  192 | ...
  193 | ...

Parsing ecmascript source code failed

Import trace:
  Server Component:
    ./features/trips/components/trip-dashboard.tsx
    ./app/(app)/trips/page.tsx @ :0
[ 2845815ms] [ERROR] ./features/trips/components/trip-dashboard.tsx:190:4373
Error: Unexpected token. Did you mean `{'}'}` or `&rbrace;`?
  188 | ...
  189 | ...
> 190 | ...lus />Add traveler manually</Button></fieldset>}
      |                                                   ^
  191 | ...
  192 | ...
  193 | ...

Parsing ecmascript source code failed

Import trace:
  Server Component:
    ./features/trips/components/trip-dashboard.tsx
    ./app/(app)/trips/page.tsx @ :0
[ 2845881ms] [ERROR] ./features/trips/components/trip-dashboard.tsx:190:4373
Error: Unexpected token. Did you mean `{'}'}` or `&rbrace;`?
  188 | ...
  189 | ...
> 190 | ...lus />Add traveler manually</Button></fieldset>}
      |                                                   ^
  191 | ...
  192 | ...
  193 | ...

Parsing ecmascript source code failed

Import trace:
  Server Component:
    ./features/trips/components/trip-dashboard.tsx
    ./app/(app)/trips/page.tsx @ :0
[ 2845948ms] [ERROR] ./features/trips/components/trip-dashboard.tsx:190:4373
Error: Unexpected token. Did you mean `{'}'}` or `&rbrace;`?
  188 | ...
  189 | ...
> 190 | ...lus />Add traveler manually</Button></fieldset>}
      |                                                   ^
  191 | ...
  192 | ...
  193 | ...

Parsing ecmascript source code failed

Import trace:
  Server Component:
    ./features/trips/components/trip-dashboard.tsx
    ./app/(app)/trips/page.tsx @ :0
[ 2846020ms] [ERROR] ./features/trips/components/trip-dashboard.tsx:190:4373
Error: Unexpected token. Did you mean `{'}'}` or `&rbrace;`?
  188 | ...
  189 | ...
> 190 | ...lus />Add traveler manually</Button></fieldset>}
      |                                                   ^
  191 | ...
  192 | ...
  193 | ...

Parsing ecmascript source code failed

Import trace:
  Server Component:
    ./features/trips/components/trip-dashboard.tsx
    ./app/(app)/trips/page.tsx @ :0
[ 2846089ms] [ERROR] ./features/trips/components/trip-dashboard.tsx:190:4373
Error: Unexpected token. Did you mean `{'}'}` or `&rbrace;`?
  188 | ...
  189 | ...
> 190 | ...lus />Add traveler manually</Button></fieldset>}
      |                                                   ^
  191 | ...
  192 | ...
  193 | ...

Parsing ecmascript source code failed

Import trace:
  Server Component:
    ./features/trips/components/trip-dashboard.tsx
    ./app/(app)/trips/page.tsx @ :0
[ 2846160ms] [ERROR] ./features/trips/components/trip-dashboard.tsx:190:4373
Error: Unexpected token. Did you mean `{'}'}` or `&rbrace;`?
  188 | ...
  189 | ...
> 190 | ...lus />Add traveler manually</Button></fieldset>}
      |                                                   ^
  191 | ...
  192 | ...
  193 | ...

Parsing ecmascript source code failed

Import trace:
  Server Component:
    ./features/trips/components/trip-dashboard.tsx
    ./app/(app)/trips/page.tsx @ :0
[ 2846212ms] [LOG] [Fast Refresh] rebuilding @ http://localhost:3000/_next/static/chunks/112__next_dist_1a10hyl._.js:782
[ 2846285ms] [LOG] [Fast Refresh] done in 20ms @ http://localhost:3000/_next/static/chunks/112__next_dist_1a10hyl._.js:782
[ 2846444ms] [LOG] [Fast Refresh] done in 20ms @ http://localhost:3000/_next/static/chunks/112__next_dist_1a10hyl._.js:782
[ 2846579ms] [LOG] [Fast Refresh] done in 20ms @ http://localhost:3000/_next/static/chunks/112__next_dist_1a10hyl._.js:782
[ 2846726ms] [LOG] [Fast Refresh] done in 20ms @ http://localhost:3000/_next/static/chunks/112__next_dist_1a10hyl._.js:782
[ 2856534ms] [LOG] [Fast Refresh] rebuilding @ http://localhost:3000/_next/static/chunks/112__next_dist_1a10hyl._.js:782
[ 2856577ms] [LOG] [Fast Refresh] done in 11ms @ http://localhost:3000/_next/static/chunks/112__next_dist_1a10hyl._.js:782
[ 2856804ms] [LOG] [Fast Refresh] done in 11ms @ http://localhost:3000/_next/static/chunks/112__next_dist_1a10hyl._.js:782
[ 2856962ms] [LOG] [Fast Refresh] done in 11ms @ http://localhost:3000/_next/static/chunks/112__next_dist_1a10hyl._.js:782
[ 2857109ms] [LOG] [Fast Refresh] done in 11ms @ http://localhost:3000/_next/static/chunks/112__next_dist_1a10hyl._.js:782
[ 2861815ms] [LOG] [Fast Refresh] rebuilding @ http://localhost:3000/_next/static/chunks/112__next_dist_1a10hyl._.js:782
[ 2861859ms] [LOG] [Fast Refresh] done in 11ms @ http://localhost:3000/_next/static/chunks/112__next_dist_1a10hyl._.js:782
[ 2862018ms] [LOG] [Fast Refresh] done in 11ms @ http://localhost:3000/_next/static/chunks/112__next_dist_1a10hyl._.js:782
[ 2862168ms] [LOG] [Fast Refresh] done in 11ms @ http://localhost:3000/_next/static/chunks/112__next_dist_1a10hyl._.js:782
[ 2862317ms] [LOG] [Fast Refresh] done in 11ms @ http://localhost:3000/_next/static/chunks/112__next_dist_1a10hyl._.js:782
[ 2866944ms] [LOG] [Fast Refresh] rebuilding @ http://localhost:3000/_next/static/chunks/112__next_dist_1a10hyl._.js:782
[ 2866988ms] [LOG] [Fast Refresh] done in 13ms @ http://localhost:3000/_next/static/chunks/112__next_dist_1a10hyl._.js:782
[ 2867236ms] [LOG] [Fast Refresh] done in 13ms @ http://localhost:3000/_next/static/chunks/112__next_dist_1a10hyl._.js:782
[ 2867399ms] [LOG] [Fast Refresh] done in 13ms @ http://localhost:3000/_next/static/chunks/112__next_dist_1a10hyl._.js:782
[ 2867547ms] [LOG] [Fast Refresh] done in 13ms @ http://localhost:3000/_next/static/chunks/112__next_dist_1a10hyl._.js:782
[ 2867807ms] [LOG] [Fast Refresh] done in 13ms @ http://localhost:3000/_next/static/chunks/112__next_dist_1a10hyl._.js:782
[ 2867939ms] [LOG] [Fast Refresh] done in 13ms @ http://localhost:3000/_next/static/chunks/112__next_dist_1a10hyl._.js:782
[ 2867978ms] [LOG] [Fast Refresh] done in 13ms @ http://localhost:3000/_next/static/chunks/112__next_dist_1a10hyl._.js:782
[ 2868099ms] [LOG] [Fast Refresh] done in 13ms @ http://localhost:3000/_next/static/chunks/112__next_dist_1a10hyl._.js:782
[ 2868196ms] [LOG] [Fast Refresh] done in 13ms @ http://localhost:3000/_next/static/chunks/112__next_dist_1a10hyl._.js:782
[ 2868256ms] [LOG] [Fast Refresh] done in 13ms @ http://localhost:3000/_next/static/chunks/112__next_dist_1a10hyl._.js:782
[ 2868297ms] [LOG] [Fast Refresh] done in 13ms @ http://localhost:3000/_next/static/chunks/112__next_dist_1a10hyl._.js:782
[ 2868346ms] [LOG] [Fast Refresh] done in 13ms @ http://localhost:3000/_next/static/chunks/112__next_dist_1a10hyl._.js:782
[ 2868394ms] [LOG] [Fast Refresh] done in 13ms @ http://localhost:3000/_next/static/chunks/112__next_dist_1a10hyl._.js:782
[ 2868445ms] [LOG] [Fast Refresh] done in 13ms @ http://localhost:3000/_next/static/chunks/112__next_dist_1a10hyl._.js:782
[ 2868486ms] [LOG] [Fast Refresh] done in 13ms @ http://localhost:3000/_next/static/chunks/112__next_dist_1a10hyl._.js:782
[ 2868533ms] [LOG] [Fast Refresh] done in 13ms @ http://localhost:3000/_next/static/chunks/112__next_dist_1a10hyl._.js:782
[ 2868586ms] [LOG] [Fast Refresh] done in 13ms @ http://localhost:3000/_next/static/chunks/112__next_dist_1a10hyl._.js:782
[ 2868643ms] [LOG] [Fast Refresh] done in 13ms @ http://localhost:3000/_next/static/chunks/112__next_dist_1a10hyl._.js:782
[ 2868733ms] [LOG] [Fast Refresh] done in 13ms @ http://localhost:3000/_next/static/chunks/112__next_dist_1a10hyl._.js:782
[ 2868795ms] [LOG] [Fast Refresh] done in 13ms @ http://localhost:3000/_next/static/chunks/112__next_dist_1a10hyl._.js:782
[ 2868842ms] [LOG] [Fast Refresh] done in 13ms @ http://localhost:3000/_next/static/chunks/112__next_dist_1a10hyl._.js:782
[ 2868892ms] [LOG] [Fast Refresh] done in 13ms @ http://localhost:3000/_next/static/chunks/112__next_dist_1a10hyl._.js:782
[ 2868933ms] [LOG] [Fast Refresh] done in 13ms @ http://localhost:3000/_next/static/chunks/112__next_dist_1a10hyl._.js:782
[ 2868984ms] [LOG] [Fast Refresh] done in 13ms @ http://localhost:3000/_next/static/chunks/112__next_dist_1a10hyl._.js:782
[ 2869023ms] [LOG] [Fast Refresh] done in 13ms @ http://localhost:3000/_next/static/chunks/112__next_dist_1a10hyl._.js:782
[ 2869073ms] [LOG] [Fast Refresh] done in 13ms @ http://localhost:3000/_next/static/chunks/112__next_dist_1a10hyl._.js:782
[ 2869119ms] [LOG] [Fast Refresh] done in 13ms @ http://localhost:3000/_next/static/chunks/112__next_dist_1a10hyl._.js:782
[ 2869158ms] [LOG] [Fast Refresh] done in 13ms @ http://localhost:3000/_next/static/chunks/112__next_dist_1a10hyl._.js:782
[ 2869222ms] [LOG] [Fast Refresh] done in 13ms @ http://localhost:3000/_next/static/chunks/112__next_dist_1a10hyl._.js:782
[ 2869260ms] [LOG] [Fast Refresh] done in 13ms @ http://localhost:3000/_next/static/chunks/112__next_dist_1a10hyl._.js:782
[ 2869304ms] [LOG] [Fast Refresh] done in 13ms @ http://localhost:3000/_next/static/chunks/112__next_dist_1a10hyl._.js:782
[ 2869412ms] [LOG] [Fast Refresh] done in 13ms @ http://localhost:3000/_next/static/chunks/112__next_dist_1a10hyl._.js:782
[ 2871073ms] [INFO] [2026-09-02T02:41:25.996Z] INFO: Processing pending mutations {"count":2} @ http://localhost:3000/_next/static/chunks/112__next_dist_1a10hyl._.js:782
[ 2871073ms] [WARNING] [2026-09-02T02:41:25.996Z] WARN: Mutation exceeded max retry attempts {"id":"aa1fa5af-c59c-48d4-bdf0-8d0d6b30d542","attempts":5,"entityType":"trip","lastError":"new row violates row-level security policy for table \"trips\""} @ http://localhost:3000/_next/static/chunks/112__next_dist_1a10hyl._.js:782
[ 2871073ms] [WARNING] [2026-09-02T02:41:25.996Z] WARN: Skipping mutation that exceeded max retries {"id":"aa1fa5af-c59c-48d4-bdf0-8d0d6b30d542","attempts":5,"entityType":"trip"} @ http://localhost:3000/_next/static/chunks/112__next_dist_1a10hyl._.js:782
[ 2871073ms] [WARNING] [2026-09-02T02:41:25.997Z] WARN: Mutation exceeded max retry attempts {"id":"bf7070d8-0bd1-4b7a-9e6c-8666ab0ddcb8","attempts":5,"entityType":"tripMember","lastError":"new row violates row-level security policy for table \"trip_members\""} @ http://localhost:3000/_next/static/chunks/112__next_dist_1a10hyl._.js:782
[ 2871073ms] [WARNING] [2026-09-02T02:41:25.997Z] WARN: Skipping mutation that exceeded max retries {"id":"bf7070d8-0bd1-4b7a-9e6c-8666ab0ddcb8","attempts":5,"entityType":"tripMember"} @ http://localhost:3000/_next/static/chunks/112__next_dist_1a10hyl._.js:782
[ 2871479ms] [LOG] [Fast Refresh] done in 13ms @ http://localhost:3000/_next/static/chunks/112__next_dist_1a10hyl._.js:782
[ 2871609ms] [LOG] [Fast Refresh] done in 13ms @ http://localhost:3000/_next/static/chunks/112__next_dist_1a10hyl._.js:782
[ 2871773ms] [LOG] [Fast Refresh] done in 13ms @ http://localhost:3000/_next/static/chunks/112__next_dist_1a10hyl._.js:782
[ 2871912ms] [LOG] [Fast Refresh] rebuilding @ http://localhost:3000/_next/static/chunks/112__next_dist_1a10hyl._.js:782
[ 2871931ms] [LOG] [Fast Refresh] done in 18ms @ http://localhost:3000/_next/static/chunks/112__next_dist_1a10hyl._.js:782
[ 2871962ms] [LOG] [Fast Refresh] done in 18ms @ http://localhost:3000/_next/static/chunks/112__next_dist_1a10hyl._.js:782
[ 2872047ms] [LOG] [Fast Refresh] done in 18ms @ http://localhost:3000/_next/static/chunks/112__next_dist_1a10hyl._.js:782
[ 2872111ms] [LOG] [Fast Refresh] done in 18ms @ http://localhost:3000/_next/static/chunks/112__next_dist_1a10hyl._.js:782
[ 2872181ms] [LOG] [Fast Refresh] done in 18ms @ http://localhost:3000/_next/static/chunks/112__next_dist_1a10hyl._.js:782
[ 2872281ms] [LOG] [Fast Refresh] done in 18ms @ http://localhost:3000/_next/static/chunks/112__next_dist_1a10hyl._.js:782
[ 2872331ms] [LOG] [Fast Refresh] done in 18ms @ http://localhost:3000/_next/static/chunks/112__next_dist_1a10hyl._.js:782
[ 2872456ms] [LOG] [Fast Refresh] done in 18ms @ http://localhost:3000/_next/static/chunks/112__next_dist_1a10hyl._.js:782
[ 2872592ms] [LOG] [Fast Refresh] done in 18ms @ http://localhost:3000/_next/static/chunks/112__next_dist_1a10hyl._.js:782
[ 2872727ms] [LOG] [Fast Refresh] done in 18ms @ http://localhost:3000/_next/static/chunks/112__next_dist_1a10hyl._.js:782
[ 2872799ms] [INFO] [2026-09-02T02:41:27.722Z] INFO: Sync completed {"duration":1729,"successCount":0,"failureCount":0,"skippedCount":2,"remainingPending":2,"status":"error","diagnostics":{"totalAttempts":8,"successfulSyncs":4,"failedSyncs":0,"averageDuration":1550.25}} @ http://localhost:3000/_next/static/chunks/112__next_dist_1a10hyl._.js:782
[ 2872862ms] [LOG] [Fast Refresh] done in 18ms @ http://localhost:3000/_next/static/chunks/112__next_dist_1a10hyl._.js:782
[ 2882909ms] [LOG] [Fast Refresh] rebuilding @ http://localhost:3000/_next/static/chunks/112__next_dist_1a10hyl._.js:782
[ 2882955ms] [LOG] [Fast Refresh] done in 14ms @ http://localhost:3000/_next/static/chunks/112__next_dist_1a10hyl._.js:782
[ 2883300ms] [LOG] [Fast Refresh] done in 14ms @ http://localhost:3000/_next/static/chunks/112__next_dist_1a10hyl._.js:782
[ 2883468ms] [LOG] [Fast Refresh] done in 14ms @ http://localhost:3000/_next/static/chunks/112__next_dist_1a10hyl._.js:782
[ 2883619ms] [LOG] [Fast Refresh] done in 14ms @ http://localhost:3000/_next/static/chunks/112__next_dist_1a10hyl._.js:782
[ 2899901ms] [LOG] [Fast Refresh] done in 14ms @ http://localhost:3000/_next/static/chunks/112__next_dist_1a10hyl._.js:782
[ 2900040ms] [LOG] [Fast Refresh] done in 14ms @ http://localhost:3000/_next/static/chunks/112__next_dist_1a10hyl._.js:782
[ 2900157ms] [LOG] [Fast Refresh] done in 14ms @ http://localhost:3000/_next/static/chunks/112__next_dist_1a10hyl._.js:782
[ 2900239ms] [LOG] [Fast Refresh] done in 14ms @ http://localhost:3000/_next/static/chunks/112__next_dist_1a10hyl._.js:782
[ 2900290ms] [LOG] [Fast Refresh] done in 14ms @ http://localhost:3000/_next/static/chunks/112__next_dist_1a10hyl._.js:782
[ 2900390ms] [LOG] [Fast Refresh] done in 14ms @ http://localhost:3000/_next/static/chunks/112__next_dist_1a10hyl._.js:782
[ 2900441ms] [LOG] [Fast Refresh] done in 14ms @ http://localhost:3000/_next/static/chunks/112__next_dist_1a10hyl._.js:782
[ 2900540ms] [LOG] [Fast Refresh] done in 14ms @ http://localhost:3000/_next/static/chunks/112__next_dist_1a10hyl._.js:782
[ 2900579ms] [LOG] [Fast Refresh] done in 14ms @ http://localhost:3000/_next/static/chunks/112__next_dist_1a10hyl._.js:782
[ 2900634ms] [LOG] [Fast Refresh] done in 14ms @ http://localhost:3000/_next/static/chunks/112__next_dist_1a10hyl._.js:782
[ 2900673ms] [LOG] [Fast Refresh] done in 14ms @ http://localhost:3000/_next/static/chunks/112__next_dist_1a10hyl._.js:782
[ 2900713ms] [LOG] [Fast Refresh] done in 14ms @ http://localhost:3000/_next/static/chunks/112__next_dist_1a10hyl._.js:782
[ 2900767ms] [LOG] [Fast Refresh] done in 14ms @ http://localhost:3000/_next/static/chunks/112__next_dist_1a10hyl._.js:782
[ 2900807ms] [LOG] [Fast Refresh] done in 14ms @ http://localhost:3000/_next/static/chunks/112__next_dist_1a10hyl._.js:782
[ 2900863ms] [LOG] [Fast Refresh] done in 14ms @ http://localhost:3000/_next/static/chunks/112__next_dist_1a10hyl._.js:782
[ 2900904ms] [LOG] [Fast Refresh] done in 14ms @ http://localhost:3000/_next/static/chunks/112__next_dist_1a10hyl._.js:782
[ 2900952ms] [LOG] [Fast Refresh] done in 14ms @ http://localhost:3000/_next/static/chunks/112__next_dist_1a10hyl._.js:782
[ 2900995ms] [LOG] [Fast Refresh] done in 14ms @ http://localhost:3000/_next/static/chunks/112__next_dist_1a10hyl._.js:782
[ 2901056ms] [LOG] [Fast Refresh] done in 14ms @ http://localhost:3000/_next/static/chunks/112__next_dist_1a10hyl._.js:782
[ 2901078ms] [INFO] [2026-09-02T02:41:56.002Z] INFO: Processing pending mutations {"count":2} @ http://localhost:3000/_next/static/chunks/112__next_dist_1a10hyl._.js:782
[ 2901079ms] [WARNING] [2026-09-02T02:41:56.002Z] WARN: Mutation exceeded max retry attempts {"id":"aa1fa5af-c59c-48d4-bdf0-8d0d6b30d542","attempts":5,"entityType":"trip","lastError":"new row violates row-level security policy for table \"trips\""} @ http://localhost:3000/_next/static/chunks/112__next_dist_1a10hyl._.js:782
[ 2901079ms] [WARNING] [2026-09-02T02:41:56.002Z] WARN: Skipping mutation that exceeded max retries {"id":"aa1fa5af-c59c-48d4-bdf0-8d0d6b30d542","attempts":5,"entityType":"trip"} @ http://localhost:3000/_next/static/chunks/112__next_dist_1a10hyl._.js:782
[ 2901079ms] [WARNING] [2026-09-02T02:41:56.002Z] WARN: Mutation exceeded max retry attempts {"id":"bf7070d8-0bd1-4b7a-9e6c-8666ab0ddcb8","attempts":5,"entityType":"tripMember","lastError":"new row violates row-level security policy for table \"trip_members\""} @ http://localhost:3000/_next/static/chunks/112__next_dist_1a10hyl._.js:782
[ 2901079ms] [WARNING] [2026-09-02T02:41:56.002Z] WARN: Skipping mutation that exceeded max retries {"id":"bf7070d8-0bd1-4b7a-9e6c-8666ab0ddcb8","attempts":5,"entityType":"tripMember"} @ http://localhost:3000/_next/static/chunks/112__next_dist_1a10hyl._.js:782
[ 2901094ms] [LOG] [Fast Refresh] done in 14ms @ http://localhost:3000/_next/static/chunks/112__next_dist_1a10hyl._.js:782
[ 2901140ms] [LOG] [Fast Refresh] done in 14ms @ http://localhost:3000/_next/static/chunks/112__next_dist_1a10hyl._.js:782
[ 2901189ms] [LOG] [Fast Refresh] done in 14ms @ http://localhost:3000/_next/static/chunks/112__next_dist_1a10hyl._.js:782
[ 2901236ms] [LOG] [Fast Refresh] done in 14ms @ http://localhost:3000/_next/static/chunks/112__next_dist_1a10hyl._.js:782
[ 2901327ms] [LOG] [Fast Refresh] done in 14ms @ http://localhost:3000/_next/static/chunks/112__next_dist_1a10hyl._.js:782
[ 2901389ms] [LOG] [Fast Refresh] done in 14ms @ http://localhost:3000/_next/static/chunks/112__next_dist_1a10hyl._.js:782
[ 2901540ms] [LOG] [Fast Refresh] done in 14ms @ http://localhost:3000/_next/static/chunks/112__next_dist_1a10hyl._.js:782
[ 2901838ms] [LOG] [Fast Refresh] done in 14ms @ http://localhost:3000/_next/static/chunks/112__next_dist_1a10hyl._.js:782
[ 2901975ms] [LOG] [Fast Refresh] done in 14ms @ http://localhost:3000/_next/static/chunks/112__next_dist_1a10hyl._.js:782
[ 2902126ms] [LOG] [Fast Refresh] done in 14ms @ http://localhost:3000/_next/static/chunks/112__next_dist_1a10hyl._.js:782
[ 2902246ms] [LOG] [Fast Refresh] done in 14ms @ http://localhost:3000/_next/static/chunks/112__next_dist_1a10hyl._.js:782
[ 2902395ms] [LOG] [Fast Refresh] done in 14ms @ http://localhost:3000/_next/static/chunks/112__next_dist_1a10hyl._.js:782
[ 2902538ms] [LOG] [Fast Refresh] done in 14ms @ http://localhost:3000/_next/static/chunks/112__next_dist_1a10hyl._.js:782
[ 2902685ms] [LOG] [Fast Refresh] done in 14ms @ http://localhost:3000/_next/static/chunks/112__next_dist_1a10hyl._.js:782
[ 2902813ms] [LOG] [Fast Refresh] done in 14ms @ http://localhost:3000/_next/static/chunks/112__next_dist_1a10hyl._.js:782
[ 2902905ms] [INFO] [2026-09-02T02:41:57.828Z] INFO: Sync completed {"duration":1834,"successCount":0,"failureCount":0,"skippedCount":2,"remainingPending":2,"status":"error","diagnostics":{"totalAttempts":9,"successfulSyncs":5,"failedSyncs":0,"averageDuration":1607}} @ http://localhost:3000/_next/static/chunks/112__next_dist_1a10hyl._.js:782
[ 2902972ms] [LOG] [Fast Refresh] done in 14ms @ http://localhost:3000/_next/static/chunks/112__next_dist_1a10hyl._.js:782
[ 2931076ms] [INFO] [2026-09-02T02:42:26.000Z] INFO: Processing pending mutations {"count":2} @ http://localhost:3000/_next/static/chunks/112__next_dist_1a10hyl._.js:782
[ 2931076ms] [WARNING] [2026-09-02T02:42:26.000Z] WARN: Mutation exceeded max retry attempts {"id":"aa1fa5af-c59c-48d4-bdf0-8d0d6b30d542","attempts":5,"entityType":"trip","lastError":"new row violates row-level security policy for table \"trips\""} @ http://localhost:3000/_next/static/chunks/112__next_dist_1a10hyl._.js:782
[ 2931076ms] [WARNING] [2026-09-02T02:42:26.000Z] WARN: Skipping mutation that exceeded max retries {"id":"aa1fa5af-c59c-48d4-bdf0-8d0d6b30d542","attempts":5,"entityType":"trip"} @ http://localhost:3000/_next/static/chunks/112__next_dist_1a10hyl._.js:782
[ 2931076ms] [WARNING] [2026-09-02T02:42:26.000Z] WARN: Mutation exceeded max retry attempts {"id":"bf7070d8-0bd1-4b7a-9e6c-8666ab0ddcb8","attempts":5,"entityType":"tripMember","lastError":"new row violates row-level security policy for table \"trip_members\""} @ http://localhost:3000/_next/static/chunks/112__next_dist_1a10hyl._.js:782
[ 2931076ms] [WARNING] [2026-09-02T02:42:26.000Z] WARN: Skipping mutation that exceeded max retries {"id":"bf7070d8-0bd1-4b7a-9e6c-8666ab0ddcb8","attempts":5,"entityType":"tripMember"} @ http://localhost:3000/_next/static/chunks/112__next_dist_1a10hyl._.js:782
[ 2931345ms] [LOG] [Fast Refresh] done in 14ms @ http://localhost:3000/_next/static/chunks/112__next_dist_1a10hyl._.js:782
[ 2931488ms] [LOG] [Fast Refresh] done in 14ms @ http://localhost:3000/_next/static/chunks/112__next_dist_1a10hyl._.js:782
[ 2931624ms] [LOG] [Fast Refresh] done in 14ms @ http://localhost:3000/_next/static/chunks/112__next_dist_1a10hyl._.js:782
[ 2931764ms] [LOG] [Fast Refresh] done in 14ms @ http://localhost:3000/_next/static/chunks/112__next_dist_1a10hyl._.js:782
[ 2931904ms] [LOG] [Fast Refresh] done in 14ms @ http://localhost:3000/_next/static/chunks/112__next_dist_1a10hyl._.js:782
[ 2932037ms] [LOG] [Fast Refresh] done in 14ms @ http://localhost:3000/_next/static/chunks/112__next_dist_1a10hyl._.js:782
[ 2932169ms] [LOG] [Fast Refresh] done in 14ms @ http://localhost:3000/_next/static/chunks/112__next_dist_1a10hyl._.js:782
[ 2932299ms] [LOG] [Fast Refresh] done in 14ms @ http://localhost:3000/_next/static/chunks/112__next_dist_1a10hyl._.js:782
[ 2932442ms] [LOG] [Fast Refresh] done in 14ms @ http://localhost:3000/_next/static/chunks/112__next_dist_1a10hyl._.js:782
[ 2932584ms] [LOG] [Fast Refresh] done in 14ms @ http://localhost:3000/_next/static/chunks/112__next_dist_1a10hyl._.js:782
[ 2932654ms] [INFO] [2026-09-02T02:42:27.578Z] INFO: Sync completed {"duration":1583,"successCount":0,"failureCount":0,"skippedCount":2,"remainingPending":2,"status":"error","diagnostics":{"totalAttempts":10,"successfulSyncs":6,"failedSyncs":0,"averageDuration":1603}} @ http://localhost:3000/_next/static/chunks/112__next_dist_1a10hyl._.js:782
[ 2932721ms] [LOG] [Fast Refresh] done in 14ms @ http://localhost:3000/_next/static/chunks/112__next_dist_1a10hyl._.js:782
[ 2949758ms] [LOG] [HMR] connected @ http://localhost:3000/_next/static/chunks/112__next_dist_1a10hyl._.js:782
[ 2949824ms] [LOG] [Fast Refresh] done in 14ms @ http://localhost:3000/_next/static/chunks/112__next_dist_1a10hyl._.js:782
[ 2971575ms] [INFO] [2026-09-02T02:43:06.498Z] INFO: Processing pending mutations {"count":2} @ http://localhost:3000/_next/static/chunks/112__next_dist_1a10hyl._.js:782
[ 2971575ms] [WARNING] [2026-09-02T02:43:06.498Z] WARN: Mutation exceeded max retry attempts {"id":"aa1fa5af-c59c-48d4-bdf0-8d0d6b30d542","attempts":5,"entityType":"trip","lastError":"new row violates row-level security policy for table \"trips\""} @ http://localhost:3000/_next/static/chunks/112__next_dist_1a10hyl._.js:782
[ 2971575ms] [WARNING] [2026-09-02T02:43:06.498Z] WARN: Skipping mutation that exceeded max retries {"id":"aa1fa5af-c59c-48d4-bdf0-8d0d6b30d542","attempts":5,"entityType":"trip"} @ http://localhost:3000/_next/static/chunks/112__next_dist_1a10hyl._.js:782
[ 2971575ms] [WARNING] [2026-09-02T02:43:06.498Z] WARN: Mutation exceeded max retry attempts {"id":"bf7070d8-0bd1-4b7a-9e6c-8666ab0ddcb8","attempts":5,"entityType":"tripMember","lastError":"new row violates row-level security policy for table \"trip_members\""} @ http://localhost:3000/_next/static/chunks/112__next_dist_1a10hyl._.js:782
[ 2971575ms] [WARNING] [2026-09-02T02:43:06.499Z] WARN: Skipping mutation that exceeded max retries {"id":"bf7070d8-0bd1-4b7a-9e6c-8666ab0ddcb8","attempts":5,"entityType":"tripMember"} @ http://localhost:3000/_next/static/chunks/112__next_dist_1a10hyl._.js:782
[ 2973468ms] [INFO] [2026-09-02T02:43:08.392Z] INFO: Sync completed {"duration":1899,"successCount":0,"failureCount":0,"skippedCount":2,"remainingPending":2,"status":"error","diagnostics":{"totalAttempts":11,"successfulSyncs":7,"failedSyncs":0,"averageDuration":1645.2857142857142}} @ http://localhost:3000/_next/static/chunks/112__next_dist_1a10hyl._.js:782
[ 3001574ms] [INFO] [2026-09-02T02:43:36.498Z] INFO: Processing pending mutations {"count":2} @ http://localhost:3000/_next/static/chunks/112__next_dist_1a10hyl._.js:782
[ 3001574ms] [WARNING] [2026-09-02T02:43:36.498Z] WARN: Mutation exceeded max retry attempts {"id":"aa1fa5af-c59c-48d4-bdf0-8d0d6b30d542","attempts":5,"entityType":"trip","lastError":"new row violates row-level security policy for table \"trips\""} @ http://localhost:3000/_next/static/chunks/112__next_dist_1a10hyl._.js:782
[ 3001574ms] [WARNING] [2026-09-02T02:43:36.498Z] WARN: Skipping mutation that exceeded max retries {"id":"aa1fa5af-c59c-48d4-bdf0-8d0d6b30d542","attempts":5,"entityType":"trip"} @ http://localhost:3000/_next/static/chunks/112__next_dist_1a10hyl._.js:782
[ 3001574ms] [WARNING] [2026-09-02T02:43:36.498Z] WARN: Mutation exceeded max retry attempts {"id":"bf7070d8-0bd1-4b7a-9e6c-8666ab0ddcb8","attempts":5,"entityType":"tripMember","lastError":"new row violates row-level security policy for table \"trip_members\""} @ http://localhost:3000/_next/static/chunks/112__next_dist_1a10hyl._.js:782
[ 3001574ms] [WARNING] [2026-09-02T02:43:36.498Z] WARN: Skipping mutation that exceeded max retries {"id":"bf7070d8-0bd1-4b7a-9e6c-8666ab0ddcb8","attempts":5,"entityType":"tripMember"} @ http://localhost:3000/_next/static/chunks/112__next_dist_1a10hyl._.js:782
[ 3003565ms] [INFO] [2026-09-02T02:43:38.488Z] INFO: Sync completed {"duration":1994,"successCount":0,"failureCount":0,"skippedCount":2,"remainingPending":2,"status":"error","diagnostics":{"totalAttempts":12,"successfulSyncs":8,"failedSyncs":0,"averageDuration":1688.875}} @ http://localhost:3000/_next/static/chunks/112__next_dist_1a10hyl._.js:782
[ 3019028ms] [LOG] %c Console Ninja extension is connected to Next.js browser, background: rgb(30,30,30); color: rgb(255,213,92) see https://tinyurl.com/2vt8jxzw for more info. @ :0
[ 3019032ms] [INFO] %cDownload the React DevTools for a better development experience: https://react.dev/link/react-devtools font-weight:bold @ http://localhost:3000/_next/static/chunks/112__next_dist_1a10hyl._.js:782
[ 3019047ms] [LOG] [HMR] connected @ http://localhost:3000/_next/static/chunks/112__next_dist_1a10hyl._.js:782
[ 3019087ms] Error: Hydration failed because the server rendered HTML didn't match the client. As a result this tree will be regenerated on the client. This can happen if a SSR-ed Client Component used:

- A server/client branch `if (typeof window !== 'undefined')`.
- Variable input such as `Date.now()` or `Math.random()` which changes each time it's called.
- Date formatting in a user's locale which doesn't match the server.
- External changing data without sending a snapshot of it along with the HTML.
- Invalid HTML tag nesting.

It can also happen if the client has a browser extension installed which messes with the HTML before React loaded.

https://react.dev/link/hydration-mismatch

  ...
    <ErrorBoundary errorComponent={undefined} errorStyles={undefined} errorScripts={undefined}>
      <LoadingBoundary name="/" loading={null}>
        <HTTPAccessFallbackBoundary notFound={{...}} forbidden={undefined} unauthorized={undefined}>
          <HTTPAccessFallbackErrorBoundary pathname="/trips/033..." notFound={{...}} forbidden={undefined} ...>
            <RedirectBoundary>
              <RedirectErrorBoundary router={{...}}>
                <InnerLayoutRouter url="/trips/033..." tree={[...]} params={{}} cacheNode={{rsc:{...}, ...}} ...>
                  <SegmentViewNode type="layout" pagePath="(app)/layo...">
                    <SegmentTrieNode>
                    <script>
                    <script>
                    <script>
                    <script>
                    <script>
                    <script>
                    <script>
                    <script>
                    <AuthenticatedLayout>
                      <SyncProvider userId="94ff7e22-1...">
                        <AppShell userLabel="Aby Garcia">
                          <div className="min-h-dvh ...">
                            <a>
+                           <aside
+                             className="fixed inset-y-0 left-0 hidden w-64 border-r bg-card p-5 lg:flex lg:flex-col"
+                           >
-                           <div
-                             role="status"
-                             className="bg-accent px-4 py-2 text-center text-sm text-accent-foreground"
-                           >
                            ...
                ...
    ...

    at throwOnHydrationMismatch (http://localhost:3000/_next/static/chunks/112__next_dist_compiled_react-dom_0fo5_73._.js:3120:56)
    at beginWork (http://localhost:3000/_next/static/chunks/112__next_dist_compiled_react-dom_0fo5_73._.js:6585:918)
    at runWithFiberInDEV (http://localhost:3000/_next/static/chunks/112__next_dist_compiled_react-dom_0fo5_73._.js:761:74)
    at performUnitOfWork (http://localhost:3000/_next/static/chunks/112__next_dist_compiled_react-dom_0fo5_73._.js:9385:97)
    at workLoopConcurrentByScheduler (http://localhost:3000/_next/static/chunks/112__next_dist_compiled_react-dom_0fo5_73._.js:9381:58)
    at renderRootConcurrent (http://localhost:3000/_next/static/chunks/112__next_dist_compiled_react-dom_0fo5_73._.js:9364:71)
    at performWorkOnRoot (http://localhost:3000/_next/static/chunks/112__next_dist_compiled_react-dom_0fo5_73._.js:8891:150)
    at performWorkOnRootViaSchedulerTask (http://localhost:3000/_next/static/chunks/112__next_dist_compiled_react-dom_0fo5_73._.js:10085:9)
    at MessagePort.performWorkUntilDeadline (http://localhost:3000/_next/static/chunks/112__next_dist_compiled_008ppkl._.js:2647:64)
[ 3019089ms] [INFO] [2026-09-02T02:43:54.012Z] INFO: Starting sync engine @ http://localhost:3000/_next/static/chunks/112__next_dist_1a10hyl._.js:782
[ 3019094ms] [INFO] [2026-09-02T02:43:54.017Z] INFO: Stopping sync engine @ http://localhost:3000/_next/static/chunks/112__next_dist_1a10hyl._.js:782
[ 3019095ms] [INFO] [2026-09-02T02:43:54.018Z] INFO: Starting sync engine @ http://localhost:3000/_next/static/chunks/112__next_dist_1a10hyl._.js:782
[ 3019130ms] [INFO] [2026-09-02T02:43:54.054Z] INFO: Processing pending mutations {"count":2} @ http://localhost:3000/_next/static/chunks/112__next_dist_1a10hyl._.js:782
[ 3019130ms] [WARNING] [2026-09-02T02:43:54.054Z] WARN: Mutation exceeded max retry attempts {"id":"aa1fa5af-c59c-48d4-bdf0-8d0d6b30d542","attempts":5,"entityType":"trip","lastError":"new row violates row-level security policy for table \"trips\""} @ http://localhost:3000/_next/static/chunks/112__next_dist_1a10hyl._.js:782
[ 3019130ms] [WARNING] [2026-09-02T02:43:54.054Z] WARN: Skipping mutation that exceeded max retries {"id":"aa1fa5af-c59c-48d4-bdf0-8d0d6b30d542","attempts":5,"entityType":"trip"} @ http://localhost:3000/_next/static/chunks/112__next_dist_1a10hyl._.js:782
[ 3019130ms] [WARNING] [2026-09-02T02:43:54.054Z] WARN: Mutation exceeded max retry attempts {"id":"bf7070d8-0bd1-4b7a-9e6c-8666ab0ddcb8","attempts":5,"entityType":"tripMember","lastError":"new row violates row-level security policy for table \"trip_members\""} @ http://localhost:3000/_next/static/chunks/112__next_dist_1a10hyl._.js:782
[ 3019130ms] [WARNING] [2026-09-02T02:43:54.054Z] WARN: Skipping mutation that exceeded max retries {"id":"bf7070d8-0bd1-4b7a-9e6c-8666ab0ddcb8","attempts":5,"entityType":"tripMember"} @ http://localhost:3000/_next/static/chunks/112__next_dist_1a10hyl._.js:782
[ 3020373ms] [INFO] [2026-09-02T02:43:55.296Z] INFO: Sync completed {"duration":1283,"successCount":0,"failureCount":0,"skippedCount":2,"remainingPending":6,"status":"error","diagnostics":{"totalAttempts":1,"successfulSyncs":1,"failedSyncs":0,"averageDuration":1283}} @ http://localhost:3000/_next/static/chunks/112__next_dist_1a10hyl._.js:782
[ 3118053ms] [LOG] [Fast Refresh] rebuilding @ http://localhost:3000/_next/static/chunks/112__next_dist_1a10hyl._.js:782
[ 3118099ms] [LOG] [Fast Refresh] done in 49ms @ http://localhost:3000/_next/static/chunks/112__next_dist_1a10hyl._.js:782
[ 3118371ms] [LOG] [Fast Refresh] done in 49ms @ http://localhost:3000/_next/static/chunks/112__next_dist_1a10hyl._.js:782
[ 3118501ms] [LOG] [Fast Refresh] done in 49ms @ http://localhost:3000/_next/static/chunks/112__next_dist_1a10hyl._.js:782
[ 3118545ms] [LOG] [Fast Refresh] done in 49ms @ http://localhost:3000/_next/static/chunks/112__next_dist_1a10hyl._.js:782
[ 3118654ms] [LOG] [Fast Refresh] done in 49ms @ http://localhost:3000/_next/static/chunks/112__next_dist_1a10hyl._.js:782
[ 3119333ms] [LOG] [Fast Refresh] done in 49ms @ http://localhost:3000/_next/static/chunks/112__next_dist_1a10hyl._.js:782
[ 3119468ms] [LOG] [Fast Refresh] done in 49ms @ http://localhost:3000/_next/static/chunks/112__next_dist_1a10hyl._.js:782
[ 3119600ms] [LOG] [Fast Refresh] done in 49ms @ http://localhost:3000/_next/static/chunks/112__next_dist_1a10hyl._.js:782
[ 3119703ms] [LOG] [Fast Refresh] done in 49ms @ http://localhost:3000/_next/static/chunks/112__next_dist_1a10hyl._.js:782
[ 3119743ms] [LOG] [Fast Refresh] done in 49ms @ http://localhost:3000/_next/static/chunks/112__next_dist_1a10hyl._.js:782
[ 3119796ms] [LOG] [Fast Refresh] done in 49ms @ http://localhost:3000/_next/static/chunks/112__next_dist_1a10hyl._.js:782
[ 3119837ms] [LOG] [Fast Refresh] done in 49ms @ http://localhost:3000/_next/static/chunks/112__next_dist_1a10hyl._.js:782
[ 3119882ms] [LOG] [Fast Refresh] done in 49ms @ http://localhost:3000/_next/static/chunks/112__next_dist_1a10hyl._.js:782
[ 3119929ms] [LOG] [Fast Refresh] done in 49ms @ http://localhost:3000/_next/static/chunks/112__next_dist_1a10hyl._.js:782
[ 3119979ms] [LOG] [Fast Refresh] done in 49ms @ http://localhost:3000/_next/static/chunks/112__next_dist_1a10hyl._.js:782
[ 3120022ms] [LOG] [Fast Refresh] done in 49ms @ http://localhost:3000/_next/static/chunks/112__next_dist_1a10hyl._.js:782
[ 3120068ms] [LOG] [Fast Refresh] done in 49ms @ http://localhost:3000/_next/static/chunks/112__next_dist_1a10hyl._.js:782
[ 3120117ms] [LOG] [Fast Refresh] done in 49ms @ http://localhost:3000/_next/static/chunks/112__next_dist_1a10hyl._.js:782
[ 3120154ms] [LOG] [Fast Refresh] done in 49ms @ http://localhost:3000/_next/static/chunks/112__next_dist_1a10hyl._.js:782
[ 3120215ms] [LOG] [Fast Refresh] done in 49ms @ http://localhost:3000/_next/static/chunks/112__next_dist_1a10hyl._.js:782
[ 3120285ms] [LOG] [Fast Refresh] done in 49ms @ http://localhost:3000/_next/static/chunks/112__next_dist_1a10hyl._.js:782
[ 3120384ms] [LOG] [Fast Refresh] done in 49ms @ http://localhost:3000/_next/static/chunks/112__next_dist_1a10hyl._.js:782
[ 3120426ms] [LOG] [Fast Refresh] done in 49ms @ http://localhost:3000/_next/static/chunks/112__next_dist_1a10hyl._.js:782
[ 3120478ms] [LOG] [Fast Refresh] done in 49ms @ http://localhost:3000/_next/static/chunks/112__next_dist_1a10hyl._.js:782
[ 3120521ms] [LOG] [Fast Refresh] done in 49ms @ http://localhost:3000/_next/static/chunks/112__next_dist_1a10hyl._.js:782
[ 3120575ms] [LOG] [Fast Refresh] done in 49ms @ http://localhost:3000/_next/static/chunks/112__next_dist_1a10hyl._.js:782
[ 3120618ms] [LOG] [Fast Refresh] done in 49ms @ http://localhost:3000/_next/static/chunks/112__next_dist_1a10hyl._.js:782
[ 3120680ms] [LOG] [Fast Refresh] done in 49ms @ http://localhost:3000/_next/static/chunks/112__next_dist_1a10hyl._.js:782
[ 3120789ms] [LOG] [Fast Refresh] done in 49ms @ http://localhost:3000/_next/static/chunks/112__next_dist_1a10hyl._.js:782
[ 3120894ms] [LOG] [Fast Refresh] done in 49ms @ http://localhost:3000/_next/static/chunks/112__next_dist_1a10hyl._.js:782
[ 3128814ms] [LOG] [Fast Refresh] rebuilding @ http://localhost:3000/_next/static/chunks/112__next_dist_1a10hyl._.js:782
[ 3128854ms] [LOG] [Fast Refresh] done in 11ms @ http://localhost:3000/_next/static/chunks/112__next_dist_1a10hyl._.js:782
[ 3129013ms] [LOG] [Fast Refresh] done in 11ms @ http://localhost:3000/_next/static/chunks/112__next_dist_1a10hyl._.js:782
[ 3129176ms] [LOG] [Fast Refresh] done in 11ms @ http://localhost:3000/_next/static/chunks/112__next_dist_1a10hyl._.js:782
[ 3129328ms] [LOG] [Fast Refresh] done in 11ms @ http://localhost:3000/_next/static/chunks/112__next_dist_1a10hyl._.js:782
[ 3135075ms] [LOG] [Fast Refresh] rebuilding @ http://localhost:3000/_next/static/chunks/112__next_dist_1a10hyl._.js:782
[ 3135122ms] [LOG] [Fast Refresh] done in 13ms @ http://localhost:3000/_next/static/chunks/112__next_dist_1a10hyl._.js:782
[ 3135290ms] [LOG] [Fast Refresh] done in 13ms @ http://localhost:3000/_next/static/chunks/112__next_dist_1a10hyl._.js:782
[ 3135437ms] [LOG] [Fast Refresh] done in 13ms @ http://localhost:3000/_next/static/chunks/112__next_dist_1a10hyl._.js:782
[ 3135586ms] [LOG] [Fast Refresh] done in 13ms @ http://localhost:3000/_next/static/chunks/112__next_dist_1a10hyl._.js:782
[ 3139103ms] [INFO] [2026-09-02T02:45:54.027Z] INFO: Processing pending mutations {"count":2} @ http://localhost:3000/_next/static/chunks/112__next_dist_1a10hyl._.js:782
[ 3139103ms] [WARNING] [2026-09-02T02:45:54.027Z] WARN: Mutation exceeded max retry attempts {"id":"aa1fa5af-c59c-48d4-bdf0-8d0d6b30d542","attempts":5,"entityType":"trip","lastError":"new row violates row-level security policy for table \"trips\""} @ http://localhost:3000/_next/static/chunks/112__next_dist_1a10hyl._.js:782
[ 3139103ms] [WARNING] [2026-09-02T02:45:54.027Z] WARN: Skipping mutation that exceeded max retries {"id":"aa1fa5af-c59c-48d4-bdf0-8d0d6b30d542","attempts":5,"entityType":"trip"} @ http://localhost:3000/_next/static/chunks/112__next_dist_1a10hyl._.js:782
[ 3139103ms] [WARNING] [2026-09-02T02:45:54.027Z] WARN: Mutation exceeded max retry attempts {"id":"bf7070d8-0bd1-4b7a-9e6c-8666ab0ddcb8","attempts":5,"entityType":"tripMember","lastError":"new row violates row-level security policy for table \"trip_members\""} @ http://localhost:3000/_next/static/chunks/112__next_dist_1a10hyl._.js:782
[ 3139103ms] [WARNING] [2026-09-02T02:45:54.027Z] WARN: Skipping mutation that exceeded max retries {"id":"bf7070d8-0bd1-4b7a-9e6c-8666ab0ddcb8","attempts":5,"entityType":"tripMember"} @ http://localhost:3000/_next/static/chunks/112__next_dist_1a10hyl._.js:782
[ 3139405ms] [LOG] [Fast Refresh] done in 13ms @ http://localhost:3000/_next/static/chunks/112__next_dist_1a10hyl._.js:782
[ 3139560ms] [LOG] [Fast Refresh] done in 13ms @ http://localhost:3000/_next/static/chunks/112__next_dist_1a10hyl._.js:782
[ 3139734ms] [LOG] [Fast Refresh] done in 13ms @ http://localhost:3000/_next/static/chunks/112__next_dist_1a10hyl._.js:782
[ 3139935ms] [LOG] [Fast Refresh] done in 13ms @ http://localhost:3000/_next/static/chunks/112__next_dist_1a10hyl._.js:782
[ 3140106ms] [LOG] [Fast Refresh] done in 13ms @ http://localhost:3000/_next/static/chunks/112__next_dist_1a10hyl._.js:782
[ 3140266ms] [LOG] [Fast Refresh] done in 13ms @ http://localhost:3000/_next/static/chunks/112__next_dist_1a10hyl._.js:782
[ 3140424ms] [LOG] [Fast Refresh] done in 13ms @ http://localhost:3000/_next/static/chunks/112__next_dist_1a10hyl._.js:782
[ 3140578ms] [LOG] [Fast Refresh] done in 13ms @ http://localhost:3000/_next/static/chunks/112__next_dist_1a10hyl._.js:782
[ 3140726ms] [LOG] [Fast Refresh] done in 13ms @ http://localhost:3000/_next/static/chunks/112__next_dist_1a10hyl._.js:782
[ 3140928ms] [LOG] [Fast Refresh] done in 13ms @ http://localhost:3000/_next/static/chunks/112__next_dist_1a10hyl._.js:782
[ 3141029ms] [INFO] [2026-09-02T02:45:55.952Z] INFO: Sync completed {"duration":1931,"successCount":0,"failureCount":0,"skippedCount":2,"remainingPending":2,"status":"error","diagnostics":{"totalAttempts":6,"successfulSyncs":2,"failedSyncs":0,"averageDuration":1607}} @ http://localhost:3000/_next/static/chunks/112__next_dist_1a10hyl._.js:782
[ 3141094ms] [LOG] [Fast Refresh] done in 13ms @ http://localhost:3000/_next/static/chunks/112__next_dist_1a10hyl._.js:782
[ 3145606ms] [LOG] [Fast Refresh] rebuilding @ http://localhost:3000/_next/static/chunks/112__next_dist_1a10hyl._.js:782
[ 3145651ms] [LOG] [Fast Refresh] done in 13ms @ http://localhost:3000/_next/static/chunks/112__next_dist_1a10hyl._.js:782
[ 3145789ms] [LOG] [Fast Refresh] done in 13ms @ http://localhost:3000/_next/static/chunks/112__next_dist_1a10hyl._.js:782
[ 3145931ms] [LOG] [Fast Refresh] done in 13ms @ http://localhost:3000/_next/static/chunks/112__next_dist_1a10hyl._.js:782
[ 3146100ms] [LOG] [Fast Refresh] done in 13ms @ http://localhost:3000/_next/static/chunks/112__next_dist_1a10hyl._.js:782
[ 3146246ms] [LOG] [Fast Refresh] done in 13ms @ http://localhost:3000/_next/static/chunks/112__next_dist_1a10hyl._.js:782
[ 3147325ms] [LOG] [Fast Refresh] done in 13ms @ http://localhost:3000/_next/static/chunks/112__next_dist_1a10hyl._.js:782
[ 3147457ms] [LOG] [Fast Refresh] done in 13ms @ http://localhost:3000/_next/static/chunks/112__next_dist_1a10hyl._.js:782
[ 3147568ms] [LOG] [Fast Refresh] done in 13ms @ http://localhost:3000/_next/static/chunks/112__next_dist_1a10hyl._.js:782
[ 3147696ms] [LOG] [Fast Refresh] done in 13ms @ http://localhost:3000/_next/static/chunks/112__next_dist_1a10hyl._.js:782
[ 3147780ms] [LOG] [Fast Refresh] done in 13ms @ http://localhost:3000/_next/static/chunks/112__next_dist_1a10hyl._.js:782
[ 3147821ms] [LOG] [Fast Refresh] done in 13ms @ http://localhost:3000/_next/static/chunks/112__next_dist_1a10hyl._.js:782
[ 3147874ms] [LOG] [Fast Refresh] done in 13ms @ http://localhost:3000/_next/static/chunks/112__next_dist_1a10hyl._.js:782
[ 3147927ms] [LOG] [Fast Refresh] done in 13ms @ http://localhost:3000/_next/static/chunks/112__next_dist_1a10hyl._.js:782
[ 3147966ms] [LOG] [Fast Refresh] done in 13ms @ http://localhost:3000/_next/static/chunks/112__next_dist_1a10hyl._.js:782
[ 3148061ms] [LOG] [Fast Refresh] done in 13ms @ http://localhost:3000/_next/static/chunks/112__next_dist_1a10hyl._.js:782
[ 3148104ms] [LOG] [Fast Refresh] done in 13ms @ http://localhost:3000/_next/static/chunks/112__next_dist_1a10hyl._.js:782
[ 3148160ms] [LOG] [Fast Refresh] done in 13ms @ http://localhost:3000/_next/static/chunks/112__next_dist_1a10hyl._.js:782
[ 3148242ms] [LOG] [Fast Refresh] done in 13ms @ http://localhost:3000/_next/static/chunks/112__next_dist_1a10hyl._.js:782
[ 3148284ms] [LOG] [Fast Refresh] done in 13ms @ http://localhost:3000/_next/static/chunks/112__next_dist_1a10hyl._.js:782
[ 3148333ms] [LOG] [Fast Refresh] done in 13ms @ http://localhost:3000/_next/static/chunks/112__next_dist_1a10hyl._.js:782
[ 3148376ms] [LOG] [Fast Refresh] done in 13ms @ http://localhost:3000/_next/static/chunks/112__next_dist_1a10hyl._.js:782
[ 3148429ms] [LOG] [Fast Refresh] done in 13ms @ http://localhost:3000/_next/static/chunks/112__next_dist_1a10hyl._.js:782
[ 3148468ms] [LOG] [Fast Refresh] done in 13ms @ http://localhost:3000/_next/static/chunks/112__next_dist_1a10hyl._.js:782
[ 3148526ms] [LOG] [Fast Refresh] done in 13ms @ http://localhost:3000/_next/static/chunks/112__next_dist_1a10hyl._.js:782
[ 3148575ms] [LOG] [Fast Refresh] done in 13ms @ http://localhost:3000/_next/static/chunks/112__next_dist_1a10hyl._.js:782
[ 3148648ms] [LOG] [Fast Refresh] done in 13ms @ http://localhost:3000/_next/static/chunks/112__next_dist_1a10hyl._.js:782
[ 3148712ms] [LOG] [Fast Refresh] done in 13ms @ http://localhost:3000/_next/static/chunks/112__next_dist_1a10hyl._.js:782
[ 3148768ms] [LOG] [Fast Refresh] done in 13ms @ http://localhost:3000/_next/static/chunks/112__next_dist_1a10hyl._.js:782
[ 3148806ms] [LOG] [Fast Refresh] done in 13ms @ http://localhost:3000/_next/static/chunks/112__next_dist_1a10hyl._.js:782
[ 3148888ms] [LOG] [Fast Refresh] done in 13ms @ http://localhost:3000/_next/static/chunks/112__next_dist_1a10hyl._.js:782
[ 3148986ms] [LOG] [Fast Refresh] done in 13ms @ http://localhost:3000/_next/static/chunks/112__next_dist_1a10hyl._.js:782
[ 3149085ms] [LOG] [Fast Refresh] done in 13ms @ http://localhost:3000/_next/static/chunks/112__next_dist_1a10hyl._.js:782
[ 3153770ms] [LOG] [Fast Refresh] rebuilding @ http://localhost:3000/_next/static/chunks/112__next_dist_1a10hyl._.js:782
[ 3153809ms] [LOG] [Fast Refresh] done in 13ms @ http://localhost:3000/_next/static/chunks/112__next_dist_1a10hyl._.js:782
[ 3153946ms] [LOG] [Fast Refresh] done in 13ms @ http://localhost:3000/_next/static/chunks/112__next_dist_1a10hyl._.js:782
[ 3153981ms] [LOG] [Fast Refresh] done in 13ms @ http://localhost:3000/_next/static/chunks/112__next_dist_1a10hyl._.js:782
[ 3154140ms] [LOG] [Fast Refresh] done in 13ms @ http://localhost:3000/_next/static/chunks/112__next_dist_1a10hyl._.js:782
[ 3154295ms] [LOG] [Fast Refresh] done in 13ms @ http://localhost:3000/_next/static/chunks/112__next_dist_1a10hyl._.js:782
[ 3169104ms] [INFO] [2026-09-02T02:46:24.028Z] INFO: Processing pending mutations {"count":2} @ http://localhost:3000/_next/static/chunks/112__next_dist_1a10hyl._.js:782
[ 3169104ms] [WARNING] [2026-09-02T02:46:24.028Z] WARN: Mutation exceeded max retry attempts {"id":"aa1fa5af-c59c-48d4-bdf0-8d0d6b30d542","attempts":5,"entityType":"trip","lastError":"new row violates row-level security policy for table \"trips\""} @ http://localhost:3000/_next/static/chunks/112__next_dist_1a10hyl._.js:782
[ 3169104ms] [WARNING] [2026-09-02T02:46:24.028Z] WARN: Skipping mutation that exceeded max retries {"id":"aa1fa5af-c59c-48d4-bdf0-8d0d6b30d542","attempts":5,"entityType":"trip"} @ http://localhost:3000/_next/static/chunks/112__next_dist_1a10hyl._.js:782
[ 3169104ms] [WARNING] [2026-09-02T02:46:24.028Z] WARN: Mutation exceeded max retry attempts {"id":"bf7070d8-0bd1-4b7a-9e6c-8666ab0ddcb8","attempts":5,"entityType":"tripMember","lastError":"new row violates row-level security policy for table \"trip_members\""} @ http://localhost:3000/_next/static/chunks/112__next_dist_1a10hyl._.js:782
[ 3169104ms] [WARNING] [2026-09-02T02:46:24.028Z] WARN: Skipping mutation that exceeded max retries {"id":"bf7070d8-0bd1-4b7a-9e6c-8666ab0ddcb8","attempts":5,"entityType":"tripMember"} @ http://localhost:3000/_next/static/chunks/112__next_dist_1a10hyl._.js:782
[ 3169327ms] [LOG] [Fast Refresh] done in 13ms @ http://localhost:3000/_next/static/chunks/112__next_dist_1a10hyl._.js:782
[ 3169504ms] [LOG] [Fast Refresh] done in 13ms @ http://localhost:3000/_next/static/chunks/112__next_dist_1a10hyl._.js:782
[ 3169650ms] [LOG] [Fast Refresh] done in 13ms @ http://localhost:3000/_next/static/chunks/112__next_dist_1a10hyl._.js:782
[ 3169794ms] [LOG] [Fast Refresh] done in 13ms @ http://localhost:3000/_next/static/chunks/112__next_dist_1a10hyl._.js:782
[ 3169957ms] [LOG] [Fast Refresh] done in 13ms @ http://localhost:3000/_next/static/chunks/112__next_dist_1a10hyl._.js:782
[ 3170101ms] [LOG] [Fast Refresh] done in 13ms @ http://localhost:3000/_next/static/chunks/112__next_dist_1a10hyl._.js:782
[ 3170230ms] [LOG] [Fast Refresh] done in 13ms @ http://localhost:3000/_next/static/chunks/112__next_dist_1a10hyl._.js:782
[ 3170376ms] [LOG] [Fast Refresh] done in 13ms @ http://localhost:3000/_next/static/chunks/112__next_dist_1a10hyl._.js:782
[ 3170527ms] [LOG] [Fast Refresh] done in 13ms @ http://localhost:3000/_next/static/chunks/112__next_dist_1a10hyl._.js:782
[ 3170664ms] [LOG] [Fast Refresh] done in 13ms @ http://localhost:3000/_next/static/chunks/112__next_dist_1a10hyl._.js:782
[ 3170744ms] [INFO] [2026-09-02T02:46:25.667Z] INFO: Sync completed {"duration":1644,"successCount":0,"failureCount":0,"skippedCount":2,"remainingPending":2,"status":"error","diagnostics":{"totalAttempts":7,"successfulSyncs":3,"failedSyncs":0,"averageDuration":1619.3333333333333}} @ http://localhost:3000/_next/static/chunks/112__next_dist_1a10hyl._.js:782
[ 3170811ms] [LOG] [Fast Refresh] done in 13ms @ http://localhost:3000/_next/static/chunks/112__next_dist_1a10hyl._.js:782
[ 3199106ms] [INFO] [2026-09-02T02:46:54.029Z] INFO: Processing pending mutations {"count":2} @ http://localhost:3000/_next/static/chunks/112__next_dist_1a10hyl._.js:782
[ 3199106ms] [WARNING] [2026-09-02T02:46:54.029Z] WARN: Mutation exceeded max retry attempts {"id":"aa1fa5af-c59c-48d4-bdf0-8d0d6b30d542","attempts":5,"entityType":"trip","lastError":"new row violates row-level security policy for table \"trips\""} @ http://localhost:3000/_next/static/chunks/112__next_dist_1a10hyl._.js:782
[ 3199106ms] [WARNING] [2026-09-02T02:46:54.029Z] WARN: Skipping mutation that exceeded max retries {"id":"aa1fa5af-c59c-48d4-bdf0-8d0d6b30d542","attempts":5,"entityType":"trip"} @ http://localhost:3000/_next/static/chunks/112__next_dist_1a10hyl._.js:782
[ 3199106ms] [WARNING] [2026-09-02T02:46:54.029Z] WARN: Mutation exceeded max retry attempts {"id":"bf7070d8-0bd1-4b7a-9e6c-8666ab0ddcb8","attempts":5,"entityType":"tripMember","lastError":"new row violates row-level security policy for table \"trip_members\""} @ http://localhost:3000/_next/static/chunks/112__next_dist_1a10hyl._.js:782
[ 3199106ms] [WARNING] [2026-09-02T02:46:54.029Z] WARN: Skipping mutation that exceeded max retries {"id":"bf7070d8-0bd1-4b7a-9e6c-8666ab0ddcb8","attempts":5,"entityType":"tripMember"} @ http://localhost:3000/_next/static/chunks/112__next_dist_1a10hyl._.js:782
[ 3199334ms] [LOG] [Fast Refresh] done in 13ms @ http://localhost:3000/_next/static/chunks/112__next_dist_1a10hyl._.js:782
[ 3199477ms] [LOG] [Fast Refresh] done in 13ms @ http://localhost:3000/_next/static/chunks/112__next_dist_1a10hyl._.js:782
[ 3199625ms] [LOG] [Fast Refresh] done in 13ms @ http://localhost:3000/_next/static/chunks/112__next_dist_1a10hyl._.js:782
[ 3199760ms] [LOG] [Fast Refresh] done in 13ms @ http://localhost:3000/_next/static/chunks/112__next_dist_1a10hyl._.js:782
[ 3199900ms] [LOG] [Fast Refresh] done in 13ms @ http://localhost:3000/_next/static/chunks/112__next_dist_1a10hyl._.js:782
[ 3200046ms] [LOG] [Fast Refresh] done in 13ms @ http://localhost:3000/_next/static/chunks/112__next_dist_1a10hyl._.js:782
[ 3200184ms] [LOG] [Fast Refresh] done in 13ms @ http://localhost:3000/_next/static/chunks/112__next_dist_1a10hyl._.js:782
[ 3200307ms] [LOG] [Fast Refresh] done in 13ms @ http://localhost:3000/_next/static/chunks/112__next_dist_1a10hyl._.js:782
[ 3200462ms] [LOG] [Fast Refresh] done in 13ms @ http://localhost:3000/_next/static/chunks/112__next_dist_1a10hyl._.js:782
[ 3200602ms] [LOG] [Fast Refresh] done in 13ms @ http://localhost:3000/_next/static/chunks/112__next_dist_1a10hyl._.js:782
[ 3200680ms] [INFO] [2026-09-02T02:46:55.604Z] INFO: Sync completed {"duration":1580,"successCount":0,"failureCount":0,"skippedCount":2,"remainingPending":2,"status":"error","diagnostics":{"totalAttempts":8,"successfulSyncs":4,"failedSyncs":0,"averageDuration":1609.5}} @ http://localhost:3000/_next/static/chunks/112__next_dist_1a10hyl._.js:782
[ 3200748ms] [LOG] [Fast Refresh] done in 13ms @ http://localhost:3000/_next/static/chunks/112__next_dist_1a10hyl._.js:782
[ 3210397ms] [LOG] [Fast Refresh] done in 13ms @ http://localhost:3000/_next/static/chunks/112__next_dist_1a10hyl._.js:782
[ 3210544ms] [LOG] [Fast Refresh] done in 13ms @ http://localhost:3000/_next/static/chunks/112__next_dist_1a10hyl._.js:782
[ 3210698ms] [LOG] [Fast Refresh] done in 13ms @ http://localhost:3000/_next/static/chunks/112__next_dist_1a10hyl._.js:782
[ 3210779ms] [LOG] [Fast Refresh] done in 13ms @ http://localhost:3000/_next/static/chunks/112__next_dist_1a10hyl._.js:782
[ 3210851ms] [LOG] [Fast Refresh] done in 13ms @ http://localhost:3000/_next/static/chunks/112__next_dist_1a10hyl._.js:782
[ 3210896ms] [LOG] [Fast Refresh] done in 13ms @ http://localhost:3000/_next/static/chunks/112__next_dist_1a10hyl._.js:782
[ 3210947ms] [LOG] [Fast Refresh] done in 13ms @ http://localhost:3000/_next/static/chunks/112__next_dist_1a10hyl._.js:782
[ 3210999ms] [LOG] [Fast Refresh] done in 13ms @ http://localhost:3000/_next/static/chunks/112__next_dist_1a10hyl._.js:782
[ 3211051ms] [LOG] [Fast Refresh] done in 13ms @ http://localhost:3000/_next/static/chunks/112__next_dist_1a10hyl._.js:782
[ 3211100ms] [LOG] [Fast Refresh] done in 13ms @ http://localhost:3000/_next/static/chunks/112__next_dist_1a10hyl._.js:782
[ 3211150ms] [LOG] [Fast Refresh] done in 13ms @ http://localhost:3000/_next/static/chunks/112__next_dist_1a10hyl._.js:782
[ 3211217ms] [LOG] [Fast Refresh] done in 13ms @ http://localhost:3000/_next/static/chunks/112__next_dist_1a10hyl._.js:782
[ 3211275ms] [LOG] [Fast Refresh] done in 13ms @ http://localhost:3000/_next/static/chunks/112__next_dist_1a10hyl._.js:782
[ 3211335ms] [LOG] [Fast Refresh] done in 13ms @ http://localhost:3000/_next/static/chunks/112__next_dist_1a10hyl._.js:782
[ 3211389ms] [LOG] [Fast Refresh] done in 13ms @ http://localhost:3000/_next/static/chunks/112__next_dist_1a10hyl._.js:782
[ 3211440ms] [LOG] [Fast Refresh] done in 13ms @ http://localhost:3000/_next/static/chunks/112__next_dist_1a10hyl._.js:782
[ 3211496ms] [LOG] [Fast Refresh] done in 13ms @ http://localhost:3000/_next/static/chunks/112__next_dist_1a10hyl._.js:782
[ 3211552ms] [LOG] [Fast Refresh] done in 13ms @ http://localhost:3000/_next/static/chunks/112__next_dist_1a10hyl._.js:782
[ 3211594ms] [LOG] [Fast Refresh] done in 13ms @ http://localhost:3000/_next/static/chunks/112__next_dist_1a10hyl._.js:782
[ 3211656ms] [LOG] [Fast Refresh] done in 13ms @ http://localhost:3000/_next/static/chunks/112__next_dist_1a10hyl._.js:782
[ 3211704ms] [LOG] [Fast Refresh] done in 13ms @ http://localhost:3000/_next/static/chunks/112__next_dist_1a10hyl._.js:782
[ 3211763ms] [LOG] [Fast Refresh] done in 13ms @ http://localhost:3000/_next/static/chunks/112__next_dist_1a10hyl._.js:782
[ 3211824ms] [LOG] [Fast Refresh] done in 13ms @ http://localhost:3000/_next/static/chunks/112__next_dist_1a10hyl._.js:782
[ 3211869ms] [LOG] [Fast Refresh] done in 13ms @ http://localhost:3000/_next/static/chunks/112__next_dist_1a10hyl._.js:782
[ 3211921ms] [LOG] [Fast Refresh] done in 13ms @ http://localhost:3000/_next/static/chunks/112__next_dist_1a10hyl._.js:782
[ 3211970ms] [LOG] [Fast Refresh] done in 13ms @ http://localhost:3000/_next/static/chunks/112__next_dist_1a10hyl._.js:782
[ 3212034ms] [LOG] [Fast Refresh] done in 13ms @ http://localhost:3000/_next/static/chunks/112__next_dist_1a10hyl._.js:782
[ 3212073ms] [LOG] [Fast Refresh] done in 13ms @ http://localhost:3000/_next/static/chunks/112__next_dist_1a10hyl._.js:782
[ 3212132ms] [LOG] [Fast Refresh] done in 13ms @ http://localhost:3000/_next/static/chunks/112__next_dist_1a10hyl._.js:782
[ 3212241ms] [LOG] [Fast Refresh] done in 13ms @ http://localhost:3000/_next/static/chunks/112__next_dist_1a10hyl._.js:782
[ 3229110ms] [INFO] [2026-09-02T02:47:24.033Z] INFO: Processing pending mutations {"count":2} @ http://localhost:3000/_next/static/chunks/112__next_dist_1a10hyl._.js:782
[ 3229110ms] [WARNING] [2026-09-02T02:47:24.034Z] WARN: Mutation exceeded max retry attempts {"id":"aa1fa5af-c59c-48d4-bdf0-8d0d6b30d542","attempts":5,"entityType":"trip","lastError":"new row violates row-level security policy for table \"trips\""} @ http://localhost:3000/_next/static/chunks/112__next_dist_1a10hyl._.js:782
[ 3229110ms] [WARNING] [2026-09-02T02:47:24.034Z] WARN: Skipping mutation that exceeded max retries {"id":"aa1fa5af-c59c-48d4-bdf0-8d0d6b30d542","attempts":5,"entityType":"trip"} @ http://localhost:3000/_next/static/chunks/112__next_dist_1a10hyl._.js:782
[ 3229110ms] [WARNING] [2026-09-02T02:47:24.034Z] WARN: Mutation exceeded max retry attempts {"id":"bf7070d8-0bd1-4b7a-9e6c-8666ab0ddcb8","attempts":5,"entityType":"tripMember","lastError":"new row violates row-level security policy for table \"trip_members\""} @ http://localhost:3000/_next/static/chunks/112__next_dist_1a10hyl._.js:782
[ 3229110ms] [WARNING] [2026-09-02T02:47:24.034Z] WARN: Skipping mutation that exceeded max retries {"id":"bf7070d8-0bd1-4b7a-9e6c-8666ab0ddcb8","attempts":5,"entityType":"tripMember"} @ http://localhost:3000/_next/static/chunks/112__next_dist_1a10hyl._.js:782
[ 3229338ms] [LOG] [Fast Refresh] done in 13ms @ http://localhost:3000/_next/static/chunks/112__next_dist_1a10hyl._.js:782
[ 3229520ms] [LOG] [Fast Refresh] done in 13ms @ http://localhost:3000/_next/static/chunks/112__next_dist_1a10hyl._.js:782
[ 3229682ms] [LOG] [Fast Refresh] done in 13ms @ http://localhost:3000/_next/static/chunks/112__next_dist_1a10hyl._.js:782
[ 3229879ms] [LOG] [Fast Refresh] done in 13ms @ http://localhost:3000/_next/static/chunks/112__next_dist_1a10hyl._.js:782
[ 3230037ms] [LOG] [Fast Refresh] done in 13ms @ http://localhost:3000/_next/static/chunks/112__next_dist_1a10hyl._.js:782
[ 3230190ms] [LOG] [Fast Refresh] done in 13ms @ http://localhost:3000/_next/static/chunks/112__next_dist_1a10hyl._.js:782
[ 3230331ms] [LOG] [Fast Refresh] done in 13ms @ http://localhost:3000/_next/static/chunks/112__next_dist_1a10hyl._.js:782
[ 3230480ms] [LOG] [Fast Refresh] done in 13ms @ http://localhost:3000/_next/static/chunks/112__next_dist_1a10hyl._.js:782
[ 3230642ms] [LOG] [Fast Refresh] done in 13ms @ http://localhost:3000/_next/static/chunks/112__next_dist_1a10hyl._.js:782
[ 3230784ms] [LOG] [Fast Refresh] done in 13ms @ http://localhost:3000/_next/static/chunks/112__next_dist_1a10hyl._.js:782
[ 3230864ms] [INFO] [2026-09-02T02:47:25.788Z] INFO: Sync completed {"duration":1765,"successCount":0,"failureCount":0,"skippedCount":2,"remainingPending":2,"status":"error","diagnostics":{"totalAttempts":9,"successfulSyncs":5,"failedSyncs":0,"averageDuration":1640.6}} @ http://localhost:3000/_next/static/chunks/112__next_dist_1a10hyl._.js:782
[ 3230933ms] [LOG] [Fast Refresh] done in 13ms @ http://localhost:3000/_next/static/chunks/112__next_dist_1a10hyl._.js:782
[ 3259104ms] [INFO] [2026-09-02T02:47:54.028Z] INFO: Processing pending mutations {"count":2} @ http://localhost:3000/_next/static/chunks/112__next_dist_1a10hyl._.js:782
[ 3259104ms] [WARNING] [2026-09-02T02:47:54.028Z] WARN: Mutation exceeded max retry attempts {"id":"aa1fa5af-c59c-48d4-bdf0-8d0d6b30d542","attempts":5,"entityType":"trip","lastError":"new row violates row-level security policy for table \"trips\""} @ http://localhost:3000/_next/static/chunks/112__next_dist_1a10hyl._.js:782
[ 3259104ms] [WARNING] [2026-09-02T02:47:54.028Z] WARN: Skipping mutation that exceeded max retries {"id":"aa1fa5af-c59c-48d4-bdf0-8d0d6b30d542","attempts":5,"entityType":"trip"} @ http://localhost:3000/_next/static/chunks/112__next_dist_1a10hyl._.js:782
[ 3259104ms] [WARNING] [2026-09-02T02:47:54.028Z] WARN: Mutation exceeded max retry attempts {"id":"bf7070d8-0bd1-4b7a-9e6c-8666ab0ddcb8","attempts":5,"entityType":"tripMember","lastError":"new row violates row-level security policy for table \"trip_members\""} @ http://localhost:3000/_next/static/chunks/112__next_dist_1a10hyl._.js:782
[ 3259104ms] [WARNING] [2026-09-02T02:47:54.028Z] WARN: Skipping mutation that exceeded max retries {"id":"bf7070d8-0bd1-4b7a-9e6c-8666ab0ddcb8","attempts":5,"entityType":"tripMember"} @ http://localhost:3000/_next/static/chunks/112__next_dist_1a10hyl._.js:782
[ 3259370ms] [LOG] [Fast Refresh] done in 13ms @ http://localhost:3000/_next/static/chunks/112__next_dist_1a10hyl._.js:782
[ 3259564ms] [LOG] [Fast Refresh] done in 13ms @ http://localhost:3000/_next/static/chunks/112__next_dist_1a10hyl._.js:782
[ 3259734ms] [LOG] [Fast Refresh] done in 13ms @ http://localhost:3000/_next/static/chunks/112__next_dist_1a10hyl._.js:782
[ 3259900ms] [LOG] [Fast Refresh] done in 13ms @ http://localhost:3000/_next/static/chunks/112__next_dist_1a10hyl._.js:782
[ 3260056ms] [LOG] [Fast Refresh] done in 13ms @ http://localhost:3000/_next/static/chunks/112__next_dist_1a10hyl._.js:782
[ 3260207ms] [LOG] [Fast Refresh] done in 13ms @ http://localhost:3000/_next/static/chunks/112__next_dist_1a10hyl._.js:782
[ 3260354ms] [LOG] [Fast Refresh] done in 13ms @ http://localhost:3000/_next/static/chunks/112__next_dist_1a10hyl._.js:782
[ 3260516ms] [LOG] [Fast Refresh] done in 13ms @ http://localhost:3000/_next/static/chunks/112__next_dist_1a10hyl._.js:782
[ 3260672ms] [LOG] [Fast Refresh] done in 13ms @ http://localhost:3000/_next/static/chunks/112__next_dist_1a10hyl._.js:782
[ 3260828ms] [LOG] [Fast Refresh] done in 13ms @ http://localhost:3000/_next/static/chunks/112__next_dist_1a10hyl._.js:782
[ 3260933ms] [INFO] [2026-09-02T02:47:55.856Z] INFO: Sync completed {"duration":1833,"successCount":0,"failureCount":0,"skippedCount":2,"remainingPending":2,"status":"error","diagnostics":{"totalAttempts":10,"successfulSyncs":6,"failedSyncs":0,"averageDuration":1672.6666666666667}} @ http://localhost:3000/_next/static/chunks/112__next_dist_1a10hyl._.js:782
[ 3260998ms] [LOG] [Fast Refresh] done in 13ms @ http://localhost:3000/_next/static/chunks/112__next_dist_1a10hyl._.js:782
[ 3270415ms] [LOG] [Fast Refresh] done in 13ms @ http://localhost:3000/_next/static/chunks/112__next_dist_1a10hyl._.js:782
[ 3270549ms] [LOG] [Fast Refresh] done in 13ms @ http://localhost:3000/_next/static/chunks/112__next_dist_1a10hyl._.js:782
[ 3270698ms] [LOG] [Fast Refresh] done in 13ms @ http://localhost:3000/_next/static/chunks/112__next_dist_1a10hyl._.js:782
[ 3270752ms] [LOG] [Fast Refresh] done in 13ms @ http://localhost:3000/_next/static/chunks/112__next_dist_1a10hyl._.js:782
[ 3270794ms] [LOG] [Fast Refresh] done in 13ms @ http://localhost:3000/_next/static/chunks/112__next_dist_1a10hyl._.js:782
[ 3270832ms] [LOG] [Fast Refresh] done in 13ms @ http://localhost:3000/_next/static/chunks/112__next_dist_1a10hyl._.js:782
[ 3270883ms] [LOG] [Fast Refresh] done in 13ms @ http://localhost:3000/_next/static/chunks/112__next_dist_1a10hyl._.js:782
[ 3270926ms] [LOG] [Fast Refresh] done in 13ms @ http://localhost:3000/_next/static/chunks/112__next_dist_1a10hyl._.js:782
[ 3270968ms] [LOG] [Fast Refresh] done in 13ms @ http://localhost:3000/_next/static/chunks/112__next_dist_1a10hyl._.js:782
[ 3271042ms] [LOG] [Fast Refresh] done in 13ms @ http://localhost:3000/_next/static/chunks/112__next_dist_1a10hyl._.js:782
[ 3271110ms] [LOG] [Fast Refresh] done in 13ms @ http://localhost:3000/_next/static/chunks/112__next_dist_1a10hyl._.js:782
[ 3271157ms] [LOG] [Fast Refresh] done in 13ms @ http://localhost:3000/_next/static/chunks/112__next_dist_1a10hyl._.js:782
[ 3271198ms] [LOG] [Fast Refresh] done in 13ms @ http://localhost:3000/_next/static/chunks/112__next_dist_1a10hyl._.js:782
[ 3271249ms] [LOG] [Fast Refresh] done in 13ms @ http://localhost:3000/_next/static/chunks/112__next_dist_1a10hyl._.js:782
[ 3271289ms] [LOG] [Fast Refresh] done in 13ms @ http://localhost:3000/_next/static/chunks/112__next_dist_1a10hyl._.js:782
[ 3271386ms] [LOG] [Fast Refresh] done in 13ms @ http://localhost:3000/_next/static/chunks/112__next_dist_1a10hyl._.js:782
[ 3271441ms] [LOG] [Fast Refresh] done in 13ms @ http://localhost:3000/_next/static/chunks/112__next_dist_1a10hyl._.js:782
[ 3271481ms] [LOG] [Fast Refresh] done in 13ms @ http://localhost:3000/_next/static/chunks/112__next_dist_1a10hyl._.js:782
[ 3271523ms] [LOG] [Fast Refresh] done in 13ms @ http://localhost:3000/_next/static/chunks/112__next_dist_1a10hyl._.js:782
[ 3271576ms] [LOG] [Fast Refresh] done in 13ms @ http://localhost:3000/_next/static/chunks/112__next_dist_1a10hyl._.js:782
[ 3271616ms] [LOG] [Fast Refresh] done in 13ms @ http://localhost:3000/_next/static/chunks/112__next_dist_1a10hyl._.js:782
[ 3271661ms] [LOG] [Fast Refresh] done in 13ms @ http://localhost:3000/_next/static/chunks/112__next_dist_1a10hyl._.js:782
[ 3271712ms] [LOG] [Fast Refresh] done in 13ms @ http://localhost:3000/_next/static/chunks/112__next_dist_1a10hyl._.js:782
[ 3271752ms] [LOG] [Fast Refresh] done in 13ms @ http://localhost:3000/_next/static/chunks/112__next_dist_1a10hyl._.js:782
[ 3271801ms] [LOG] [Fast Refresh] done in 13ms @ http://localhost:3000/_next/static/chunks/112__next_dist_1a10hyl._.js:782
[ 3271844ms] [LOG] [Fast Refresh] done in 13ms @ http://localhost:3000/_next/static/chunks/112__next_dist_1a10hyl._.js:782
[ 3271897ms] [LOG] [Fast Refresh] done in 13ms @ http://localhost:3000/_next/static/chunks/112__next_dist_1a10hyl._.js:782
[ 3271991ms] [LOG] [Fast Refresh] done in 13ms @ http://localhost:3000/_next/static/chunks/112__next_dist_1a10hyl._.js:782
[ 3289105ms] [INFO] [2026-09-02T02:48:24.029Z] INFO: Processing pending mutations {"count":2} @ http://localhost:3000/_next/static/chunks/112__next_dist_1a10hyl._.js:782
[ 3289106ms] [WARNING] [2026-09-02T02:48:24.029Z] WARN: Mutation exceeded max retry attempts {"id":"aa1fa5af-c59c-48d4-bdf0-8d0d6b30d542","attempts":5,"entityType":"trip","lastError":"new row violates row-level security policy for table \"trips\""} @ http://localhost:3000/_next/static/chunks/112__next_dist_1a10hyl._.js:782
[ 3289106ms] [WARNING] [2026-09-02T02:48:24.029Z] WARN: Skipping mutation that exceeded max retries {"id":"aa1fa5af-c59c-48d4-bdf0-8d0d6b30d542","attempts":5,"entityType":"trip"} @ http://localhost:3000/_next/static/chunks/112__next_dist_1a10hyl._.js:782
[ 3289106ms] [WARNING] [2026-09-02T02:48:24.029Z] WARN: Mutation exceeded max retry attempts {"id":"bf7070d8-0bd1-4b7a-9e6c-8666ab0ddcb8","attempts":5,"entityType":"tripMember","lastError":"new row violates row-level security policy for table \"trip_members\""} @ http://localhost:3000/_next/static/chunks/112__next_dist_1a10hyl._.js:782
[ 3289106ms] [WARNING] [2026-09-02T02:48:24.029Z] WARN: Skipping mutation that exceeded max retries {"id":"bf7070d8-0bd1-4b7a-9e6c-8666ab0ddcb8","attempts":5,"entityType":"tripMember"} @ http://localhost:3000/_next/static/chunks/112__next_dist_1a10hyl._.js:782
[ 3289314ms] [LOG] [Fast Refresh] done in 13ms @ http://localhost:3000/_next/static/chunks/112__next_dist_1a10hyl._.js:782
[ 3289470ms] [LOG] [Fast Refresh] done in 13ms @ http://localhost:3000/_next/static/chunks/112__next_dist_1a10hyl._.js:782
[ 3289614ms] [LOG] [Fast Refresh] done in 13ms @ http://localhost:3000/_next/static/chunks/112__next_dist_1a10hyl._.js:782
[ 3289770ms] [LOG] [Fast Refresh] done in 13ms @ http://localhost:3000/_next/static/chunks/112__next_dist_1a10hyl._.js:782
[ 3289904ms] [LOG] [Fast Refresh] done in 13ms @ http://localhost:3000/_next/static/chunks/112__next_dist_1a10hyl._.js:782
[ 3290051ms] [LOG] [Fast Refresh] done in 13ms @ http://localhost:3000/_next/static/chunks/112__next_dist_1a10hyl._.js:782
[ 3290193ms] [LOG] [Fast Refresh] done in 13ms @ http://localhost:3000/_next/static/chunks/112__next_dist_1a10hyl._.js:782
[ 3290346ms] [LOG] [Fast Refresh] done in 13ms @ http://localhost:3000/_next/static/chunks/112__next_dist_1a10hyl._.js:782
[ 3290509ms] [LOG] [Fast Refresh] done in 13ms @ http://localhost:3000/_next/static/chunks/112__next_dist_1a10hyl._.js:782
[ 3290654ms] [LOG] [Fast Refresh] done in 13ms @ http://localhost:3000/_next/static/chunks/112__next_dist_1a10hyl._.js:782
[ 3290749ms] [INFO] [2026-09-02T02:48:25.672Z] INFO: Sync completed {"duration":1647,"successCount":0,"failureCount":0,"skippedCount":2,"remainingPending":2,"status":"error","diagnostics":{"totalAttempts":11,"successfulSyncs":7,"failedSyncs":0,"averageDuration":1669}} @ http://localhost:3000/_next/static/chunks/112__next_dist_1a10hyl._.js:782
[ 3290813ms] [LOG] [Fast Refresh] done in 13ms @ http://localhost:3000/_next/static/chunks/112__next_dist_1a10hyl._.js:782
[ 3293166ms] [LOG] [Fast Refresh] done in 13ms @ http://localhost:3000/_next/static/chunks/112__next_dist_1a10hyl._.js:782
[ 3293454ms] [LOG] %c Console Ninja extension is connected to Next.js browser, background: rgb(30,30,30); color: rgb(255,213,92) see https://tinyurl.com/2vt8jxzw for more info. @ :0
[ 3293457ms] [INFO] %cDownload the React DevTools for a better development experience: https://react.dev/link/react-devtools font-weight:bold @ http://localhost:3000/_next/static/chunks/112__next_dist_1a10hyl._.js:782
[ 3293465ms] [LOG] [HMR] connected @ http://localhost:3000/_next/static/chunks/112__next_dist_1a10hyl._.js:782
[ 3293508ms] Error: Hydration failed because the server rendered HTML didn't match the client. As a result this tree will be regenerated on the client. This can happen if a SSR-ed Client Component used:

- A server/client branch `if (typeof window !== 'undefined')`.
- Variable input such as `Date.now()` or `Math.random()` which changes each time it's called.
- Date formatting in a user's locale which doesn't match the server.
- External changing data without sending a snapshot of it along with the HTML.
- Invalid HTML tag nesting.

It can also happen if the client has a browser extension installed which messes with the HTML before React loaded.

https://react.dev/link/hydration-mismatch

  ...
    <ErrorBoundary errorComponent={undefined} errorStyles={undefined} errorScripts={undefined}>
      <LoadingBoundary name="/" loading={null}>
        <HTTPAccessFallbackBoundary notFound={{...}} forbidden={undefined} unauthorized={undefined}>
          <HTTPAccessFallbackErrorBoundary pathname="/trips/033..." notFound={{...}} forbidden={undefined} ...>
            <RedirectBoundary>
              <RedirectErrorBoundary router={{...}}>
                <InnerLayoutRouter url="/trips/033..." tree={[...]} params={{}} cacheNode={{rsc:{...}, ...}} ...>
                  <SegmentViewNode type="layout" pagePath="(app)/layo...">
                    <SegmentTrieNode>
                    <script>
                    <script>
                    <script>
                    <script>
                    <script>
                    <script>
                    <script>
                    <script>
                    <AuthenticatedLayout>
                      <SyncProvider userId="94ff7e22-1...">
                        <AppShell userLabel="Aby Garcia">
                          <div className="min-h-dvh ...">
                            <a>
+                           <aside
+                             className="fixed inset-y-0 left-0 hidden w-64 border-r bg-card p-5 lg:flex lg:flex-col"
+                           >
-                           <div
-                             role="status"
-                             className="bg-accent px-4 py-2 text-center text-sm text-accent-foreground"
-                           >
                            ...
                ...
    ...

    at throwOnHydrationMismatch (http://localhost:3000/_next/static/chunks/112__next_dist_compiled_react-dom_0fo5_73._.js:3120:56)
    at beginWork (http://localhost:3000/_next/static/chunks/112__next_dist_compiled_react-dom_0fo5_73._.js:6585:918)
    at runWithFiberInDEV (http://localhost:3000/_next/static/chunks/112__next_dist_compiled_react-dom_0fo5_73._.js:761:74)
    at performUnitOfWork (http://localhost:3000/_next/static/chunks/112__next_dist_compiled_react-dom_0fo5_73._.js:9385:97)
    at workLoopConcurrentByScheduler (http://localhost:3000/_next/static/chunks/112__next_dist_compiled_react-dom_0fo5_73._.js:9381:58)
    at renderRootConcurrent (http://localhost:3000/_next/static/chunks/112__next_dist_compiled_react-dom_0fo5_73._.js:9364:71)
    at performWorkOnRoot (http://localhost:3000/_next/static/chunks/112__next_dist_compiled_react-dom_0fo5_73._.js:8891:150)
    at performWorkOnRootViaSchedulerTask (http://localhost:3000/_next/static/chunks/112__next_dist_compiled_react-dom_0fo5_73._.js:10085:9)
    at MessagePort.performWorkUntilDeadline (http://localhost:3000/_next/static/chunks/112__next_dist_compiled_008ppkl._.js:2647:64)
[ 3293509ms] [INFO] [2026-09-02T02:48:28.433Z] INFO: Starting sync engine @ http://localhost:3000/_next/static/chunks/112__next_dist_1a10hyl._.js:782
[ 3293512ms] [INFO] [2026-09-02T02:48:28.436Z] INFO: Stopping sync engine @ http://localhost:3000/_next/static/chunks/112__next_dist_1a10hyl._.js:782
[ 3293513ms] [INFO] [2026-09-02T02:48:28.436Z] INFO: Starting sync engine @ http://localhost:3000/_next/static/chunks/112__next_dist_1a10hyl._.js:782
[ 3293546ms] [INFO] [2026-09-02T02:48:28.469Z] INFO: Processing pending mutations {"count":2} @ http://localhost:3000/_next/static/chunks/112__next_dist_1a10hyl._.js:782
[ 3293546ms] [WARNING] [2026-09-02T02:48:28.469Z] WARN: Mutation exceeded max retry attempts {"id":"aa1fa5af-c59c-48d4-bdf0-8d0d6b30d542","attempts":5,"entityType":"trip","lastError":"new row violates row-level security policy for table \"trips\""} @ http://localhost:3000/_next/static/chunks/112__next_dist_1a10hyl._.js:782
[ 3293546ms] [WARNING] [2026-09-02T02:48:28.469Z] WARN: Skipping mutation that exceeded max retries {"id":"aa1fa5af-c59c-48d4-bdf0-8d0d6b30d542","attempts":5,"entityType":"trip"} @ http://localhost:3000/_next/static/chunks/112__next_dist_1a10hyl._.js:782
[ 3293546ms] [WARNING] [2026-09-02T02:48:28.469Z] WARN: Mutation exceeded max retry attempts {"id":"bf7070d8-0bd1-4b7a-9e6c-8666ab0ddcb8","attempts":5,"entityType":"tripMember","lastError":"new row violates row-level security policy for table \"trip_members\""} @ http://localhost:3000/_next/static/chunks/112__next_dist_1a10hyl._.js:782
[ 3293546ms] [WARNING] [2026-09-02T02:48:28.469Z] WARN: Skipping mutation that exceeded max retries {"id":"bf7070d8-0bd1-4b7a-9e6c-8666ab0ddcb8","attempts":5,"entityType":"tripMember"} @ http://localhost:3000/_next/static/chunks/112__next_dist_1a10hyl._.js:782
[ 3294772ms] [INFO] [2026-09-02T02:48:29.696Z] INFO: Sync completed {"duration":1262,"successCount":0,"failureCount":0,"skippedCount":2,"remainingPending":6,"status":"error","diagnostics":{"totalAttempts":1,"successfulSyncs":1,"failedSyncs":0,"averageDuration":1262}} @ http://localhost:3000/_next/static/chunks/112__next_dist_1a10hyl._.js:782
[ 3350123ms] [LOG] [Fast Refresh] rebuilding @ http://localhost:3000/_next/static/chunks/112__next_dist_1a10hyl._.js:782
[ 3350169ms] [LOG] [Fast Refresh] done in 14ms @ http://localhost:3000/_next/static/chunks/112__next_dist_1a10hyl._.js:782
[ 3350421ms] [LOG] [Fast Refresh] done in 14ms @ http://localhost:3000/_next/static/chunks/112__next_dist_1a10hyl._.js:782
[ 3350470ms] [LOG] [Fast Refresh] done in 14ms @ http://localhost:3000/_next/static/chunks/112__next_dist_1a10hyl._.js:782
[ 3350568ms] [LOG] [Fast Refresh] done in 14ms @ http://localhost:3000/_next/static/chunks/112__next_dist_1a10hyl._.js:782
[ 3350631ms] [LOG] [Fast Refresh] done in 14ms @ http://localhost:3000/_next/static/chunks/112__next_dist_1a10hyl._.js:782
[ 3350731ms] [LOG] [Fast Refresh] done in 14ms @ http://localhost:3000/_next/static/chunks/112__next_dist_1a10hyl._.js:782
[ 3353520ms] [INFO] [2026-09-02T02:49:28.443Z] INFO: Processing pending mutations {"count":2} @ http://localhost:3000/_next/static/chunks/112__next_dist_1a10hyl._.js:782
[ 3353520ms] [WARNING] [2026-09-02T02:49:28.443Z] WARN: Mutation exceeded max retry attempts {"id":"aa1fa5af-c59c-48d4-bdf0-8d0d6b30d542","attempts":5,"entityType":"trip","lastError":"new row violates row-level security policy for table \"trips\""} @ http://localhost:3000/_next/static/chunks/112__next_dist_1a10hyl._.js:782
[ 3353520ms] [WARNING] [2026-09-02T02:49:28.443Z] WARN: Skipping mutation that exceeded max retries {"id":"aa1fa5af-c59c-48d4-bdf0-8d0d6b30d542","attempts":5,"entityType":"trip"} @ http://localhost:3000/_next/static/chunks/112__next_dist_1a10hyl._.js:782
[ 3353520ms] [WARNING] [2026-09-02T02:49:28.443Z] WARN: Mutation exceeded max retry attempts {"id":"bf7070d8-0bd1-4b7a-9e6c-8666ab0ddcb8","attempts":5,"entityType":"tripMember","lastError":"new row violates row-level security policy for table \"trip_members\""} @ http://localhost:3000/_next/static/chunks/112__next_dist_1a10hyl._.js:782
[ 3353520ms] [WARNING] [2026-09-02T02:49:28.443Z] WARN: Skipping mutation that exceeded max retries {"id":"bf7070d8-0bd1-4b7a-9e6c-8666ab0ddcb8","attempts":5,"entityType":"tripMember"} @ http://localhost:3000/_next/static/chunks/112__next_dist_1a10hyl._.js:782
[ 3353760ms] [LOG] [Fast Refresh] done in 14ms @ http://localhost:3000/_next/static/chunks/112__next_dist_1a10hyl._.js:782
[ 3353928ms] [LOG] [Fast Refresh] done in 14ms @ http://localhost:3000/_next/static/chunks/112__next_dist_1a10hyl._.js:782
[ 3354065ms] [LOG] [Fast Refresh] done in 14ms @ http://localhost:3000/_next/static/chunks/112__next_dist_1a10hyl._.js:782
[ 3354215ms] [LOG] [Fast Refresh] done in 14ms @ http://localhost:3000/_next/static/chunks/112__next_dist_1a10hyl._.js:782
[ 3354383ms] [LOG] [Fast Refresh] done in 14ms @ http://localhost:3000/_next/static/chunks/112__next_dist_1a10hyl._.js:782
[ 3354524ms] [LOG] [Fast Refresh] done in 14ms @ http://localhost:3000/_next/static/chunks/112__next_dist_1a10hyl._.js:782
[ 3354656ms] [LOG] [Fast Refresh] done in 14ms @ http://localhost:3000/_next/static/chunks/112__next_dist_1a10hyl._.js:782
[ 3354789ms] [LOG] [Fast Refresh] done in 14ms @ http://localhost:3000/_next/static/chunks/112__next_dist_1a10hyl._.js:782
[ 3354933ms] [LOG] [Fast Refresh] done in 14ms @ http://localhost:3000/_next/static/chunks/112__next_dist_1a10hyl._.js:782
[ 3355067ms] [LOG] [Fast Refresh] done in 14ms @ http://localhost:3000/_next/static/chunks/112__next_dist_1a10hyl._.js:782
[ 3355136ms] [INFO] [2026-09-02T02:49:30.060Z] INFO: Sync completed {"duration":1621,"successCount":0,"failureCount":0,"skippedCount":2,"remainingPending":2,"status":"error","diagnostics":{"totalAttempts":4,"successfulSyncs":2,"failedSyncs":0,"averageDuration":1441.5}} @ http://localhost:3000/_next/static/chunks/112__next_dist_1a10hyl._.js:782
[ 3355199ms] [LOG] [Fast Refresh] done in 14ms @ http://localhost:3000/_next/static/chunks/112__next_dist_1a10hyl._.js:782
[ 3359645ms] [LOG] [Fast Refresh] rebuilding @ http://localhost:3000/_next/static/chunks/112__next_dist_1a10hyl._.js:782
[ 3359748ms] [LOG] [Fast Refresh] done in 74ms @ http://localhost:3000/_next/static/chunks/112__next_dist_1a10hyl._.js:782
[ 3359924ms] [LOG] [Fast Refresh] done in 74ms @ http://localhost:3000/_next/static/chunks/112__next_dist_1a10hyl._.js:782
[ 3359964ms] [LOG] [Fast Refresh] done in 74ms @ http://localhost:3000/_next/static/chunks/112__next_dist_1a10hyl._.js:782
[ 3360129ms] [LOG] [Fast Refresh] done in 74ms @ http://localhost:3000/_next/static/chunks/112__next_dist_1a10hyl._.js:782
[ 3360317ms] [LOG] [Fast Refresh] done in 74ms @ http://localhost:3000/_next/static/chunks/112__next_dist_1a10hyl._.js:782
[ 3360350ms] [LOG] [Fast Refresh] done in 74ms @ http://localhost:3000/_next/static/chunks/112__next_dist_1a10hyl._.js:782
[ 3360592ms] [LOG] [Fast Refresh] done in 74ms @ http://localhost:3000/_next/static/chunks/112__next_dist_1a10hyl._.js:782
[ 3360744ms] [LOG] [Fast Refresh] done in 74ms @ http://localhost:3000/_next/static/chunks/112__next_dist_1a10hyl._.js:782
[ 3360886ms] [LOG] [Fast Refresh] done in 74ms @ http://localhost:3000/_next/static/chunks/112__next_dist_1a10hyl._.js:782
[ 3361042ms] [LOG] [Fast Refresh] done in 74ms @ http://localhost:3000/_next/static/chunks/112__next_dist_1a10hyl._.js:782
[ 3361192ms] [LOG] [Fast Refresh] done in 74ms @ http://localhost:3000/_next/static/chunks/112__next_dist_1a10hyl._.js:782
[ 3361325ms] [LOG] [Fast Refresh] done in 74ms @ http://localhost:3000/_next/static/chunks/112__next_dist_1a10hyl._.js:782
[ 3365148ms] [LOG] [Fast Refresh] rebuilding @ http://localhost:3000/_next/static/chunks/112__next_dist_1a10hyl._.js:782
[ 3365189ms] [LOG] [Fast Refresh] done in 13ms @ http://localhost:3000/_next/static/chunks/112__next_dist_1a10hyl._.js:782
[ 3365358ms] [LOG] [Fast Refresh] done in 13ms @ http://localhost:3000/_next/static/chunks/112__next_dist_1a10hyl._.js:782
[ 3365508ms] [LOG] [Fast Refresh] done in 13ms @ http://localhost:3000/_next/static/chunks/112__next_dist_1a10hyl._.js:782
[ 3365666ms] [LOG] [Fast Refresh] done in 13ms @ http://localhost:3000/_next/static/chunks/112__next_dist_1a10hyl._.js:782
[ 3383525ms] [INFO] [2026-09-02T02:49:58.449Z] INFO: Processing pending mutations {"count":2} @ http://localhost:3000/_next/static/chunks/112__next_dist_1a10hyl._.js:782
[ 3383525ms] [WARNING] [2026-09-02T02:49:58.449Z] WARN: Mutation exceeded max retry attempts {"id":"aa1fa5af-c59c-48d4-bdf0-8d0d6b30d542","attempts":5,"entityType":"trip","lastError":"new row violates row-level security policy for table \"trips\""} @ http://localhost:3000/_next/static/chunks/112__next_dist_1a10hyl._.js:782
[ 3383525ms] [WARNING] [2026-09-02T02:49:58.449Z] WARN: Skipping mutation that exceeded max retries {"id":"aa1fa5af-c59c-48d4-bdf0-8d0d6b30d542","attempts":5,"entityType":"trip"} @ http://localhost:3000/_next/static/chunks/112__next_dist_1a10hyl._.js:782
[ 3383525ms] [WARNING] [2026-09-02T02:49:58.449Z] WARN: Mutation exceeded max retry attempts {"id":"bf7070d8-0bd1-4b7a-9e6c-8666ab0ddcb8","attempts":5,"entityType":"tripMember","lastError":"new row violates row-level security policy for table \"trip_members\""} @ http://localhost:3000/_next/static/chunks/112__next_dist_1a10hyl._.js:782
[ 3383526ms] [WARNING] [2026-09-02T02:49:58.449Z] WARN: Skipping mutation that exceeded max retries {"id":"bf7070d8-0bd1-4b7a-9e6c-8666ab0ddcb8","attempts":5,"entityType":"tripMember"} @ http://localhost:3000/_next/static/chunks/112__next_dist_1a10hyl._.js:782
[ 3383739ms] [LOG] [Fast Refresh] done in 13ms @ http://localhost:3000/_next/static/chunks/112__next_dist_1a10hyl._.js:782
[ 3383897ms] [LOG] [Fast Refresh] done in 13ms @ http://localhost:3000/_next/static/chunks/112__next_dist_1a10hyl._.js:782
[ 3384047ms] [LOG] [Fast Refresh] done in 13ms @ http://localhost:3000/_next/static/chunks/112__next_dist_1a10hyl._.js:782
[ 3384201ms] [LOG] [Fast Refresh] done in 13ms @ http://localhost:3000/_next/static/chunks/112__next_dist_1a10hyl._.js:782
[ 3384347ms] [LOG] [Fast Refresh] done in 13ms @ http://localhost:3000/_next/static/chunks/112__next_dist_1a10hyl._.js:782
[ 3384486ms] [LOG] [Fast Refresh] done in 13ms @ http://localhost:3000/_next/static/chunks/112__next_dist_1a10hyl._.js:782
[ 3384619ms] [LOG] [Fast Refresh] done in 13ms @ http://localhost:3000/_next/static/chunks/112__next_dist_1a10hyl._.js:782
[ 3384756ms] [LOG] [Fast Refresh] done in 13ms @ http://localhost:3000/_next/static/chunks/112__next_dist_1a10hyl._.js:782
[ 3384963ms] [LOG] [Fast Refresh] done in 13ms @ http://localhost:3000/_next/static/chunks/112__next_dist_1a10hyl._.js:782
[ 3385106ms] [LOG] [Fast Refresh] done in 13ms @ http://localhost:3000/_next/static/chunks/112__next_dist_1a10hyl._.js:782
[ 3385187ms] [INFO] [2026-09-02T02:50:00.111Z] INFO: Sync completed {"duration":1670,"successCount":0,"failureCount":0,"skippedCount":2,"remainingPending":2,"status":"error","diagnostics":{"totalAttempts":5,"successfulSyncs":3,"failedSyncs":0,"averageDuration":1517.6666666666667}} @ http://localhost:3000/_next/static/chunks/112__next_dist_1a10hyl._.js:782
[ 3385253ms] [LOG] [Fast Refresh] done in 13ms @ http://localhost:3000/_next/static/chunks/112__next_dist_1a10hyl._.js:782
[ 3390349ms] [LOG] [Fast Refresh] done in 13ms @ http://localhost:3000/_next/static/chunks/112__next_dist_1a10hyl._.js:782
[ 3390493ms] [LOG] [Fast Refresh] done in 13ms @ http://localhost:3000/_next/static/chunks/112__next_dist_1a10hyl._.js:782
[ 3390628ms] [LOG] [Fast Refresh] done in 13ms @ http://localhost:3000/_next/static/chunks/112__next_dist_1a10hyl._.js:782
[ 3390667ms] [LOG] [Fast Refresh] done in 13ms @ http://localhost:3000/_next/static/chunks/112__next_dist_1a10hyl._.js:782
[ 3390742ms] [LOG] [Fast Refresh] done in 13ms @ http://localhost:3000/_next/static/chunks/112__next_dist_1a10hyl._.js:782
[ 3390786ms] [LOG] [Fast Refresh] done in 13ms @ http://localhost:3000/_next/static/chunks/112__next_dist_1a10hyl._.js:782
[ 3390846ms] [LOG] [Fast Refresh] done in 13ms @ http://localhost:3000/_next/static/chunks/112__next_dist_1a10hyl._.js:782
[ 3390893ms] [LOG] [Fast Refresh] done in 13ms @ http://localhost:3000/_next/static/chunks/112__next_dist_1a10hyl._.js:782
[ 3390953ms] [LOG] [Fast Refresh] done in 13ms @ http://localhost:3000/_next/static/chunks/112__next_dist_1a10hyl._.js:782
[ 3390995ms] [LOG] [Fast Refresh] done in 13ms @ http://localhost:3000/_next/static/chunks/112__next_dist_1a10hyl._.js:782
[ 3391103ms] [LOG] [Fast Refresh] done in 13ms @ http://localhost:3000/_next/static/chunks/112__next_dist_1a10hyl._.js:782
[ 3391142ms] [LOG] [Fast Refresh] done in 13ms @ http://localhost:3000/_next/static/chunks/112__next_dist_1a10hyl._.js:782
[ 3391214ms] [LOG] [Fast Refresh] done in 13ms @ http://localhost:3000/_next/static/chunks/112__next_dist_1a10hyl._.js:782
[ 3391258ms] [LOG] [Fast Refresh] done in 13ms @ http://localhost:3000/_next/static/chunks/112__next_dist_1a10hyl._.js:782
[ 3391301ms] [LOG] [Fast Refresh] done in 13ms @ http://localhost:3000/_next/static/chunks/112__next_dist_1a10hyl._.js:782
[ 3391366ms] [LOG] [Fast Refresh] done in 13ms @ http://localhost:3000/_next/static/chunks/112__next_dist_1a10hyl._.js:782
[ 3391409ms] [LOG] [Fast Refresh] done in 13ms @ http://localhost:3000/_next/static/chunks/112__next_dist_1a10hyl._.js:782
[ 3391453ms] [LOG] [Fast Refresh] done in 13ms @ http://localhost:3000/_next/static/chunks/112__next_dist_1a10hyl._.js:782
[ 3391516ms] [LOG] [Fast Refresh] done in 13ms @ http://localhost:3000/_next/static/chunks/112__next_dist_1a10hyl._.js:782
[ 3391562ms] [LOG] [Fast Refresh] done in 13ms @ http://localhost:3000/_next/static/chunks/112__next_dist_1a10hyl._.js:782
[ 3391662ms] [LOG] [Fast Refresh] done in 13ms @ http://localhost:3000/_next/static/chunks/112__next_dist_1a10hyl._.js:782
[ 3391731ms] [LOG] [Fast Refresh] done in 13ms @ http://localhost:3000/_next/static/chunks/112__next_dist_1a10hyl._.js:782
[ 3391816ms] [LOG] [Fast Refresh] done in 13ms @ http://localhost:3000/_next/static/chunks/112__next_dist_1a10hyl._.js:782
[ 3391911ms] [LOG] [Fast Refresh] done in 13ms @ http://localhost:3000/_next/static/chunks/112__next_dist_1a10hyl._.js:782
[ 3391997ms] [LOG] [Fast Refresh] done in 13ms @ http://localhost:3000/_next/static/chunks/112__next_dist_1a10hyl._.js:782
[ 3392082ms] [LOG] [Fast Refresh] done in 13ms @ http://localhost:3000/_next/static/chunks/112__next_dist_1a10hyl._.js:782
[ 3392188ms] [LOG] [Fast Refresh] done in 13ms @ http://localhost:3000/_next/static/chunks/112__next_dist_1a10hyl._.js:782
[ 3413526ms] [INFO] [2026-09-02T02:50:28.449Z] INFO: Processing pending mutations {"count":2} @ http://localhost:3000/_next/static/chunks/112__next_dist_1a10hyl._.js:782
[ 3413526ms] [WARNING] [2026-09-02T02:50:28.449Z] WARN: Mutation exceeded max retry attempts {"id":"aa1fa5af-c59c-48d4-bdf0-8d0d6b30d542","attempts":5,"entityType":"trip","lastError":"new row violates row-level security policy for table \"trips\""} @ http://localhost:3000/_next/static/chunks/112__next_dist_1a10hyl._.js:782
[ 3413526ms] [WARNING] [2026-09-02T02:50:28.449Z] WARN: Skipping mutation that exceeded max retries {"id":"aa1fa5af-c59c-48d4-bdf0-8d0d6b30d542","attempts":5,"entityType":"trip"} @ http://localhost:3000/_next/static/chunks/112__next_dist_1a10hyl._.js:782
[ 3413526ms] [WARNING] [2026-09-02T02:50:28.450Z] WARN: Mutation exceeded max retry attempts {"id":"bf7070d8-0bd1-4b7a-9e6c-8666ab0ddcb8","attempts":5,"entityType":"tripMember","lastError":"new row violates row-level security policy for table \"trip_members\""} @ http://localhost:3000/_next/static/chunks/112__next_dist_1a10hyl._.js:782
[ 3413526ms] [WARNING] [2026-09-02T02:50:28.450Z] WARN: Skipping mutation that exceeded max retries {"id":"bf7070d8-0bd1-4b7a-9e6c-8666ab0ddcb8","attempts":5,"entityType":"tripMember"} @ http://localhost:3000/_next/static/chunks/112__next_dist_1a10hyl._.js:782
[ 3413952ms] [LOG] [Fast Refresh] done in 13ms @ http://localhost:3000/_next/static/chunks/112__next_dist_1a10hyl._.js:782
[ 3414119ms] [LOG] [Fast Refresh] done in 13ms @ http://localhost:3000/_next/static/chunks/112__next_dist_1a10hyl._.js:782
[ 3414274ms] [LOG] [Fast Refresh] done in 13ms @ http://localhost:3000/_next/static/chunks/112__next_dist_1a10hyl._.js:782
[ 3414433ms] [LOG] [Fast Refresh] done in 13ms @ http://localhost:3000/_next/static/chunks/112__next_dist_1a10hyl._.js:782
[ 3414579ms] [LOG] [Fast Refresh] done in 13ms @ http://localhost:3000/_next/static/chunks/112__next_dist_1a10hyl._.js:782
[ 3414720ms] [LOG] [Fast Refresh] done in 13ms @ http://localhost:3000/_next/static/chunks/112__next_dist_1a10hyl._.js:782
[ 3414887ms] [LOG] [Fast Refresh] done in 13ms @ http://localhost:3000/_next/static/chunks/112__next_dist_1a10hyl._.js:782
[ 3415046ms] [LOG] [Fast Refresh] done in 13ms @ http://localhost:3000/_next/static/chunks/112__next_dist_1a10hyl._.js:782
[ 3415193ms] [LOG] [Fast Refresh] done in 13ms @ http://localhost:3000/_next/static/chunks/112__next_dist_1a10hyl._.js:782
[ 3415338ms] [LOG] [Fast Refresh] done in 13ms @ http://localhost:3000/_next/static/chunks/112__next_dist_1a10hyl._.js:782
[ 3415408ms] [INFO] [2026-09-02T02:50:30.332Z] INFO: Sync completed {"duration":1891,"successCount":0,"failureCount":0,"skippedCount":2,"remainingPending":2,"status":"error","diagnostics":{"totalAttempts":6,"successfulSyncs":4,"failedSyncs":0,"averageDuration":1611}} @ http://localhost:3000/_next/static/chunks/112__next_dist_1a10hyl._.js:782
[ 3415478ms] [LOG] [Fast Refresh] done in 13ms @ http://localhost:3000/_next/static/chunks/112__next_dist_1a10hyl._.js:782
[ 3443527ms] [INFO] [2026-09-02T02:50:58.450Z] INFO: Processing pending mutations {"count":2} @ http://localhost:3000/_next/static/chunks/112__next_dist_1a10hyl._.js:782
[ 3443527ms] [WARNING] [2026-09-02T02:50:58.450Z] WARN: Mutation exceeded max retry attempts {"id":"aa1fa5af-c59c-48d4-bdf0-8d0d6b30d542","attempts":5,"entityType":"trip","lastError":"new row violates row-level security policy for table \"trips\""} @ http://localhost:3000/_next/static/chunks/112__next_dist_1a10hyl._.js:782
[ 3443527ms] [WARNING] [2026-09-02T02:50:58.450Z] WARN: Skipping mutation that exceeded max retries {"id":"aa1fa5af-c59c-48d4-bdf0-8d0d6b30d542","attempts":5,"entityType":"trip"} @ http://localhost:3000/_next/static/chunks/112__next_dist_1a10hyl._.js:782
[ 3443527ms] [WARNING] [2026-09-02T02:50:58.451Z] WARN: Mutation exceeded max retry attempts {"id":"bf7070d8-0bd1-4b7a-9e6c-8666ab0ddcb8","attempts":5,"entityType":"tripMember","lastError":"new row violates row-level security policy for table \"trip_members\""} @ http://localhost:3000/_next/static/chunks/112__next_dist_1a10hyl._.js:782
[ 3443527ms] [WARNING] [2026-09-02T02:50:58.451Z] WARN: Skipping mutation that exceeded max retries {"id":"bf7070d8-0bd1-4b7a-9e6c-8666ab0ddcb8","attempts":5,"entityType":"tripMember"} @ http://localhost:3000/_next/static/chunks/112__next_dist_1a10hyl._.js:782
[ 3443737ms] [LOG] [Fast Refresh] done in 13ms @ http://localhost:3000/_next/static/chunks/112__next_dist_1a10hyl._.js:782
[ 3443882ms] [LOG] [Fast Refresh] done in 13ms @ http://localhost:3000/_next/static/chunks/112__next_dist_1a10hyl._.js:782
[ 3444023ms] [LOG] [Fast Refresh] done in 13ms @ http://localhost:3000/_next/static/chunks/112__next_dist_1a10hyl._.js:782
[ 3444177ms] [LOG] [Fast Refresh] done in 13ms @ http://localhost:3000/_next/static/chunks/112__next_dist_1a10hyl._.js:782
[ 3444325ms] [LOG] [Fast Refresh] done in 13ms @ http://localhost:3000/_next/static/chunks/112__next_dist_1a10hyl._.js:782
[ 3444468ms] [LOG] [Fast Refresh] done in 13ms @ http://localhost:3000/_next/static/chunks/112__next_dist_1a10hyl._.js:782
[ 3444602ms] [LOG] [Fast Refresh] done in 13ms @ http://localhost:3000/_next/static/chunks/112__next_dist_1a10hyl._.js:782
[ 3444736ms] [LOG] [Fast Refresh] done in 13ms @ http://localhost:3000/_next/static/chunks/112__next_dist_1a10hyl._.js:782
[ 3444877ms] [LOG] [Fast Refresh] done in 13ms @ http://localhost:3000/_next/static/chunks/112__next_dist_1a10hyl._.js:782
[ 3445028ms] [LOG] [Fast Refresh] done in 13ms @ http://localhost:3000/_next/static/chunks/112__next_dist_1a10hyl._.js:782
[ 3445100ms] [INFO] [2026-09-02T02:51:00.024Z] INFO: Sync completed {"duration":1583,"successCount":0,"failureCount":0,"skippedCount":2,"remainingPending":2,"status":"error","diagnostics":{"totalAttempts":7,"successfulSyncs":5,"failedSyncs":0,"averageDuration":1605.4}} @ http://localhost:3000/_next/static/chunks/112__next_dist_1a10hyl._.js:782
[ 3445163ms] [LOG] [Fast Refresh] done in 13ms @ http://localhost:3000/_next/static/chunks/112__next_dist_1a10hyl._.js:782
[ 3450479ms] [LOG] [Fast Refresh] done in 13ms @ http://localhost:3000/_next/static/chunks/112__next_dist_1a10hyl._.js:782
[ 3450620ms] [LOG] [Fast Refresh] done in 13ms @ http://localhost:3000/_next/static/chunks/112__next_dist_1a10hyl._.js:782
[ 3450756ms] [LOG] [Fast Refresh] done in 13ms @ http://localhost:3000/_next/static/chunks/112__next_dist_1a10hyl._.js:782
[ 3450814ms] [LOG] [Fast Refresh] done in 13ms @ http://localhost:3000/_next/static/chunks/112__next_dist_1a10hyl._.js:782
[ 3450896ms] [LOG] [Fast Refresh] done in 13ms @ http://localhost:3000/_next/static/chunks/112__next_dist_1a10hyl._.js:782
[ 3450939ms] [LOG] [Fast Refresh] done in 13ms @ http://localhost:3000/_next/static/chunks/112__next_dist_1a10hyl._.js:782
[ 3451041ms] [LOG] [Fast Refresh] done in 13ms @ http://localhost:3000/_next/static/chunks/112__next_dist_1a10hyl._.js:782
[ 3451154ms] [LOG] [Fast Refresh] done in 13ms @ http://localhost:3000/_next/static/chunks/112__next_dist_1a10hyl._.js:782
[ 3451253ms] [LOG] [Fast Refresh] done in 13ms @ http://localhost:3000/_next/static/chunks/112__next_dist_1a10hyl._.js:782
[ 3451300ms] [LOG] [Fast Refresh] done in 13ms @ http://localhost:3000/_next/static/chunks/112__next_dist_1a10hyl._.js:782
[ 3451337ms] [LOG] [Fast Refresh] done in 13ms @ http://localhost:3000/_next/static/chunks/112__next_dist_1a10hyl._.js:782
[ 3451465ms] [LOG] [Fast Refresh] done in 13ms @ http://localhost:3000/_next/static/chunks/112__next_dist_1a10hyl._.js:782
[ 3451572ms] [LOG] [Fast Refresh] done in 13ms @ http://localhost:3000/_next/static/chunks/112__next_dist_1a10hyl._.js:782
[ 3451653ms] [LOG] [Fast Refresh] done in 13ms @ http://localhost:3000/_next/static/chunks/112__next_dist_1a10hyl._.js:782
[ 3451760ms] [LOG] [Fast Refresh] done in 13ms @ http://localhost:3000/_next/static/chunks/112__next_dist_1a10hyl._.js:782
[ 3451863ms] [LOG] [Fast Refresh] done in 13ms @ http://localhost:3000/_next/static/chunks/112__next_dist_1a10hyl._.js:782
[ 3451900ms] [LOG] [Fast Refresh] done in 13ms @ http://localhost:3000/_next/static/chunks/112__next_dist_1a10hyl._.js:782
[ 3451970ms] [LOG] [Fast Refresh] done in 13ms @ http://localhost:3000/_next/static/chunks/112__next_dist_1a10hyl._.js:782
[ 3452085ms] [LOG] [Fast Refresh] done in 13ms @ http://localhost:3000/_next/static/chunks/112__next_dist_1a10hyl._.js:782
[ 3473527ms] [INFO] [2026-09-02T02:51:28.451Z] INFO: Processing pending mutations {"count":2} @ http://localhost:3000/_next/static/chunks/112__next_dist_1a10hyl._.js:782
[ 3473527ms] [WARNING] [2026-09-02T02:51:28.451Z] WARN: Mutation exceeded max retry attempts {"id":"aa1fa5af-c59c-48d4-bdf0-8d0d6b30d542","attempts":5,"entityType":"trip","lastError":"new row violates row-level security policy for table \"trips\""} @ http://localhost:3000/_next/static/chunks/112__next_dist_1a10hyl._.js:782
[ 3473527ms] [WARNING] [2026-09-02T02:51:28.451Z] WARN: Skipping mutation that exceeded max retries {"id":"aa1fa5af-c59c-48d4-bdf0-8d0d6b30d542","attempts":5,"entityType":"trip"} @ http://localhost:3000/_next/static/chunks/112__next_dist_1a10hyl._.js:782
[ 3473527ms] [WARNING] [2026-09-02T02:51:28.451Z] WARN: Mutation exceeded max retry attempts {"id":"bf7070d8-0bd1-4b7a-9e6c-8666ab0ddcb8","attempts":5,"entityType":"tripMember","lastError":"new row violates row-level security policy for table \"trip_members\""} @ http://localhost:3000/_next/static/chunks/112__next_dist_1a10hyl._.js:782
[ 3473527ms] [WARNING] [2026-09-02T02:51:28.451Z] WARN: Skipping mutation that exceeded max retries {"id":"bf7070d8-0bd1-4b7a-9e6c-8666ab0ddcb8","attempts":5,"entityType":"tripMember"} @ http://localhost:3000/_next/static/chunks/112__next_dist_1a10hyl._.js:782
[ 3473775ms] [LOG] [Fast Refresh] done in 13ms @ http://localhost:3000/_next/static/chunks/112__next_dist_1a10hyl._.js:782
[ 3473922ms] [LOG] [Fast Refresh] done in 13ms @ http://localhost:3000/_next/static/chunks/112__next_dist_1a10hyl._.js:782
[ 3474068ms] [LOG] [Fast Refresh] done in 13ms @ http://localhost:3000/_next/static/chunks/112__next_dist_1a10hyl._.js:782
[ 3474206ms] [LOG] [Fast Refresh] done in 13ms @ http://localhost:3000/_next/static/chunks/112__next_dist_1a10hyl._.js:782
[ 3474342ms] [LOG] [Fast Refresh] done in 13ms @ http://localhost:3000/_next/static/chunks/112__next_dist_1a10hyl._.js:782
[ 3474488ms] [LOG] [Fast Refresh] done in 13ms @ http://localhost:3000/_next/static/chunks/112__next_dist_1a10hyl._.js:782
[ 3474623ms] [LOG] [Fast Refresh] done in 13ms @ http://localhost:3000/_next/static/chunks/112__next_dist_1a10hyl._.js:782
[ 3474760ms] [LOG] [Fast Refresh] done in 13ms @ http://localhost:3000/_next/static/chunks/112__next_dist_1a10hyl._.js:782
[ 3474923ms] [LOG] [Fast Refresh] done in 13ms @ http://localhost:3000/_next/static/chunks/112__next_dist_1a10hyl._.js:782
[ 3475062ms] [LOG] [Fast Refresh] done in 13ms @ http://localhost:3000/_next/static/chunks/112__next_dist_1a10hyl._.js:782
[ 3475134ms] [INFO] [2026-09-02T02:51:30.058Z] INFO: Sync completed {"duration":1616,"successCount":0,"failureCount":0,"skippedCount":2,"remainingPending":2,"status":"error","diagnostics":{"totalAttempts":8,"successfulSyncs":6,"failedSyncs":0,"averageDuration":1607.1666666666667}} @ http://localhost:3000/_next/static/chunks/112__next_dist_1a10hyl._.js:782
[ 3475195ms] [LOG] [Fast Refresh] done in 13ms @ http://localhost:3000/_next/static/chunks/112__next_dist_1a10hyl._.js:782
[ 3494163ms] [LOG] [HMR] connected @ http://localhost:3000/_next/static/chunks/112__next_dist_1a10hyl._.js:782
[ 3494199ms] [LOG] [Fast Refresh] done in 13ms @ http://localhost:3000/_next/static/chunks/112__next_dist_1a10hyl._.js:782
[ 3495208ms] [LOG] [Fast Refresh] done in 13ms @ http://localhost:3000/_next/static/chunks/112__next_dist_1a10hyl._.js:782
[ 4465559ms] [INFO] [2026-09-02T03:08:00.482Z] INFO: Processing pending mutations {"count":2} @ http://localhost:3000/_next/static/chunks/112__next_dist_1a10hyl._.js:782
[ 4465559ms] [WARNING] [2026-09-02T03:08:00.482Z] WARN: Mutation exceeded max retry attempts {"id":"aa1fa5af-c59c-48d4-bdf0-8d0d6b30d542","attempts":5,"entityType":"trip","lastError":"new row violates row-level security policy for table \"trips\""} @ http://localhost:3000/_next/static/chunks/112__next_dist_1a10hyl._.js:782
[ 4465559ms] [WARNING] [2026-09-02T03:08:00.482Z] WARN: Skipping mutation that exceeded max retries {"id":"aa1fa5af-c59c-48d4-bdf0-8d0d6b30d542","attempts":5,"entityType":"trip"} @ http://localhost:3000/_next/static/chunks/112__next_dist_1a10hyl._.js:782
[ 4465559ms] [WARNING] [2026-09-02T03:08:00.482Z] WARN: Mutation exceeded max retry attempts {"id":"bf7070d8-0bd1-4b7a-9e6c-8666ab0ddcb8","attempts":5,"entityType":"tripMember","lastError":"new row violates row-level security policy for table \"trip_members\""} @ http://localhost:3000/_next/static/chunks/112__next_dist_1a10hyl._.js:782
[ 4465559ms] [WARNING] [2026-09-02T03:08:00.482Z] WARN: Skipping mutation that exceeded max retries {"id":"bf7070d8-0bd1-4b7a-9e6c-8666ab0ddcb8","attempts":5,"entityType":"tripMember"} @ http://localhost:3000/_next/static/chunks/112__next_dist_1a10hyl._.js:782
[ 4466067ms] [LOG] [Fast Refresh] done in 13ms @ http://localhost:3000/_next/static/chunks/112__next_dist_1a10hyl._.js:782
[ 4466520ms] [LOG] [Fast Refresh] done in 13ms @ http://localhost:3000/_next/static/chunks/112__next_dist_1a10hyl._.js:782
[ 4466702ms] [LOG] [Fast Refresh] done in 13ms @ http://localhost:3000/_next/static/chunks/112__next_dist_1a10hyl._.js:782
[ 4466943ms] [LOG] [Fast Refresh] done in 13ms @ http://localhost:3000/_next/static/chunks/112__next_dist_1a10hyl._.js:782
[ 4467141ms] [LOG] [Fast Refresh] done in 13ms @ http://localhost:3000/_next/static/chunks/112__next_dist_1a10hyl._.js:782
[ 4467331ms] [LOG] [Fast Refresh] done in 13ms @ http://localhost:3000/_next/static/chunks/112__next_dist_1a10hyl._.js:782
[ 4467535ms] [LOG] [Fast Refresh] done in 13ms @ http://localhost:3000/_next/static/chunks/112__next_dist_1a10hyl._.js:782
[ 5413358ms] [LOG] [Fast Refresh] done in 13ms @ http://localhost:3000/_next/static/chunks/112__next_dist_1a10hyl._.js:782
[ 5413497ms] [LOG] [Fast Refresh] done in 13ms @ http://localhost:3000/_next/static/chunks/112__next_dist_1a10hyl._.js:782
[ 5413622ms] [LOG] [Fast Refresh] done in 13ms @ http://localhost:3000/_next/static/chunks/112__next_dist_1a10hyl._.js:782
[ 5749757ms] [LOG] [Fast Refresh] done in 13ms @ http://localhost:3000/_next/static/chunks/112__next_dist_1a10hyl._.js:782
[ 5756358ms] [ERROR] Failed to load resource: the server responded with a status of 401 () @ https://spcpdbxripukvqrnsuim.supabase.co/rest/v1/trip_media?select=*&order=updated_at.asc&updated_at=gt.2026-09-02T02%3A51%3A28.626Z:0
[ 5756424ms] [LOG] [Fast Refresh] done in 13ms @ http://localhost:3000/_next/static/chunks/112__next_dist_1a10hyl._.js:782
[ 5761022ms] [LOG] [Fast Refresh] done in 13ms @ http://localhost:3000/_next/static/chunks/112__next_dist_1a10hyl._.js:782
[ 5761176ms] [LOG] [Fast Refresh] done in 13ms @ http://localhost:3000/_next/static/chunks/112__next_dist_1a10hyl._.js:782
[ 5761290ms] [LOG] [Fast Refresh] done in 13ms @ http://localhost:3000/_next/static/chunks/112__next_dist_1a10hyl._.js:782
[ 5761429ms] [LOG] [Fast Refresh] done in 13ms @ http://localhost:3000/_next/static/chunks/112__next_dist_1a10hyl._.js:782
[ 5761544ms] [LOG] [Fast Refresh] done in 13ms @ http://localhost:3000/_next/static/chunks/112__next_dist_1a10hyl._.js:782
[ 5761618ms] [LOG] [Fast Refresh] done in 13ms @ http://localhost:3000/_next/static/chunks/112__next_dist_1a10hyl._.js:782
[ 5761729ms] [LOG] [Fast Refresh] done in 13ms @ http://localhost:3000/_next/static/chunks/112__next_dist_1a10hyl._.js:782
[ 5761776ms] [LOG] [Fast Refresh] done in 13ms @ http://localhost:3000/_next/static/chunks/112__next_dist_1a10hyl._.js:782
[ 5761882ms] [LOG] [Fast Refresh] done in 13ms @ http://localhost:3000/_next/static/chunks/112__next_dist_1a10hyl._.js:782
[ 5761959ms] [LOG] [Fast Refresh] done in 13ms @ http://localhost:3000/_next/static/chunks/112__next_dist_1a10hyl._.js:782
[ 5762024ms] [LOG] [Fast Refresh] done in 13ms @ http://localhost:3000/_next/static/chunks/112__next_dist_1a10hyl._.js:782
[ 5762141ms] [LOG] [Fast Refresh] done in 13ms @ http://localhost:3000/_next/static/chunks/112__next_dist_1a10hyl._.js:782
[ 5762275ms] [LOG] [Fast Refresh] done in 13ms @ http://localhost:3000/_next/static/chunks/112__next_dist_1a10hyl._.js:782
[ 5762442ms] [LOG] [Fast Refresh] done in 13ms @ http://localhost:3000/_next/static/chunks/112__next_dist_1a10hyl._.js:782
[ 5762622ms] [LOG] [Fast Refresh] done in 13ms @ http://localhost:3000/_next/static/chunks/112__next_dist_1a10hyl._.js:782
[ 5762742ms] [LOG] [Fast Refresh] done in 13ms @ http://localhost:3000/_next/static/chunks/112__next_dist_1a10hyl._.js:782
[ 5762923ms] [LOG] [Fast Refresh] done in 13ms @ http://localhost:3000/_next/static/chunks/112__next_dist_1a10hyl._.js:782
[ 5763101ms] [LOG] [Fast Refresh] done in 13ms @ http://localhost:3000/_next/static/chunks/112__next_dist_1a10hyl._.js:782
[ 5763254ms] [LOG] [Fast Refresh] done in 13ms @ http://localhost:3000/_next/static/chunks/112__next_dist_1a10hyl._.js:782
[ 5763428ms] [LOG] [Fast Refresh] done in 13ms @ http://localhost:3000/_next/static/chunks/112__next_dist_1a10hyl._.js:782
[ 5763431ms] [INFO] [2026-09-02T03:29:38.354Z] INFO: Processing pending mutations {"count":2} @ http://localhost:3000/_next/static/chunks/112__next_dist_1a10hyl._.js:782
[ 5763431ms] [WARNING] [2026-09-02T03:29:38.354Z] WARN: Mutation exceeded max retry attempts {"id":"aa1fa5af-c59c-48d4-bdf0-8d0d6b30d542","attempts":5,"entityType":"trip","lastError":"new row violates row-level security policy for table \"trips\""} @ http://localhost:3000/_next/static/chunks/112__next_dist_1a10hyl._.js:782
[ 5763431ms] [WARNING] [2026-09-02T03:29:38.354Z] WARN: Skipping mutation that exceeded max retries {"id":"aa1fa5af-c59c-48d4-bdf0-8d0d6b30d542","attempts":5,"entityType":"trip"} @ http://localhost:3000/_next/static/chunks/112__next_dist_1a10hyl._.js:782
[ 5763431ms] [WARNING] [2026-09-02T03:29:38.354Z] WARN: Mutation exceeded max retry attempts {"id":"bf7070d8-0bd1-4b7a-9e6c-8666ab0ddcb8","attempts":5,"entityType":"tripMember","lastError":"new row violates row-level security policy for table \"trip_members\""} @ http://localhost:3000/_next/static/chunks/112__next_dist_1a10hyl._.js:782
[ 5763431ms] [WARNING] [2026-09-02T03:29:38.354Z] WARN: Skipping mutation that exceeded max retries {"id":"bf7070d8-0bd1-4b7a-9e6c-8666ab0ddcb8","attempts":5,"entityType":"tripMember"} @ http://localhost:3000/_next/static/chunks/112__next_dist_1a10hyl._.js:782
[ 5763609ms] [LOG] [Fast Refresh] done in 13ms @ http://localhost:3000/_next/static/chunks/112__next_dist_1a10hyl._.js:782
[ 5763780ms] [LOG] [Fast Refresh] done in 13ms @ http://localhost:3000/_next/static/chunks/112__next_dist_1a10hyl._.js:782
[ 5763942ms] [LOG] [Fast Refresh] done in 13ms @ http://localhost:3000/_next/static/chunks/112__next_dist_1a10hyl._.js:782
[ 5764103ms] [LOG] [Fast Refresh] done in 13ms @ http://localhost:3000/_next/static/chunks/112__next_dist_1a10hyl._.js:782
[ 5764213ms] [LOG] [Fast Refresh] done in 13ms @ http://localhost:3000/_next/static/chunks/112__next_dist_1a10hyl._.js:782
[ 5764322ms] [LOG] [Fast Refresh] done in 13ms @ http://localhost:3000/_next/static/chunks/112__next_dist_1a10hyl._.js:782
[ 5764506ms] [LOG] [Fast Refresh] done in 13ms @ http://localhost:3000/_next/static/chunks/112__next_dist_1a10hyl._.js:782
[ 5764601ms] [LOG] [Fast Refresh] done in 13ms @ http://localhost:3000/_next/static/chunks/112__next_dist_1a10hyl._.js:782
[ 5764710ms] [LOG] [Fast Refresh] done in 13ms @ http://localhost:3000/_next/static/chunks/112__next_dist_1a10hyl._.js:782
[ 5764905ms] [LOG] [Fast Refresh] done in 13ms @ http://localhost:3000/_next/static/chunks/112__next_dist_1a10hyl._.js:782
[ 5765101ms] [LOG] [Fast Refresh] done in 13ms @ http://localhost:3000/_next/static/chunks/112__next_dist_1a10hyl._.js:782
[ 5765236ms] [INFO] [2026-09-02T03:29:40.160Z] INFO: Sync completed {"duration":1811,"successCount":0,"failureCount":0,"skippedCount":2,"remainingPending":2,"status":"error","diagnostics":{"totalAttempts":10,"successfulSyncs":7,"failedSyncs":0,"averageDuration":1636.2857142857142}} @ http://localhost:3000/_next/static/chunks/112__next_dist_1a10hyl._.js:782
[ 5765304ms] [LOG] [Fast Refresh] done in 13ms @ http://localhost:3000/_next/static/chunks/112__next_dist_1a10hyl._.js:782
[ 5793430ms] [INFO] [2026-09-02T03:30:08.354Z] INFO: Processing pending mutations {"count":2} @ http://localhost:3000/_next/static/chunks/112__next_dist_1a10hyl._.js:782
[ 5793431ms] [WARNING] [2026-09-02T03:30:08.354Z] WARN: Mutation exceeded max retry attempts {"id":"aa1fa5af-c59c-48d4-bdf0-8d0d6b30d542","attempts":5,"entityType":"trip","lastError":"new row violates row-level security policy for table \"trips\""} @ http://localhost:3000/_next/static/chunks/112__next_dist_1a10hyl._.js:782
[ 5793431ms] [WARNING] [2026-09-02T03:30:08.354Z] WARN: Skipping mutation that exceeded max retries {"id":"aa1fa5af-c59c-48d4-bdf0-8d0d6b30d542","attempts":5,"entityType":"trip"} @ http://localhost:3000/_next/static/chunks/112__next_dist_1a10hyl._.js:782
[ 5793431ms] [WARNING] [2026-09-02T03:30:08.354Z] WARN: Mutation exceeded max retry attempts {"id":"bf7070d8-0bd1-4b7a-9e6c-8666ab0ddcb8","attempts":5,"entityType":"tripMember","lastError":"new row violates row-level security policy for table \"trip_members\""} @ http://localhost:3000/_next/static/chunks/112__next_dist_1a10hyl._.js:782
[ 5793431ms] [WARNING] [2026-09-02T03:30:08.354Z] WARN: Skipping mutation that exceeded max retries {"id":"bf7070d8-0bd1-4b7a-9e6c-8666ab0ddcb8","attempts":5,"entityType":"tripMember"} @ http://localhost:3000/_next/static/chunks/112__next_dist_1a10hyl._.js:782
[ 5793692ms] [LOG] [Fast Refresh] done in 13ms @ http://localhost:3000/_next/static/chunks/112__next_dist_1a10hyl._.js:782
[ 5793963ms] [LOG] [Fast Refresh] done in 13ms @ http://localhost:3000/_next/static/chunks/112__next_dist_1a10hyl._.js:782
[ 5794112ms] [LOG] [Fast Refresh] done in 13ms @ http://localhost:3000/_next/static/chunks/112__next_dist_1a10hyl._.js:782
[ 5794262ms] [LOG] [Fast Refresh] done in 13ms @ http://localhost:3000/_next/static/chunks/112__next_dist_1a10hyl._.js:782
[ 5794425ms] [LOG] [Fast Refresh] done in 13ms @ http://localhost:3000/_next/static/chunks/112__next_dist_1a10hyl._.js:782
[ 5794563ms] [LOG] [Fast Refresh] done in 13ms @ http://localhost:3000/_next/static/chunks/112__next_dist_1a10hyl._.js:782
[ 5794728ms] [LOG] [Fast Refresh] done in 13ms @ http://localhost:3000/_next/static/chunks/112__next_dist_1a10hyl._.js:782
[ 5794877ms] [LOG] [Fast Refresh] done in 13ms @ http://localhost:3000/_next/static/chunks/112__next_dist_1a10hyl._.js:782
[ 5795032ms] [LOG] [Fast Refresh] done in 13ms @ http://localhost:3000/_next/static/chunks/112__next_dist_1a10hyl._.js:782
[ 5795188ms] [LOG] [Fast Refresh] done in 13ms @ http://localhost:3000/_next/static/chunks/112__next_dist_1a10hyl._.js:782
[ 5795282ms] [INFO] [2026-09-02T03:30:10.206Z] INFO: Sync completed {"duration":1859,"successCount":0,"failureCount":0,"skippedCount":2,"remainingPending":2,"status":"error","diagnostics":{"totalAttempts":11,"successfulSyncs":8,"failedSyncs":0,"averageDuration":1664.125}} @ http://localhost:3000/_next/static/chunks/112__next_dist_1a10hyl._.js:782
[ 5795349ms] [LOG] [Fast Refresh] done in 13ms @ http://localhost:3000/_next/static/chunks/112__next_dist_1a10hyl._.js:782
[ 5800244ms] [LOG] [Fast Refresh] done in 13ms @ http://localhost:3000/_next/static/chunks/112__next_dist_1a10hyl._.js:782
[ 5800383ms] [LOG] [Fast Refresh] done in 13ms @ http://localhost:3000/_next/static/chunks/112__next_dist_1a10hyl._.js:782
[ 5800524ms] [LOG] [Fast Refresh] done in 13ms @ http://localhost:3000/_next/static/chunks/112__next_dist_1a10hyl._.js:782
[ 5800630ms] [LOG] [Fast Refresh] done in 13ms @ http://localhost:3000/_next/static/chunks/112__next_dist_1a10hyl._.js:782
[ 5800679ms] [LOG] [Fast Refresh] done in 13ms @ http://localhost:3000/_next/static/chunks/112__next_dist_1a10hyl._.js:782
[ 5800728ms] [LOG] [Fast Refresh] done in 13ms @ http://localhost:3000/_next/static/chunks/112__next_dist_1a10hyl._.js:782
[ 5800771ms] [LOG] [Fast Refresh] done in 13ms @ http://localhost:3000/_next/static/chunks/112__next_dist_1a10hyl._.js:782
[ 5800824ms] [LOG] [Fast Refresh] done in 13ms @ http://localhost:3000/_next/static/chunks/112__next_dist_1a10hyl._.js:782
[ 5800872ms] [LOG] [Fast Refresh] done in 13ms @ http://localhost:3000/_next/static/chunks/112__next_dist_1a10hyl._.js:782
[ 5800923ms] [LOG] [Fast Refresh] done in 13ms @ http://localhost:3000/_next/static/chunks/112__next_dist_1a10hyl._.js:782
[ 5800968ms] [LOG] [Fast Refresh] done in 13ms @ http://localhost:3000/_next/static/chunks/112__next_dist_1a10hyl._.js:782
[ 5801012ms] [LOG] [Fast Refresh] done in 13ms @ http://localhost:3000/_next/static/chunks/112__next_dist_1a10hyl._.js:782
[ 5801067ms] [LOG] [Fast Refresh] done in 13ms @ http://localhost:3000/_next/static/chunks/112__next_dist_1a10hyl._.js:782
[ 5801139ms] [LOG] [Fast Refresh] done in 13ms @ http://localhost:3000/_next/static/chunks/112__next_dist_1a10hyl._.js:782
[ 5801209ms] [LOG] [Fast Refresh] done in 13ms @ http://localhost:3000/_next/static/chunks/112__next_dist_1a10hyl._.js:782
[ 5801250ms] [LOG] [Fast Refresh] done in 13ms @ http://localhost:3000/_next/static/chunks/112__next_dist_1a10hyl._.js:782
[ 5801345ms] [LOG] [Fast Refresh] done in 13ms @ http://localhost:3000/_next/static/chunks/112__next_dist_1a10hyl._.js:782
[ 5801389ms] [LOG] [Fast Refresh] done in 13ms @ http://localhost:3000/_next/static/chunks/112__next_dist_1a10hyl._.js:782
[ 5801460ms] [LOG] [Fast Refresh] done in 13ms @ http://localhost:3000/_next/static/chunks/112__next_dist_1a10hyl._.js:782
[ 5801525ms] [LOG] [Fast Refresh] done in 13ms @ http://localhost:3000/_next/static/chunks/112__next_dist_1a10hyl._.js:782
[ 5801579ms] [LOG] [Fast Refresh] done in 13ms @ http://localhost:3000/_next/static/chunks/112__next_dist_1a10hyl._.js:782
[ 5801621ms] [LOG] [Fast Refresh] done in 13ms @ http://localhost:3000/_next/static/chunks/112__next_dist_1a10hyl._.js:782
[ 5801668ms] [LOG] [Fast Refresh] done in 13ms @ http://localhost:3000/_next/static/chunks/112__next_dist_1a10hyl._.js:782
[ 5801714ms] [LOG] [Fast Refresh] done in 13ms @ http://localhost:3000/_next/static/chunks/112__next_dist_1a10hyl._.js:782
[ 5801767ms] [LOG] [Fast Refresh] done in 13ms @ http://localhost:3000/_next/static/chunks/112__next_dist_1a10hyl._.js:782
[ 5801868ms] [LOG] [Fast Refresh] done in 13ms @ http://localhost:3000/_next/static/chunks/112__next_dist_1a10hyl._.js:782
[ 5823433ms] [INFO] [2026-09-02T03:30:38.357Z] INFO: Processing pending mutations {"count":2} @ http://localhost:3000/_next/static/chunks/112__next_dist_1a10hyl._.js:782
[ 5823433ms] [WARNING] [2026-09-02T03:30:38.357Z] WARN: Mutation exceeded max retry attempts {"id":"aa1fa5af-c59c-48d4-bdf0-8d0d6b30d542","attempts":5,"entityType":"trip","lastError":"new row violates row-level security policy for table \"trips\""} @ http://localhost:3000/_next/static/chunks/112__next_dist_1a10hyl._.js:782
[ 5823433ms] [WARNING] [2026-09-02T03:30:38.357Z] WARN: Skipping mutation that exceeded max retries {"id":"aa1fa5af-c59c-48d4-bdf0-8d0d6b30d542","attempts":5,"entityType":"trip"} @ http://localhost:3000/_next/static/chunks/112__next_dist_1a10hyl._.js:782
[ 5823434ms] [WARNING] [2026-09-02T03:30:38.357Z] WARN: Mutation exceeded max retry attempts {"id":"bf7070d8-0bd1-4b7a-9e6c-8666ab0ddcb8","attempts":5,"entityType":"tripMember","lastError":"new row violates row-level security policy for table \"trip_members\""} @ http://localhost:3000/_next/static/chunks/112__next_dist_1a10hyl._.js:782
[ 5823434ms] [WARNING] [2026-09-02T03:30:38.357Z] WARN: Skipping mutation that exceeded max retries {"id":"bf7070d8-0bd1-4b7a-9e6c-8666ab0ddcb8","attempts":5,"entityType":"tripMember"} @ http://localhost:3000/_next/static/chunks/112__next_dist_1a10hyl._.js:782
[ 5823666ms] [LOG] [Fast Refresh] done in 13ms @ http://localhost:3000/_next/static/chunks/112__next_dist_1a10hyl._.js:782
[ 5823854ms] [LOG] [Fast Refresh] done in 13ms @ http://localhost:3000/_next/static/chunks/112__next_dist_1a10hyl._.js:782
[ 5824011ms] [LOG] [Fast Refresh] done in 13ms @ http://localhost:3000/_next/static/chunks/112__next_dist_1a10hyl._.js:782
[ 5824158ms] [LOG] [Fast Refresh] done in 13ms @ http://localhost:3000/_next/static/chunks/112__next_dist_1a10hyl._.js:782
[ 5824309ms] [LOG] [Fast Refresh] done in 13ms @ http://localhost:3000/_next/static/chunks/112__next_dist_1a10hyl._.js:782
[ 5824447ms] [LOG] [Fast Refresh] done in 13ms @ http://localhost:3000/_next/static/chunks/112__next_dist_1a10hyl._.js:782
[ 5824592ms] [LOG] [Fast Refresh] done in 13ms @ http://localhost:3000/_next/static/chunks/112__next_dist_1a10hyl._.js:782
[ 5824748ms] [LOG] [Fast Refresh] done in 13ms @ http://localhost:3000/_next/static/chunks/112__next_dist_1a10hyl._.js:782
[ 5824898ms] [LOG] [Fast Refresh] done in 13ms @ http://localhost:3000/_next/static/chunks/112__next_dist_1a10hyl._.js:782
[ 5825042ms] [LOG] [Fast Refresh] done in 13ms @ http://localhost:3000/_next/static/chunks/112__next_dist_1a10hyl._.js:782
[ 5825126ms] [INFO] [2026-09-02T03:30:40.049Z] INFO: Sync completed {"duration":1704,"successCount":0,"failureCount":0,"skippedCount":2,"remainingPending":2,"status":"error","diagnostics":{"totalAttempts":12,"successfulSyncs":9,"failedSyncs":0,"averageDuration":1668.5555555555557}} @ http://localhost:3000/_next/static/chunks/112__next_dist_1a10hyl._.js:782
[ 5825192ms] [LOG] [Fast Refresh] done in 13ms @ http://localhost:3000/_next/static/chunks/112__next_dist_1a10hyl._.js:782
[ 5853427ms] [INFO] [2026-09-02T03:31:08.351Z] INFO: Processing pending mutations {"count":2} @ http://localhost:3000/_next/static/chunks/112__next_dist_1a10hyl._.js:782
[ 5853427ms] [WARNING] [2026-09-02T03:31:08.351Z] WARN: Mutation exceeded max retry attempts {"id":"aa1fa5af-c59c-48d4-bdf0-8d0d6b30d542","attempts":5,"entityType":"trip","lastError":"new row violates row-level security policy for table \"trips\""} @ http://localhost:3000/_next/static/chunks/112__next_dist_1a10hyl._.js:782
[ 5853428ms] [WARNING] [2026-09-02T03:31:08.351Z] WARN: Skipping mutation that exceeded max retries {"id":"aa1fa5af-c59c-48d4-bdf0-8d0d6b30d542","attempts":5,"entityType":"trip"} @ http://localhost:3000/_next/static/chunks/112__next_dist_1a10hyl._.js:782
[ 5853428ms] [WARNING] [2026-09-02T03:31:08.351Z] WARN: Mutation exceeded max retry attempts {"id":"bf7070d8-0bd1-4b7a-9e6c-8666ab0ddcb8","attempts":5,"entityType":"tripMember","lastError":"new row violates row-level security policy for table \"trip_members\""} @ http://localhost:3000/_next/static/chunks/112__next_dist_1a10hyl._.js:782
[ 5853428ms] [WARNING] [2026-09-02T03:31:08.351Z] WARN: Skipping mutation that exceeded max retries {"id":"bf7070d8-0bd1-4b7a-9e6c-8666ab0ddcb8","attempts":5,"entityType":"tripMember"} @ http://localhost:3000/_next/static/chunks/112__next_dist_1a10hyl._.js:782
[ 5853645ms] [LOG] [Fast Refresh] done in 13ms @ http://localhost:3000/_next/static/chunks/112__next_dist_1a10hyl._.js:782
[ 5853807ms] [LOG] [Fast Refresh] done in 13ms @ http://localhost:3000/_next/static/chunks/112__next_dist_1a10hyl._.js:782
[ 5853964ms] [LOG] [Fast Refresh] done in 13ms @ http://localhost:3000/_next/static/chunks/112__next_dist_1a10hyl._.js:782
[ 5854130ms] [LOG] [Fast Refresh] done in 13ms @ http://localhost:3000/_next/static/chunks/112__next_dist_1a10hyl._.js:782
[ 5854277ms] [LOG] [Fast Refresh] done in 13ms @ http://localhost:3000/_next/static/chunks/112__next_dist_1a10hyl._.js:782
[ 5854424ms] [LOG] [Fast Refresh] done in 13ms @ http://localhost:3000/_next/static/chunks/112__next_dist_1a10hyl._.js:782
[ 5854582ms] [LOG] [Fast Refresh] done in 13ms @ http://localhost:3000/_next/static/chunks/112__next_dist_1a10hyl._.js:782
[ 5854733ms] [LOG] [Fast Refresh] done in 13ms @ http://localhost:3000/_next/static/chunks/112__next_dist_1a10hyl._.js:782
[ 5854887ms] [LOG] [Fast Refresh] done in 13ms @ http://localhost:3000/_next/static/chunks/112__next_dist_1a10hyl._.js:782
[ 5855028ms] [LOG] [Fast Refresh] done in 13ms @ http://localhost:3000/_next/static/chunks/112__next_dist_1a10hyl._.js:782
[ 5855114ms] [INFO] [2026-09-02T03:31:10.037Z] INFO: Sync completed {"duration":1690,"successCount":0,"failureCount":0,"skippedCount":2,"remainingPending":2,"status":"error","diagnostics":{"totalAttempts":13,"successfulSyncs":10,"failedSyncs":0,"averageDuration":1670.7}} @ http://localhost:3000/_next/static/chunks/112__next_dist_1a10hyl._.js:782
[ 5855182ms] [LOG] [Fast Refresh] done in 13ms @ http://localhost:3000/_next/static/chunks/112__next_dist_1a10hyl._.js:782
[ 5860304ms] [LOG] [Fast Refresh] done in 13ms @ http://localhost:3000/_next/static/chunks/112__next_dist_1a10hyl._.js:782
[ 5860426ms] [LOG] [Fast Refresh] done in 13ms @ http://localhost:3000/_next/static/chunks/112__next_dist_1a10hyl._.js:782
[ 5860475ms] [LOG] [Fast Refresh] done in 13ms @ http://localhost:3000/_next/static/chunks/112__next_dist_1a10hyl._.js:782
[ 5860574ms] [LOG] [Fast Refresh] done in 13ms @ http://localhost:3000/_next/static/chunks/112__next_dist_1a10hyl._.js:782
[ 5860615ms] [LOG] [Fast Refresh] done in 13ms @ http://localhost:3000/_next/static/chunks/112__next_dist_1a10hyl._.js:782
[ 5860690ms] [LOG] [Fast Refresh] done in 13ms @ http://localhost:3000/_next/static/chunks/112__next_dist_1a10hyl._.js:782
[ 5860746ms] [LOG] [Fast Refresh] done in 13ms @ http://localhost:3000/_next/static/chunks/112__next_dist_1a10hyl._.js:782
[ 5860783ms] [LOG] [Fast Refresh] done in 13ms @ http://localhost:3000/_next/static/chunks/112__next_dist_1a10hyl._.js:782
[ 5860841ms] [LOG] [Fast Refresh] done in 13ms @ http://localhost:3000/_next/static/chunks/112__next_dist_1a10hyl._.js:782
[ 5860878ms] [LOG] [Fast Refresh] done in 13ms @ http://localhost:3000/_next/static/chunks/112__next_dist_1a10hyl._.js:782
[ 5860922ms] [LOG] [Fast Refresh] done in 13ms @ http://localhost:3000/_next/static/chunks/112__next_dist_1a10hyl._.js:782
[ 5860976ms] [LOG] [Fast Refresh] done in 13ms @ http://localhost:3000/_next/static/chunks/112__next_dist_1a10hyl._.js:782
[ 5861018ms] [LOG] [Fast Refresh] done in 13ms @ http://localhost:3000/_next/static/chunks/112__next_dist_1a10hyl._.js:782
[ 5861068ms] [LOG] [Fast Refresh] done in 13ms @ http://localhost:3000/_next/static/chunks/112__next_dist_1a10hyl._.js:782
[ 5861145ms] [LOG] [Fast Refresh] done in 13ms @ http://localhost:3000/_next/static/chunks/112__next_dist_1a10hyl._.js:782
[ 5861197ms] [LOG] [Fast Refresh] done in 13ms @ http://localhost:3000/_next/static/chunks/112__next_dist_1a10hyl._.js:782
[ 5861270ms] [LOG] [Fast Refresh] done in 13ms @ http://localhost:3000/_next/static/chunks/112__next_dist_1a10hyl._.js:782
[ 5861345ms] [LOG] [Fast Refresh] done in 13ms @ http://localhost:3000/_next/static/chunks/112__next_dist_1a10hyl._.js:782
[ 5861389ms] [LOG] [Fast Refresh] done in 13ms @ http://localhost:3000/_next/static/chunks/112__next_dist_1a10hyl._.js:782
[ 5861444ms] [LOG] [Fast Refresh] done in 13ms @ http://localhost:3000/_next/static/chunks/112__next_dist_1a10hyl._.js:782
[ 5861487ms] [LOG] [Fast Refresh] done in 13ms @ http://localhost:3000/_next/static/chunks/112__next_dist_1a10hyl._.js:782
[ 5861540ms] [LOG] [Fast Refresh] done in 13ms @ http://localhost:3000/_next/static/chunks/112__next_dist_1a10hyl._.js:782
[ 5861588ms] [LOG] [Fast Refresh] done in 13ms @ http://localhost:3000/_next/static/chunks/112__next_dist_1a10hyl._.js:782
[ 5861626ms] [LOG] [Fast Refresh] done in 13ms @ http://localhost:3000/_next/static/chunks/112__next_dist_1a10hyl._.js:782
[ 5861681ms] [LOG] [Fast Refresh] done in 13ms @ http://localhost:3000/_next/static/chunks/112__next_dist_1a10hyl._.js:782
[ 5861723ms] [LOG] [Fast Refresh] done in 13ms @ http://localhost:3000/_next/static/chunks/112__next_dist_1a10hyl._.js:782
[ 5861766ms] [LOG] [Fast Refresh] done in 13ms @ http://localhost:3000/_next/static/chunks/112__next_dist_1a10hyl._.js:782
[ 5861865ms] [LOG] [Fast Refresh] done in 13ms @ http://localhost:3000/_next/static/chunks/112__next_dist_1a10hyl._.js:782
[ 5861968ms] [LOG] [Fast Refresh] done in 13ms @ http://localhost:3000/_next/static/chunks/112__next_dist_1a10hyl._.js:782
[ 5883436ms] [INFO] [2026-09-02T03:31:38.359Z] INFO: Processing pending mutations {"count":2} @ http://localhost:3000/_next/static/chunks/112__next_dist_1a10hyl._.js:782
[ 5883436ms] [WARNING] [2026-09-02T03:31:38.359Z] WARN: Mutation exceeded max retry attempts {"id":"aa1fa5af-c59c-48d4-bdf0-8d0d6b30d542","attempts":5,"entityType":"trip","lastError":"new row violates row-level security policy for table \"trips\""} @ http://localhost:3000/_next/static/chunks/112__next_dist_1a10hyl._.js:782
[ 5883436ms] [WARNING] [2026-09-02T03:31:38.359Z] WARN: Skipping mutation that exceeded max retries {"id":"aa1fa5af-c59c-48d4-bdf0-8d0d6b30d542","attempts":5,"entityType":"trip"} @ http://localhost:3000/_next/static/chunks/112__next_dist_1a10hyl._.js:782
[ 5883436ms] [WARNING] [2026-09-02T03:31:38.359Z] WARN: Mutation exceeded max retry attempts {"id":"bf7070d8-0bd1-4b7a-9e6c-8666ab0ddcb8","attempts":5,"entityType":"tripMember","lastError":"new row violates row-level security policy for table \"trip_members\""} @ http://localhost:3000/_next/static/chunks/112__next_dist_1a10hyl._.js:782
[ 5883436ms] [WARNING] [2026-09-02T03:31:38.359Z] WARN: Skipping mutation that exceeded max retries {"id":"bf7070d8-0bd1-4b7a-9e6c-8666ab0ddcb8","attempts":5,"entityType":"tripMember"} @ http://localhost:3000/_next/static/chunks/112__next_dist_1a10hyl._.js:782
[ 5883707ms] [LOG] [Fast Refresh] done in 13ms @ http://localhost:3000/_next/static/chunks/112__next_dist_1a10hyl._.js:782
[ 5883947ms] [LOG] [Fast Refresh] done in 13ms @ http://localhost:3000/_next/static/chunks/112__next_dist_1a10hyl._.js:782
[ 5884099ms] [LOG] [Fast Refresh] done in 13ms @ http://localhost:3000/_next/static/chunks/112__next_dist_1a10hyl._.js:782
[ 5884247ms] [LOG] [Fast Refresh] done in 13ms @ http://localhost:3000/_next/static/chunks/112__next_dist_1a10hyl._.js:782
[ 5884397ms] [LOG] [Fast Refresh] done in 13ms @ http://localhost:3000/_next/static/chunks/112__next_dist_1a10hyl._.js:782
[ 5884548ms] [LOG] [Fast Refresh] done in 13ms @ http://localhost:3000/_next/static/chunks/112__next_dist_1a10hyl._.js:782
[ 5884702ms] [LOG] [Fast Refresh] done in 13ms @ http://localhost:3000/_next/static/chunks/112__next_dist_1a10hyl._.js:782
[ 5884859ms] [LOG] [Fast Refresh] done in 13ms @ http://localhost:3000/_next/static/chunks/112__next_dist_1a10hyl._.js:782
[ 5885007ms] [LOG] [Fast Refresh] done in 13ms @ http://localhost:3000/_next/static/chunks/112__next_dist_1a10hyl._.js:782
[ 5885154ms] [LOG] [Fast Refresh] done in 13ms @ http://localhost:3000/_next/static/chunks/112__next_dist_1a10hyl._.js:782
[ 5885232ms] [INFO] [2026-09-02T03:31:40.156Z] INFO: Sync completed {"duration":1808,"successCount":0,"failureCount":0,"skippedCount":2,"remainingPending":2,"status":"error","diagnostics":{"totalAttempts":14,"successfulSyncs":11,"failedSyncs":0,"averageDuration":1683.1818181818182}} @ http://localhost:3000/_next/static/chunks/112__next_dist_1a10hyl._.js:782
[ 5885297ms] [LOG] [Fast Refresh] done in 13ms @ http://localhost:3000/_next/static/chunks/112__next_dist_1a10hyl._.js:782
[ 5895794ms] [LOG] [Fast Refresh] done in 13ms @ http://localhost:3000/_next/static/chunks/112__next_dist_1a10hyl._.js:782
[ 5896292ms] [LOG] %c Console Ninja extension is connected to Next.js browser, background: rgb(30,30,30); color: rgb(255,213,92) see https://tinyurl.com/2vt8jxzw for more info. @ :0
[ 5896296ms] [INFO] %cDownload the React DevTools for a better development experience: https://react.dev/link/react-devtools font-weight:bold @ http://localhost:3000/_next/static/chunks/112__next_dist_1a10hyl._.js:782
[ 5896311ms] [LOG] [HMR] connected @ http://localhost:3000/_next/static/chunks/112__next_dist_1a10hyl._.js:782
[ 5896361ms] Error: Hydration failed because the server rendered HTML didn't match the client. As a result this tree will be regenerated on the client. This can happen if a SSR-ed Client Component used:

- A server/client branch `if (typeof window !== 'undefined')`.
- Variable input such as `Date.now()` or `Math.random()` which changes each time it's called.
- Date formatting in a user's locale which doesn't match the server.
- External changing data without sending a snapshot of it along with the HTML.
- Invalid HTML tag nesting.

It can also happen if the client has a browser extension installed which messes with the HTML before React loaded.

https://react.dev/link/hydration-mismatch

  ...
    <ErrorBoundary errorComponent={undefined} errorStyles={undefined} errorScripts={undefined}>
      <LoadingBoundary name="/" loading={null}>
        <HTTPAccessFallbackBoundary notFound={{...}} forbidden={undefined} unauthorized={undefined}>
          <HTTPAccessFallbackErrorBoundary pathname="/trips/033..." notFound={{...}} forbidden={undefined} ...>
            <RedirectBoundary>
              <RedirectErrorBoundary router={{...}}>
                <InnerLayoutRouter url="/trips/033..." tree={[...]} params={{}} cacheNode={{rsc:{...}, ...}} ...>
                  <SegmentViewNode type="layout" pagePath="(app)/layo...">
                    <SegmentTrieNode>
                    <script>
                    <script>
                    <script>
                    <script>
                    <script>
                    <script>
                    <script>
                    <script>
                    <AuthenticatedLayout>
                      <SyncProvider userId="94ff7e22-1...">
                        <AppShell userLabel="Aby Garcia">
                          <div className="min-h-dvh ...">
                            <a>
+                           <aside
+                             className="fixed inset-y-0 left-0 hidden w-64 border-r bg-card p-5 lg:flex lg:flex-col"
+                           >
-                           <div
-                             role="status"
-                             className="bg-accent px-4 py-2 text-center text-sm text-accent-foreground"
-                           >
                            ...
                ...
    ...

    at throwOnHydrationMismatch (http://localhost:3000/_next/static/chunks/112__next_dist_compiled_react-dom_0fo5_73._.js:3120:56)
    at beginWork (http://localhost:3000/_next/static/chunks/112__next_dist_compiled_react-dom_0fo5_73._.js:6585:918)
    at runWithFiberInDEV (http://localhost:3000/_next/static/chunks/112__next_dist_compiled_react-dom_0fo5_73._.js:761:74)
    at performUnitOfWork (http://localhost:3000/_next/static/chunks/112__next_dist_compiled_react-dom_0fo5_73._.js:9385:97)
    at workLoopConcurrentByScheduler (http://localhost:3000/_next/static/chunks/112__next_dist_compiled_react-dom_0fo5_73._.js:9381:58)
    at renderRootConcurrent (http://localhost:3000/_next/static/chunks/112__next_dist_compiled_react-dom_0fo5_73._.js:9364:71)
    at performWorkOnRoot (http://localhost:3000/_next/static/chunks/112__next_dist_compiled_react-dom_0fo5_73._.js:8891:150)
    at performWorkOnRootViaSchedulerTask (http://localhost:3000/_next/static/chunks/112__next_dist_compiled_react-dom_0fo5_73._.js:10085:9)
    at MessagePort.performWorkUntilDeadline (http://localhost:3000/_next/static/chunks/112__next_dist_compiled_008ppkl._.js:2647:64)
[ 5896362ms] [INFO] [2026-09-02T03:31:51.285Z] INFO: Starting sync engine @ http://localhost:3000/_next/static/chunks/112__next_dist_1a10hyl._.js:782
[ 5896366ms] [INFO] [2026-09-02T03:31:51.290Z] INFO: Stopping sync engine @ http://localhost:3000/_next/static/chunks/112__next_dist_1a10hyl._.js:782
[ 5896367ms] [INFO] [2026-09-02T03:31:51.290Z] INFO: Starting sync engine @ http://localhost:3000/_next/static/chunks/112__next_dist_1a10hyl._.js:782
[ 5896401ms] [INFO] [2026-09-02T03:31:51.325Z] INFO: Processing pending mutations {"count":2} @ http://localhost:3000/_next/static/chunks/112__next_dist_1a10hyl._.js:782
[ 5896402ms] [WARNING] [2026-09-02T03:31:51.325Z] WARN: Mutation exceeded max retry attempts {"id":"aa1fa5af-c59c-48d4-bdf0-8d0d6b30d542","attempts":5,"entityType":"trip","lastError":"new row violates row-level security policy for table \"trips\""} @ http://localhost:3000/_next/static/chunks/112__next_dist_1a10hyl._.js:782
[ 5896402ms] [WARNING] [2026-09-02T03:31:51.325Z] WARN: Skipping mutation that exceeded max retries {"id":"aa1fa5af-c59c-48d4-bdf0-8d0d6b30d542","attempts":5,"entityType":"trip"} @ http://localhost:3000/_next/static/chunks/112__next_dist_1a10hyl._.js:782
[ 5896402ms] [WARNING] [2026-09-02T03:31:51.325Z] WARN: Mutation exceeded max retry attempts {"id":"bf7070d8-0bd1-4b7a-9e6c-8666ab0ddcb8","attempts":5,"entityType":"tripMember","lastError":"new row violates row-level security policy for table \"trip_members\""} @ http://localhost:3000/_next/static/chunks/112__next_dist_1a10hyl._.js:782
[ 5896402ms] [WARNING] [2026-09-02T03:31:51.325Z] WARN: Skipping mutation that exceeded max retries {"id":"bf7070d8-0bd1-4b7a-9e6c-8666ab0ddcb8","attempts":5,"entityType":"tripMember"} @ http://localhost:3000/_next/static/chunks/112__next_dist_1a10hyl._.js:782
[ 5897788ms] [INFO] [2026-09-02T03:31:52.711Z] INFO: Sync completed {"duration":1425,"successCount":0,"failureCount":0,"skippedCount":2,"remainingPending":6,"status":"error","diagnostics":{"totalAttempts":1,"successfulSyncs":1,"failedSyncs":0,"averageDuration":1425}} @ http://localhost:3000/_next/static/chunks/112__next_dist_1a10hyl._.js:782
[ 5944719ms] [LOG] [Fast Refresh] rebuilding @ http://localhost:3000/_next/static/chunks/112__next_dist_1a10hyl._.js:782
[ 5944726ms] [ERROR] %o

%s ReferenceError: useRef is not defined
    at TripFormDialog (http://localhost:3000/_next/static/chunks/_20svfoh._.js?id=%255Bproject%255D/features/trips/components/trip-dashboard.tsx+%255Bapp-client%255D+(ecmascript):466:27)
    at Object.react_stack_bottom_frame (http://localhost:3000/_next/static/chunks/112__next_dist_compiled_react-dom_0fo5_73._.js:14894:24)
    at renderWithHooks (http://localhost:3000/_next/static/chunks/112__next_dist_compiled_react-dom_0fo5_73._.js:4425:24)
    at updateFunctionComponent (http://localhost:3000/_next/static/chunks/112__next_dist_compiled_react-dom_0fo5_73._.js:5892:21)
    at beginWork (http://localhost:3000/_next/static/chunks/112__next_dist_compiled_react-dom_0fo5_73._.js:6518:24)
    at runWithFiberInDEV (http://localhost:3000/_next/static/chunks/112__next_dist_compiled_react-dom_0fo5_73._.js:761:74)
    at performUnitOfWork (http://localhost:3000/_next/static/chunks/112__next_dist_compiled_react-dom_0fo5_73._.js:9385:97)
    at workLoopSync (http://localhost:3000/_next/static/chunks/112__next_dist_compiled_react-dom_0fo5_73._.js:9279:40)
    at renderRootSync (http://localhost:3000/_next/static/chunks/112__next_dist_compiled_react-dom_0fo5_73._.js:9263:13)
    at performWorkOnRoot (http://localhost:3000/_next/static/chunks/112__next_dist_compiled_react-dom_0fo5_73._.js:8928:47)
    at performSyncWorkOnRoot (http://localhost:3000/_next/static/chunks/112__next_dist_compiled_react-dom_0fo5_73._.js:10093:9)
    at flushSyncWorkAcrossRoots_impl (http://localhost:3000/_next/static/chunks/112__next_dist_compiled_react-dom_0fo5_73._.js:10009:316)
    at flushSyncWork$1 (http://localhost:3000/_next/static/chunks/112__next_dist_compiled_react-dom_0fo5_73._.js:9060:86)
    at Object.scheduleRefresh (http://localhost:3000/_next/static/chunks/112__next_dist_compiled_react-dom_0fo5_73._.js:82:13)
    at http://localhost:3000/_next/static/chunks/112__next_dist_compiled_008ppkl._.js:589:33
    at Set.forEach (<anonymous>)
    at Object.performReactRefresh (http://localhost:3000/_next/static/chunks/112__next_dist_compiled_008ppkl._.js:582:38)
    at applyUpdate (http://localhost:3000/_next/static/chunks/112__next_dist_compiled_008ppkl._.js:137:31)
    at http://localhost:3000/_next/static/chunks/112__next_dist_compiled_008ppkl._.js:145:13 The above error occurred in the <TripFormDialog> component. It was handled by the <ErrorBoundary> error boundary. @ :0
[ 5944728ms] [ERROR] [2026-09-02T03:32:39.650Z] ERROR: React Error Boundary caught an error {"componentStack":"\n    at TripFormDialog (http://localhost:3000/_next/static/chunks/_20svfoh._.js?id=%255Bproject%255D/features/trips/components/trip-dashboard.tsx+%255Bapp-client%255D+(ecmascript):458:27)\n    at div (<anonymous>)\n    at TripWorkspace (http://localhost:3000/_next/static/chunks/_20svfoh._.js:5722:26)\n    at TripPage (about://React/Server/file:///Users/abimael.garcia/Desktop/MyProjects/viatik/.next/dev/server/chunks/ssr/%5Broot-of-the-server%5D__0_8xdda._.js?5:27:161)\n    at SegmentViewNode (http:/... [TRUNCATED]"} ReferenceError: useRef is not defined @ :0
[ 5944728ms] [INFO] [2026-09-02T03:32:39.652Z] INFO: Stopping sync engine @ http://localhost:3000/_next/static/chunks/112__next_dist_1a10hyl._.js:782
[ 5944895ms] [LOG] [Fast Refresh] done in 146ms @ http://localhost:3000/_next/static/chunks/112__next_dist_1a10hyl._.js:782
[ 5945026ms] [LOG] [Fast Refresh] done in 146ms @ http://localhost:3000/_next/static/chunks/112__next_dist_1a10hyl._.js:782
[ 5945146ms] [LOG] [Fast Refresh] done in 146ms @ http://localhost:3000/_next/static/chunks/112__next_dist_1a10hyl._.js:782
[ 5945235ms] [LOG] [Fast Refresh] done in 146ms @ http://localhost:3000/_next/static/chunks/112__next_dist_1a10hyl._.js:782
[ 5945386ms] [LOG] [Fast Refresh] done in 146ms @ http://localhost:3000/_next/static/chunks/112__next_dist_1a10hyl._.js:782
[ 5945526ms] [LOG] [Fast Refresh] done in 146ms @ http://localhost:3000/_next/static/chunks/112__next_dist_1a10hyl._.js:782
[ 5947235ms] [LOG] [Fast Refresh] done in 146ms @ http://localhost:3000/_next/static/chunks/112__next_dist_1a10hyl._.js:782
[ 5947369ms] [LOG] [Fast Refresh] done in 146ms @ http://localhost:3000/_next/static/chunks/112__next_dist_1a10hyl._.js:782
[ 5947500ms] [LOG] [Fast Refresh] done in 146ms @ http://localhost:3000/_next/static/chunks/112__next_dist_1a10hyl._.js:782
[ 5947605ms] [LOG] [Fast Refresh] done in 146ms @ http://localhost:3000/_next/static/chunks/112__next_dist_1a10hyl._.js:782
[ 5947646ms] [LOG] [Fast Refresh] done in 146ms @ http://localhost:3000/_next/static/chunks/112__next_dist_1a10hyl._.js:782
[ 5947740ms] [LOG] [Fast Refresh] done in 146ms @ http://localhost:3000/_next/static/chunks/112__next_dist_1a10hyl._.js:782
[ 5947786ms] [LOG] [Fast Refresh] done in 146ms @ http://localhost:3000/_next/static/chunks/112__next_dist_1a10hyl._.js:782
[ 5947840ms] [LOG] [Fast Refresh] done in 146ms @ http://localhost:3000/_next/static/chunks/112__next_dist_1a10hyl._.js:782
[ 5947882ms] [LOG] [Fast Refresh] done in 146ms @ http://localhost:3000/_next/static/chunks/112__next_dist_1a10hyl._.js:782
[ 5947925ms] [LOG] [Fast Refresh] done in 146ms @ http://localhost:3000/_next/static/chunks/112__next_dist_1a10hyl._.js:782
[ 5947986ms] [LOG] [Fast Refresh] done in 146ms @ http://localhost:3000/_next/static/chunks/112__next_dist_1a10hyl._.js:782
[ 5948026ms] [LOG] [Fast Refresh] done in 146ms @ http://localhost:3000/_next/static/chunks/112__next_dist_1a10hyl._.js:782
[ 5948071ms] [LOG] [Fast Refresh] done in 146ms @ http://localhost:3000/_next/static/chunks/112__next_dist_1a10hyl._.js:782
[ 5948117ms] [LOG] [Fast Refresh] done in 146ms @ http://localhost:3000/_next/static/chunks/112__next_dist_1a10hyl._.js:782
[ 5948184ms] [LOG] [Fast Refresh] done in 146ms @ http://localhost:3000/_next/static/chunks/112__next_dist_1a10hyl._.js:782
[ 5948272ms] [LOG] [Fast Refresh] done in 146ms @ http://localhost:3000/_next/static/chunks/112__next_dist_1a10hyl._.js:782
[ 5948320ms] [LOG] [Fast Refresh] done in 146ms @ http://localhost:3000/_next/static/chunks/112__next_dist_1a10hyl._.js:782
[ 5948362ms] [LOG] [Fast Refresh] done in 146ms @ http://localhost:3000/_next/static/chunks/112__next_dist_1a10hyl._.js:782
[ 5948415ms] [LOG] [Fast Refresh] done in 146ms @ http://localhost:3000/_next/static/chunks/112__next_dist_1a10hyl._.js:782
[ 5948454ms] [LOG] [Fast Refresh] done in 146ms @ http://localhost:3000/_next/static/chunks/112__next_dist_1a10hyl._.js:782
[ 5948496ms] [LOG] [Fast Refresh] done in 146ms @ http://localhost:3000/_next/static/chunks/112__next_dist_1a10hyl._.js:782
[ 5948552ms] [LOG] [Fast Refresh] done in 146ms @ http://localhost:3000/_next/static/chunks/112__next_dist_1a10hyl._.js:782
[ 5948595ms] [LOG] [Fast Refresh] done in 146ms @ http://localhost:3000/_next/static/chunks/112__next_dist_1a10hyl._.js:782
[ 5948637ms] [LOG] [Fast Refresh] done in 146ms @ http://localhost:3000/_next/static/chunks/112__next_dist_1a10hyl._.js:782
[ 5948688ms] [LOG] [Fast Refresh] done in 146ms @ http://localhost:3000/_next/static/chunks/112__next_dist_1a10hyl._.js:782
[ 5948728ms] [LOG] [Fast Refresh] done in 146ms @ http://localhost:3000/_next/static/chunks/112__next_dist_1a10hyl._.js:782
[ 5948833ms] [LOG] [Fast Refresh] done in 146ms @ http://localhost:3000/_next/static/chunks/112__next_dist_1a10hyl._.js:782
[ 5951711ms] [LOG] [Fast Refresh] rebuilding @ http://localhost:3000/_next/static/chunks/112__next_dist_1a10hyl._.js:782
[ 5951725ms] [INFO] [2026-09-02T03:32:46.648Z] INFO: Starting sync engine @ http://localhost:3000/_next/static/chunks/112__next_dist_1a10hyl._.js:782
[ 5951727ms] [INFO] [2026-09-02T03:32:46.651Z] INFO: Stopping sync engine @ http://localhost:3000/_next/static/chunks/112__next_dist_1a10hyl._.js:782
[ 5951728ms] [INFO] [2026-09-02T03:32:46.651Z] INFO: Starting sync engine @ http://localhost:3000/_next/static/chunks/112__next_dist_1a10hyl._.js:782
[ 5951743ms] [INFO] [2026-09-02T03:32:46.666Z] INFO: Processing pending mutations {"count":2} @ http://localhost:3000/_next/static/chunks/112__next_dist_1a10hyl._.js:782
[ 5951743ms] [WARNING] [2026-09-02T03:32:46.667Z] WARN: Mutation exceeded max retry attempts {"id":"aa1fa5af-c59c-48d4-bdf0-8d0d6b30d542","attempts":5,"entityType":"trip","lastError":"new row violates row-level security policy for table \"trips\""} @ http://localhost:3000/_next/static/chunks/112__next_dist_1a10hyl._.js:782
[ 5951743ms] [WARNING] [2026-09-02T03:32:46.667Z] WARN: Skipping mutation that exceeded max retries {"id":"aa1fa5af-c59c-48d4-bdf0-8d0d6b30d542","attempts":5,"entityType":"trip"} @ http://localhost:3000/_next/static/chunks/112__next_dist_1a10hyl._.js:782
[ 5951743ms] [WARNING] [2026-09-02T03:32:46.667Z] WARN: Mutation exceeded max retry attempts {"id":"bf7070d8-0bd1-4b7a-9e6c-8666ab0ddcb8","attempts":5,"entityType":"tripMember","lastError":"new row violates row-level security policy for table \"trip_members\""} @ http://localhost:3000/_next/static/chunks/112__next_dist_1a10hyl._.js:782
[ 5951743ms] [WARNING] [2026-09-02T03:32:46.667Z] WARN: Skipping mutation that exceeded max retries {"id":"bf7070d8-0bd1-4b7a-9e6c-8666ab0ddcb8","attempts":5,"entityType":"tripMember"} @ http://localhost:3000/_next/static/chunks/112__next_dist_1a10hyl._.js:782
[ 5951759ms] [LOG] [Fast Refresh] done in 13ms @ http://localhost:3000/_next/static/chunks/112__next_dist_1a10hyl._.js:782
[ 5951894ms] [ERROR] %o

%s ReferenceError: coverInputRef is not defined
    at TripFormDialog (http://localhost:3000/_next/static/chunks/_20svfoh._.js?id=%255Bproject%255D/features/trips/components/trip-dashboard.tsx+%255Bapp-client%255D+(ecmascript):835:42)
    at Object.react_stack_bottom_frame (http://localhost:3000/_next/static/chunks/112__next_dist_compiled_react-dom_0fo5_73._.js:14894:24)
    at renderWithHooks (http://localhost:3000/_next/static/chunks/112__next_dist_compiled_react-dom_0fo5_73._.js:4425:24)
    at updateFunctionComponent (http://localhost:3000/_next/static/chunks/112__next_dist_compiled_react-dom_0fo5_73._.js:5892:21)
    at beginWork (http://localhost:3000/_next/static/chunks/112__next_dist_compiled_react-dom_0fo5_73._.js:6518:24)
    at runWithFiberInDEV (http://localhost:3000/_next/static/chunks/112__next_dist_compiled_react-dom_0fo5_73._.js:761:74)
    at performUnitOfWork (http://localhost:3000/_next/static/chunks/112__next_dist_compiled_react-dom_0fo5_73._.js:9385:97)
    at workLoopSync (http://localhost:3000/_next/static/chunks/112__next_dist_compiled_react-dom_0fo5_73._.js:9279:40)
    at renderRootSync (http://localhost:3000/_next/static/chunks/112__next_dist_compiled_react-dom_0fo5_73._.js:9263:13)
    at performWorkOnRoot (http://localhost:3000/_next/static/chunks/112__next_dist_compiled_react-dom_0fo5_73._.js:8928:47)
    at performWorkOnRootViaSchedulerTask (http://localhost:3000/_next/static/chunks/112__next_dist_compiled_react-dom_0fo5_73._.js:10085:9)
    at MessagePort.performWorkUntilDeadline (http://localhost:3000/_next/static/chunks/112__next_dist_compiled_008ppkl._.js:2647:64) The above error occurred in the <TripFormDialog> component. It was handled by the <ErrorBoundary> error boundary. @ :0
[ 5951895ms] [ERROR] [2026-09-02T03:32:46.817Z] ERROR: React Error Boundary caught an error {"componentStack":"\n    at TripFormDialog (http://localhost:3000/_next/static/chunks/_20svfoh._.js?id=%255Bproject%255D/features/trips/components/trip-dashboard.tsx+%255Bapp-client%255D+(ecmascript):458:27)\n    at div (<anonymous>)\n    at TripWorkspace (http://localhost:3000/_next/static/chunks/_20svfoh._.js:5722:26)\n    at TripPage (about://React/Server/file:///Users/abimael.garcia/Desktop/MyProjects/viatik/.next/dev/server/chunks/ssr/%5Broot-of-the-server%5D__0_8xdda._.js?5:27:161)\n    at SegmentViewNode (http:/... [TRUNCATED]"} ReferenceError: coverInputRef is not defined @ :0
[ 5951896ms] [INFO] [2026-09-02T03:32:46.819Z] INFO: Stopping sync engine @ http://localhost:3000/_next/static/chunks/112__next_dist_1a10hyl._.js:782
[ 5951897ms] [LOG] [Fast Refresh] done in 13ms @ http://localhost:3000/_next/static/chunks/112__next_dist_1a10hyl._.js:782
[ 5953390ms] [INFO] [2026-09-02T03:32:48.314Z] INFO: Sync completed {"duration":1663,"successCount":0,"failureCount":0,"skippedCount":2,"remainingPending":6,"status":"error","diagnostics":{"totalAttempts":4,"successfulSyncs":2,"failedSyncs":0,"averageDuration":1544}} @ http://localhost:3000/_next/static/chunks/112__next_dist_1a10hyl._.js:782
[ 5963651ms] [LOG] [Fast Refresh] rebuilding @ http://localhost:3000/_next/static/chunks/112__next_dist_1a10hyl._.js:782
[ 5963667ms] [INFO] [2026-09-02T03:32:58.590Z] INFO: Starting sync engine @ http://localhost:3000/_next/static/chunks/112__next_dist_1a10hyl._.js:782
[ 5963669ms] [INFO] [2026-09-02T03:32:58.592Z] INFO: Stopping sync engine @ http://localhost:3000/_next/static/chunks/112__next_dist_1a10hyl._.js:782
[ 5963669ms] [INFO] [2026-09-02T03:32:58.593Z] INFO: Starting sync engine @ http://localhost:3000/_next/static/chunks/112__next_dist_1a10hyl._.js:782
[ 5963685ms] [INFO] [2026-09-02T03:32:58.609Z] INFO: Processing pending mutations {"count":2} @ http://localhost:3000/_next/static/chunks/112__next_dist_1a10hyl._.js:782
[ 5963685ms] [WARNING] [2026-09-02T03:32:58.609Z] WARN: Mutation exceeded max retry attempts {"id":"aa1fa5af-c59c-48d4-bdf0-8d0d6b30d542","attempts":5,"entityType":"trip","lastError":"new row violates row-level security policy for table \"trips\""} @ http://localhost:3000/_next/static/chunks/112__next_dist_1a10hyl._.js:782
[ 5963685ms] [WARNING] [2026-09-02T03:32:58.609Z] WARN: Skipping mutation that exceeded max retries {"id":"aa1fa5af-c59c-48d4-bdf0-8d0d6b30d542","attempts":5,"entityType":"trip"} @ http://localhost:3000/_next/static/chunks/112__next_dist_1a10hyl._.js:782
[ 5963685ms] [WARNING] [2026-09-02T03:32:58.609Z] WARN: Mutation exceeded max retry attempts {"id":"bf7070d8-0bd1-4b7a-9e6c-8666ab0ddcb8","attempts":5,"entityType":"tripMember","lastError":"new row violates row-level security policy for table \"trip_members\""} @ http://localhost:3000/_next/static/chunks/112__next_dist_1a10hyl._.js:782
[ 5963685ms] [WARNING] [2026-09-02T03:32:58.609Z] WARN: Skipping mutation that exceeded max retries {"id":"bf7070d8-0bd1-4b7a-9e6c-8666ab0ddcb8","attempts":5,"entityType":"tripMember"} @ http://localhost:3000/_next/static/chunks/112__next_dist_1a10hyl._.js:782
[ 5963704ms] [LOG] [Fast Refresh] done in 15ms @ http://localhost:3000/_next/static/chunks/112__next_dist_1a10hyl._.js:782
[ 5963827ms] [ERROR] %o

%s ReferenceError: coverInputRef is not defined
    at TripFormDialog (http://localhost:3000/_next/static/chunks/_20svfoh._.js?id=%255Bproject%255D/features/trips/components/trip-dashboard.tsx+%255Bapp-client%255D+(ecmascript):834:42)
    at Object.react_stack_bottom_frame (http://localhost:3000/_next/static/chunks/112__next_dist_compiled_react-dom_0fo5_73._.js:14894:24)
    at renderWithHooks (http://localhost:3000/_next/static/chunks/112__next_dist_compiled_react-dom_0fo5_73._.js:4425:24)
    at updateFunctionComponent (http://localhost:3000/_next/static/chunks/112__next_dist_compiled_react-dom_0fo5_73._.js:5892:21)
    at beginWork (http://localhost:3000/_next/static/chunks/112__next_dist_compiled_react-dom_0fo5_73._.js:6518:24)
    at runWithFiberInDEV (http://localhost:3000/_next/static/chunks/112__next_dist_compiled_react-dom_0fo5_73._.js:761:74)
    at performUnitOfWork (http://localhost:3000/_next/static/chunks/112__next_dist_compiled_react-dom_0fo5_73._.js:9385:97)
    at workLoopSync (http://localhost:3000/_next/static/chunks/112__next_dist_compiled_react-dom_0fo5_73._.js:9279:40)
    at renderRootSync (http://localhost:3000/_next/static/chunks/112__next_dist_compiled_react-dom_0fo5_73._.js:9263:13)
    at performWorkOnRoot (http://localhost:3000/_next/static/chunks/112__next_dist_compiled_react-dom_0fo5_73._.js:8928:47)
    at performWorkOnRootViaSchedulerTask (http://localhost:3000/_next/static/chunks/112__next_dist_compiled_react-dom_0fo5_73._.js:10085:9)
    at MessagePort.performWorkUntilDeadline (http://localhost:3000/_next/static/chunks/112__next_dist_compiled_008ppkl._.js:2647:64) The above error occurred in the <TripFormDialog> component. It was handled by the <ErrorBoundary> error boundary. @ :0
[ 5963828ms] [ERROR] [2026-09-02T03:32:58.751Z] ERROR: React Error Boundary caught an error {"componentStack":"\n    at TripFormDialog (http://localhost:3000/_next/static/chunks/_20svfoh._.js?id=%255Bproject%255D/features/trips/components/trip-dashboard.tsx+%255Bapp-client%255D+(ecmascript):458:27)\n    at div (<anonymous>)\n    at TripWorkspace (http://localhost:3000/_next/static/chunks/_20svfoh._.js:5722:26)\n    at TripPage (about://React/Server/file:///Users/abimael.garcia/Desktop/MyProjects/viatik/.next/dev/server/chunks/ssr/%5Broot-of-the-server%5D__0_8xdda._.js?5:27:161)\n    at SegmentViewNode (http:/... [TRUNCATED]"} ReferenceError: coverInputRef is not defined @ :0
[ 5963830ms] [INFO] [2026-09-02T03:32:58.753Z] INFO: Stopping sync engine @ http://localhost:3000/_next/static/chunks/112__next_dist_1a10hyl._.js:782
[ 5965421ms] [INFO] [2026-09-02T03:33:00.344Z] INFO: Sync completed {"duration":1753,"successCount":0,"failureCount":0,"skippedCount":2,"remainingPending":6,"status":"error","diagnostics":{"totalAttempts":6,"successfulSyncs":3,"failedSyncs":0,"averageDuration":1613.6666666666667}} @ http://localhost:3000/_next/static/chunks/112__next_dist_1a10hyl._.js:782
[ 5971501ms] [LOG] [Fast Refresh] rebuilding @ http://localhost:3000/_next/static/chunks/112__next_dist_1a10hyl._.js:782
[ 5971514ms] [INFO] [2026-09-02T03:33:06.438Z] INFO: Starting sync engine @ http://localhost:3000/_next/static/chunks/112__next_dist_1a10hyl._.js:782
[ 5971517ms] [INFO] [2026-09-02T03:33:06.440Z] INFO: Stopping sync engine @ http://localhost:3000/_next/static/chunks/112__next_dist_1a10hyl._.js:782
[ 5971517ms] [INFO] [2026-09-02T03:33:06.441Z] INFO: Starting sync engine @ http://localhost:3000/_next/static/chunks/112__next_dist_1a10hyl._.js:782
[ 5971538ms] [INFO] [2026-09-02T03:33:06.461Z] INFO: Processing pending mutations {"count":2} @ http://localhost:3000/_next/static/chunks/112__next_dist_1a10hyl._.js:782
[ 5971538ms] [WARNING] [2026-09-02T03:33:06.461Z] WARN: Mutation exceeded max retry attempts {"id":"aa1fa5af-c59c-48d4-bdf0-8d0d6b30d542","attempts":5,"entityType":"trip","lastError":"new row violates row-level security policy for table \"trips\""} @ http://localhost:3000/_next/static/chunks/112__next_dist_1a10hyl._.js:782
[ 5971538ms] [WARNING] [2026-09-02T03:33:06.461Z] WARN: Skipping mutation that exceeded max retries {"id":"aa1fa5af-c59c-48d4-bdf0-8d0d6b30d542","attempts":5,"entityType":"trip"} @ http://localhost:3000/_next/static/chunks/112__next_dist_1a10hyl._.js:782
[ 5971538ms] [WARNING] [2026-09-02T03:33:06.461Z] WARN: Mutation exceeded max retry attempts {"id":"bf7070d8-0bd1-4b7a-9e6c-8666ab0ddcb8","attempts":5,"entityType":"tripMember","lastError":"new row violates row-level security policy for table \"trip_members\""} @ http://localhost:3000/_next/static/chunks/112__next_dist_1a10hyl._.js:782
[ 5971538ms] [WARNING] [2026-09-02T03:33:06.461Z] WARN: Skipping mutation that exceeded max retries {"id":"bf7070d8-0bd1-4b7a-9e6c-8666ab0ddcb8","attempts":5,"entityType":"tripMember"} @ http://localhost:3000/_next/static/chunks/112__next_dist_1a10hyl._.js:782
[ 5971542ms] [LOG] [Fast Refresh] done in 12ms @ http://localhost:3000/_next/static/chunks/112__next_dist_1a10hyl._.js:782
[ 5973193ms] [INFO] [2026-09-02T03:33:08.116Z] INFO: Sync completed {"duration":1677,"successCount":0,"failureCount":0,"skippedCount":2,"remainingPending":2,"status":"error","diagnostics":{"totalAttempts":8,"successfulSyncs":4,"failedSyncs":0,"averageDuration":1629.5}} @ http://localhost:3000/_next/static/chunks/112__next_dist_1a10hyl._.js:782
[ 5973196ms] [INFO] [2026-09-02T03:33:08.119Z] INFO: Processing pending mutations {"count":2} @ http://localhost:3000/_next/static/chunks/112__next_dist_1a10hyl._.js:782
[ 5973196ms] [WARNING] [2026-09-02T03:33:08.120Z] WARN: Mutation exceeded max retry attempts {"id":"aa1fa5af-c59c-48d4-bdf0-8d0d6b30d542","attempts":5,"entityType":"trip","lastError":"new row violates row-level security policy for table \"trips\""} @ http://localhost:3000/_next/static/chunks/112__next_dist_1a10hyl._.js:782
[ 5973196ms] [WARNING] [2026-09-02T03:33:08.120Z] WARN: Skipping mutation that exceeded max retries {"id":"aa1fa5af-c59c-48d4-bdf0-8d0d6b30d542","attempts":5,"entityType":"trip"} @ http://localhost:3000/_next/static/chunks/112__next_dist_1a10hyl._.js:782
[ 5973196ms] [WARNING] [2026-09-02T03:33:08.120Z] WARN: Mutation exceeded max retry attempts {"id":"bf7070d8-0bd1-4b7a-9e6c-8666ab0ddcb8","attempts":5,"entityType":"tripMember","lastError":"new row violates row-level security policy for table \"trip_members\""} @ http://localhost:3000/_next/static/chunks/112__next_dist_1a10hyl._.js:782
[ 5973196ms] [WARNING] [2026-09-02T03:33:08.120Z] WARN: Skipping mutation that exceeded max retries {"id":"bf7070d8-0bd1-4b7a-9e6c-8666ab0ddcb8","attempts":5,"entityType":"tripMember"} @ http://localhost:3000/_next/static/chunks/112__next_dist_1a10hyl._.js:782
[ 5974809ms] [INFO] [2026-09-02T03:33:09.732Z] INFO: Sync completed {"duration":1616,"successCount":0,"failureCount":0,"skippedCount":2,"remainingPending":2,"status":"error","diagnostics":{"totalAttempts":9,"successfulSyncs":5,"failedSyncs":0,"averageDuration":1626.8}} @ http://localhost:3000/_next/static/chunks/112__next_dist_1a10hyl._.js:782
[ 5979552ms] [LOG] [Fast Refresh] rebuilding @ http://localhost:3000/_next/static/chunks/112__next_dist_1a10hyl._.js:782
[ 5979595ms] [LOG] [Fast Refresh] done in 13ms @ http://localhost:3000/_next/static/chunks/112__next_dist_1a10hyl._.js:782
[ 5979765ms] [LOG] [Fast Refresh] done in 13ms @ http://localhost:3000/_next/static/chunks/112__next_dist_1a10hyl._.js:782
[ 5979904ms] [LOG] [Fast Refresh] done in 13ms @ http://localhost:3000/_next/static/chunks/112__next_dist_1a10hyl._.js:782
[ 5980045ms] [LOG] [Fast Refresh] done in 13ms @ http://localhost:3000/_next/static/chunks/112__next_dist_1a10hyl._.js:782
[ 5980258ms] [LOG] [Fast Refresh] done in 13ms @ http://localhost:3000/_next/static/chunks/112__next_dist_1a10hyl._.js:782
[ 5980379ms] [LOG] [Fast Refresh] done in 13ms @ http://localhost:3000/_next/static/chunks/112__next_dist_1a10hyl._.js:782
[ 5980539ms] [LOG] [Fast Refresh] done in 13ms @ http://localhost:3000/_next/static/chunks/112__next_dist_1a10hyl._.js:782
[ 5980669ms] [LOG] [Fast Refresh] done in 13ms @ http://localhost:3000/_next/static/chunks/112__next_dist_1a10hyl._.js:782
[ 5980733ms] [LOG] [Fast Refresh] done in 13ms @ http://localhost:3000/_next/static/chunks/112__next_dist_1a10hyl._.js:782
[ 5980786ms] [LOG] [Fast Refresh] done in 13ms @ http://localhost:3000/_next/static/chunks/112__next_dist_1a10hyl._.js:782
[ 5980831ms] [LOG] [Fast Refresh] done in 13ms @ http://localhost:3000/_next/static/chunks/112__next_dist_1a10hyl._.js:782
[ 5980881ms] [LOG] [Fast Refresh] done in 13ms @ http://localhost:3000/_next/static/chunks/112__next_dist_1a10hyl._.js:782
[ 5980935ms] [LOG] [Fast Refresh] done in 13ms @ http://localhost:3000/_next/static/chunks/112__next_dist_1a10hyl._.js:782
[ 5980982ms] [LOG] [Fast Refresh] done in 13ms @ http://localhost:3000/_next/static/chunks/112__next_dist_1a10hyl._.js:782
[ 5981031ms] [LOG] [Fast Refresh] done in 13ms @ http://localhost:3000/_next/static/chunks/112__next_dist_1a10hyl._.js:782
[ 5981077ms] [LOG] [Fast Refresh] done in 13ms @ http://localhost:3000/_next/static/chunks/112__next_dist_1a10hyl._.js:782
[ 5981150ms] [LOG] [Fast Refresh] done in 13ms @ http://localhost:3000/_next/static/chunks/112__next_dist_1a10hyl._.js:782
[ 5981216ms] [LOG] [Fast Refresh] done in 13ms @ http://localhost:3000/_next/static/chunks/112__next_dist_1a10hyl._.js:782
[ 5981259ms] [LOG] [Fast Refresh] done in 13ms @ http://localhost:3000/_next/static/chunks/112__next_dist_1a10hyl._.js:782
[ 5981314ms] [LOG] [Fast Refresh] done in 13ms @ http://localhost:3000/_next/static/chunks/112__next_dist_1a10hyl._.js:782
[ 5981357ms] [LOG] [Fast Refresh] done in 13ms @ http://localhost:3000/_next/static/chunks/112__next_dist_1a10hyl._.js:782
[ 5981398ms] [LOG] [Fast Refresh] done in 13ms @ http://localhost:3000/_next/static/chunks/112__next_dist_1a10hyl._.js:782
[ 5981452ms] [LOG] [Fast Refresh] done in 13ms @ http://localhost:3000/_next/static/chunks/112__next_dist_1a10hyl._.js:782
[ 5981494ms] [LOG] [Fast Refresh] done in 13ms @ http://localhost:3000/_next/static/chunks/112__next_dist_1a10hyl._.js:782
[ 5981539ms] [LOG] [Fast Refresh] done in 13ms @ http://localhost:3000/_next/static/chunks/112__next_dist_1a10hyl._.js:782
[ 5981590ms] [LOG] [Fast Refresh] done in 13ms @ http://localhost:3000/_next/static/chunks/112__next_dist_1a10hyl._.js:782
[ 5981632ms] [LOG] [Fast Refresh] done in 13ms @ http://localhost:3000/_next/static/chunks/112__next_dist_1a10hyl._.js:782
[ 5981702ms] [LOG] [Fast Refresh] done in 13ms @ http://localhost:3000/_next/static/chunks/112__next_dist_1a10hyl._.js:782
[ 5981786ms] [LOG] [Fast Refresh] done in 13ms @ http://localhost:3000/_next/static/chunks/112__next_dist_1a10hyl._.js:782
[ 5981901ms] [LOG] [Fast Refresh] done in 13ms @ http://localhost:3000/_next/static/chunks/112__next_dist_1a10hyl._.js:782
[ 6001533ms] [INFO] [2026-09-02T03:33:36.456Z] INFO: Processing pending mutations {"count":2} @ http://localhost:3000/_next/static/chunks/112__next_dist_1a10hyl._.js:782
[ 6001533ms] [WARNING] [2026-09-02T03:33:36.456Z] WARN: Mutation exceeded max retry attempts {"id":"aa1fa5af-c59c-48d4-bdf0-8d0d6b30d542","attempts":5,"entityType":"trip","lastError":"new row violates row-level security policy for table \"trips\""} @ http://localhost:3000/_next/static/chunks/112__next_dist_1a10hyl._.js:782
[ 6001533ms] [WARNING] [2026-09-02T03:33:36.456Z] WARN: Skipping mutation that exceeded max retries {"id":"aa1fa5af-c59c-48d4-bdf0-8d0d6b30d542","attempts":5,"entityType":"trip"} @ http://localhost:3000/_next/static/chunks/112__next_dist_1a10hyl._.js:782
[ 6001533ms] [WARNING] [2026-09-02T03:33:36.456Z] WARN: Mutation exceeded max retry attempts {"id":"bf7070d8-0bd1-4b7a-9e6c-8666ab0ddcb8","attempts":5,"entityType":"tripMember","lastError":"new row violates row-level security policy for table \"trip_members\""} @ http://localhost:3000/_next/static/chunks/112__next_dist_1a10hyl._.js:782
[ 6001533ms] [WARNING] [2026-09-02T03:33:36.456Z] WARN: Skipping mutation that exceeded max retries {"id":"bf7070d8-0bd1-4b7a-9e6c-8666ab0ddcb8","attempts":5,"entityType":"tripMember"} @ http://localhost:3000/_next/static/chunks/112__next_dist_1a10hyl._.js:782
[ 6001755ms] [LOG] [Fast Refresh] done in 13ms @ http://localhost:3000/_next/static/chunks/112__next_dist_1a10hyl._.js:782
[ 6001908ms] [LOG] [Fast Refresh] done in 13ms @ http://localhost:3000/_next/static/chunks/112__next_dist_1a10hyl._.js:782
[ 6002055ms] [LOG] [Fast Refresh] done in 13ms @ http://localhost:3000/_next/static/chunks/112__next_dist_1a10hyl._.js:782
[ 6002201ms] [LOG] [Fast Refresh] done in 13ms @ http://localhost:3000/_next/static/chunks/112__next_dist_1a10hyl._.js:782
[ 6002353ms] [LOG] [Fast Refresh] done in 13ms @ http://localhost:3000/_next/static/chunks/112__next_dist_1a10hyl._.js:782
[ 6002493ms] [LOG] [Fast Refresh] done in 13ms @ http://localhost:3000/_next/static/chunks/112__next_dist_1a10hyl._.js:782
[ 6002646ms] [LOG] [Fast Refresh] done in 13ms @ http://localhost:3000/_next/static/chunks/112__next_dist_1a10hyl._.js:782
[ 6002792ms] [LOG] [Fast Refresh] done in 13ms @ http://localhost:3000/_next/static/chunks/112__next_dist_1a10hyl._.js:782
[ 6002941ms] [LOG] [Fast Refresh] done in 13ms @ http://localhost:3000/_next/static/chunks/112__next_dist_1a10hyl._.js:782
[ 6003084ms] [LOG] [Fast Refresh] done in 13ms @ http://localhost:3000/_next/static/chunks/112__next_dist_1a10hyl._.js:782
[ 6003175ms] [INFO] [2026-09-02T03:33:38.099Z] INFO: Sync completed {"duration":1655,"successCount":0,"failureCount":0,"skippedCount":2,"remainingPending":2,"status":"error","diagnostics":{"totalAttempts":10,"successfulSyncs":6,"failedSyncs":0,"averageDuration":1631.5}} @ http://localhost:3000/_next/static/chunks/112__next_dist_1a10hyl._.js:782
[ 6003243ms] [LOG] [Fast Refresh] done in 13ms @ http://localhost:3000/_next/static/chunks/112__next_dist_1a10hyl._.js:782
[ 6031525ms] [INFO] [2026-09-02T03:34:06.448Z] INFO: Processing pending mutations {"count":2} @ http://localhost:3000/_next/static/chunks/112__next_dist_1a10hyl._.js:782
[ 6031525ms] [WARNING] [2026-09-02T03:34:06.448Z] WARN: Mutation exceeded max retry attempts {"id":"aa1fa5af-c59c-48d4-bdf0-8d0d6b30d542","attempts":5,"entityType":"trip","lastError":"new row violates row-level security policy for table \"trips\""} @ http://localhost:3000/_next/static/chunks/112__next_dist_1a10hyl._.js:782
[ 6031525ms] [WARNING] [2026-09-02T03:34:06.448Z] WARN: Skipping mutation that exceeded max retries {"id":"aa1fa5af-c59c-48d4-bdf0-8d0d6b30d542","attempts":5,"entityType":"trip"} @ http://localhost:3000/_next/static/chunks/112__next_dist_1a10hyl._.js:782
[ 6031525ms] [WARNING] [2026-09-02T03:34:06.448Z] WARN: Mutation exceeded max retry attempts {"id":"bf7070d8-0bd1-4b7a-9e6c-8666ab0ddcb8","attempts":5,"entityType":"tripMember","lastError":"new row violates row-level security policy for table \"trip_members\""} @ http://localhost:3000/_next/static/chunks/112__next_dist_1a10hyl._.js:782
[ 6031525ms] [WARNING] [2026-09-02T03:34:06.448Z] WARN: Skipping mutation that exceeded max retries {"id":"bf7070d8-0bd1-4b7a-9e6c-8666ab0ddcb8","attempts":5,"entityType":"tripMember"} @ http://localhost:3000/_next/static/chunks/112__next_dist_1a10hyl._.js:782
[ 6031735ms] [LOG] [Fast Refresh] done in 13ms @ http://localhost:3000/_next/static/chunks/112__next_dist_1a10hyl._.js:782
[ 6031888ms] [LOG] [Fast Refresh] done in 13ms @ http://localhost:3000/_next/static/chunks/112__next_dist_1a10hyl._.js:782
[ 6032028ms] [LOG] [Fast Refresh] done in 13ms @ http://localhost:3000/_next/static/chunks/112__next_dist_1a10hyl._.js:782
[ 6032179ms] [LOG] [Fast Refresh] done in 13ms @ http://localhost:3000/_next/static/chunks/112__next_dist_1a10hyl._.js:782
[ 6032322ms] [LOG] [Fast Refresh] done in 13ms @ http://localhost:3000/_next/static/chunks/112__next_dist_1a10hyl._.js:782
[ 6032467ms] [LOG] [Fast Refresh] done in 13ms @ http://localhost:3000/_next/static/chunks/112__next_dist_1a10hyl._.js:782
[ 6032610ms] [LOG] [Fast Refresh] done in 13ms @ http://localhost:3000/_next/static/chunks/112__next_dist_1a10hyl._.js:782
[ 6032761ms] [LOG] [Fast Refresh] done in 13ms @ http://localhost:3000/_next/static/chunks/112__next_dist_1a10hyl._.js:782
[ 6032922ms] [LOG] [Fast Refresh] done in 13ms @ http://localhost:3000/_next/static/chunks/112__next_dist_1a10hyl._.js:782
[ 6033069ms] [LOG] [Fast Refresh] done in 13ms @ http://localhost:3000/_next/static/chunks/112__next_dist_1a10hyl._.js:782
[ 6033148ms] [INFO] [2026-09-02T03:34:08.071Z] INFO: Sync completed {"duration":1626,"successCount":0,"failureCount":0,"skippedCount":2,"remainingPending":2,"status":"error","diagnostics":{"totalAttempts":11,"successfulSyncs":7,"failedSyncs":0,"averageDuration":1630.7142857142858}} @ http://localhost:3000/_next/static/chunks/112__next_dist_1a10hyl._.js:782
[ 6033212ms] [LOG] [Fast Refresh] done in 13ms @ http://localhost:3000/_next/static/chunks/112__next_dist_1a10hyl._.js:782
[ 6040306ms] [LOG] [Fast Refresh] done in 13ms @ http://localhost:3000/_next/static/chunks/112__next_dist_1a10hyl._.js:782
[ 6040438ms] [LOG] [Fast Refresh] done in 13ms @ http://localhost:3000/_next/static/chunks/112__next_dist_1a10hyl._.js:782
[ 6040534ms] [LOG] [Fast Refresh] done in 13ms @ http://localhost:3000/_next/static/chunks/112__next_dist_1a10hyl._.js:782
[ 6040575ms] [LOG] [Fast Refresh] done in 13ms @ http://localhost:3000/_next/static/chunks/112__next_dist_1a10hyl._.js:782
[ 6040639ms] [LOG] [Fast Refresh] done in 13ms @ http://localhost:3000/_next/static/chunks/112__next_dist_1a10hyl._.js:782
[ 6040720ms] [LOG] [Fast Refresh] done in 13ms @ http://localhost:3000/_next/static/chunks/112__next_dist_1a10hyl._.js:782
[ 6040851ms] [LOG] [Fast Refresh] done in 13ms @ http://localhost:3000/_next/static/chunks/112__next_dist_1a10hyl._.js:782
[ 6040945ms] [LOG] [Fast Refresh] done in 13ms @ http://localhost:3000/_next/static/chunks/112__next_dist_1a10hyl._.js:782
[ 6040985ms] [LOG] [Fast Refresh] done in 13ms @ http://localhost:3000/_next/static/chunks/112__next_dist_1a10hyl._.js:782
[ 6041045ms] [LOG] [Fast Refresh] done in 13ms @ http://localhost:3000/_next/static/chunks/112__next_dist_1a10hyl._.js:782
[ 6041154ms] [LOG] [Fast Refresh] done in 13ms @ http://localhost:3000/_next/static/chunks/112__next_dist_1a10hyl._.js:782
[ 6041240ms] [LOG] [Fast Refresh] done in 13ms @ http://localhost:3000/_next/static/chunks/112__next_dist_1a10hyl._.js:782
[ 6041292ms] [LOG] [Fast Refresh] done in 13ms @ http://localhost:3000/_next/static/chunks/112__next_dist_1a10hyl._.js:782
[ 6041341ms] [LOG] [Fast Refresh] done in 13ms @ http://localhost:3000/_next/static/chunks/112__next_dist_1a10hyl._.js:782
[ 6041436ms] [LOG] [Fast Refresh] done in 13ms @ http://localhost:3000/_next/static/chunks/112__next_dist_1a10hyl._.js:782
[ 6041561ms] [LOG] [Fast Refresh] done in 13ms @ http://localhost:3000/_next/static/chunks/112__next_dist_1a10hyl._.js:782
[ 6041675ms] [LOG] [Fast Refresh] done in 13ms @ http://localhost:3000/_next/static/chunks/112__next_dist_1a10hyl._.js:782
[ 6041790ms] [LOG] [Fast Refresh] done in 13ms @ http://localhost:3000/_next/static/chunks/112__next_dist_1a10hyl._.js:782
[ 6041898ms] [LOG] [Fast Refresh] done in 13ms @ http://localhost:3000/_next/static/chunks/112__next_dist_1a10hyl._.js:782
[ 6061529ms] [INFO] [2026-09-02T03:34:36.453Z] INFO: Processing pending mutations {"count":2} @ http://localhost:3000/_next/static/chunks/112__next_dist_1a10hyl._.js:782
[ 6061529ms] [WARNING] [2026-09-02T03:34:36.453Z] WARN: Mutation exceeded max retry attempts {"id":"aa1fa5af-c59c-48d4-bdf0-8d0d6b30d542","attempts":5,"entityType":"trip","lastError":"new row violates row-level security policy for table \"trips\""} @ http://localhost:3000/_next/static/chunks/112__next_dist_1a10hyl._.js:782
[ 6061529ms] [WARNING] [2026-09-02T03:34:36.453Z] WARN: Skipping mutation that exceeded max retries {"id":"aa1fa5af-c59c-48d4-bdf0-8d0d6b30d542","attempts":5,"entityType":"trip"} @ http://localhost:3000/_next/static/chunks/112__next_dist_1a10hyl._.js:782
[ 6061530ms] [WARNING] [2026-09-02T03:34:36.453Z] WARN: Mutation exceeded max retry attempts {"id":"bf7070d8-0bd1-4b7a-9e6c-8666ab0ddcb8","attempts":5,"entityType":"tripMember","lastError":"new row violates row-level security policy for table \"trip_members\""} @ http://localhost:3000/_next/static/chunks/112__next_dist_1a10hyl._.js:782
[ 6061530ms] [WARNING] [2026-09-02T03:34:36.453Z] WARN: Skipping mutation that exceeded max retries {"id":"bf7070d8-0bd1-4b7a-9e6c-8666ab0ddcb8","attempts":5,"entityType":"tripMember"} @ http://localhost:3000/_next/static/chunks/112__next_dist_1a10hyl._.js:782
[ 6061752ms] [LOG] [Fast Refresh] done in 13ms @ http://localhost:3000/_next/static/chunks/112__next_dist_1a10hyl._.js:782
[ 6061899ms] [LOG] [Fast Refresh] done in 13ms @ http://localhost:3000/_next/static/chunks/112__next_dist_1a10hyl._.js:782
[ 6062047ms] [LOG] [Fast Refresh] done in 13ms @ http://localhost:3000/_next/static/chunks/112__next_dist_1a10hyl._.js:782
[ 6062192ms] [LOG] [Fast Refresh] done in 13ms @ http://localhost:3000/_next/static/chunks/112__next_dist_1a10hyl._.js:782
[ 6062333ms] [LOG] [Fast Refresh] done in 13ms @ http://localhost:3000/_next/static/chunks/112__next_dist_1a10hyl._.js:782
[ 6062454ms] [LOG] [Fast Refresh] done in 13ms @ http://localhost:3000/_next/static/chunks/112__next_dist_1a10hyl._.js:782
[ 6062587ms] [LOG] [Fast Refresh] done in 13ms @ http://localhost:3000/_next/static/chunks/112__next_dist_1a10hyl._.js:782
[ 6062722ms] [LOG] [Fast Refresh] done in 13ms @ http://localhost:3000/_next/static/chunks/112__next_dist_1a10hyl._.js:782
[ 6062860ms] [LOG] [Fast Refresh] done in 13ms @ http://localhost:3000/_next/static/chunks/112__next_dist_1a10hyl._.js:782
[ 6063163ms] [LOG] [Fast Refresh] done in 13ms @ http://localhost:3000/_next/static/chunks/112__next_dist_1a10hyl._.js:782
[ 6063371ms] [INFO] [2026-09-02T03:34:38.294Z] INFO: Sync completed {"duration":1850,"successCount":0,"failureCount":0,"skippedCount":2,"remainingPending":2,"status":"error","diagnostics":{"totalAttempts":12,"successfulSyncs":8,"failedSyncs":0,"averageDuration":1658.125}} @ http://localhost:3000/_next/static/chunks/112__next_dist_1a10hyl._.js:782
[ 6063438ms] [LOG] [Fast Refresh] done in 13ms @ http://localhost:3000/_next/static/chunks/112__next_dist_1a10hyl._.js:782
[ 6086496ms] [LOG] [Fast Refresh] done in 13ms @ http://localhost:3000/_next/static/chunks/112__next_dist_1a10hyl._.js:782
[ 6086787ms] [LOG] %c Console Ninja extension is connected to Next.js browser, background: rgb(30,30,30); color: rgb(255,213,92) see https://tinyurl.com/2vt8jxzw for more info. @ :0
[ 6086791ms] [INFO] %cDownload the React DevTools for a better development experience: https://react.dev/link/react-devtools font-weight:bold @ http://localhost:3000/_next/static/chunks/112__next_dist_1a10hyl._.js:782
[ 6086806ms] [LOG] [HMR] connected @ http://localhost:3000/_next/static/chunks/112__next_dist_1a10hyl._.js:782
[ 6086845ms] Error: Hydration failed because the server rendered HTML didn't match the client. As a result this tree will be regenerated on the client. This can happen if a SSR-ed Client Component used:

- A server/client branch `if (typeof window !== 'undefined')`.
- Variable input such as `Date.now()` or `Math.random()` which changes each time it's called.
- Date formatting in a user's locale which doesn't match the server.
- External changing data without sending a snapshot of it along with the HTML.
- Invalid HTML tag nesting.

It can also happen if the client has a browser extension installed which messes with the HTML before React loaded.

https://react.dev/link/hydration-mismatch

  ...
    <ErrorBoundary errorComponent={undefined} errorStyles={undefined} errorScripts={undefined}>
      <LoadingBoundary name="/" loading={null}>
        <HTTPAccessFallbackBoundary notFound={{...}} forbidden={undefined} unauthorized={undefined}>
          <HTTPAccessFallbackErrorBoundary pathname="/trips/033..." notFound={{...}} forbidden={undefined} ...>
            <RedirectBoundary>
              <RedirectErrorBoundary router={{...}}>
                <InnerLayoutRouter url="/trips/033..." tree={[...]} params={{}} cacheNode={{rsc:{...}, ...}} ...>
                  <SegmentViewNode type="layout" pagePath="(app)/layo...">
                    <SegmentTrieNode>
                    <script>
                    <script>
                    <script>
                    <script>
                    <script>
                    <script>
                    <script>
                    <script>
                    <AuthenticatedLayout>
                      <SyncProvider userId="94ff7e22-1...">
                        <AppShell userLabel="Aby Garcia">
                          <div className="min-h-dvh ...">
                            <a>
+                           <aside
+                             className="fixed inset-y-0 left-0 hidden w-64 border-r bg-card p-5 lg:flex lg:flex-col"
+                           >
-                           <div
-                             role="status"
-                             className="bg-accent px-4 py-2 text-center text-sm text-accent-foreground"
-                           >
                            ...
                ...
    ...

    at throwOnHydrationMismatch (http://localhost:3000/_next/static/chunks/112__next_dist_compiled_react-dom_0fo5_73._.js:3120:56)
    at beginWork (http://localhost:3000/_next/static/chunks/112__next_dist_compiled_react-dom_0fo5_73._.js:6585:918)
    at runWithFiberInDEV (http://localhost:3000/_next/static/chunks/112__next_dist_compiled_react-dom_0fo5_73._.js:761:74)
    at performUnitOfWork (http://localhost:3000/_next/static/chunks/112__next_dist_compiled_react-dom_0fo5_73._.js:9385:97)
    at workLoopConcurrentByScheduler (http://localhost:3000/_next/static/chunks/112__next_dist_compiled_react-dom_0fo5_73._.js:9381:58)
    at renderRootConcurrent (http://localhost:3000/_next/static/chunks/112__next_dist_compiled_react-dom_0fo5_73._.js:9364:71)
    at performWorkOnRoot (http://localhost:3000/_next/static/chunks/112__next_dist_compiled_react-dom_0fo5_73._.js:8891:150)
    at performWorkOnRootViaSchedulerTask (http://localhost:3000/_next/static/chunks/112__next_dist_compiled_react-dom_0fo5_73._.js:10085:9)
    at MessagePort.performWorkUntilDeadline (http://localhost:3000/_next/static/chunks/112__next_dist_compiled_008ppkl._.js:2647:64)
[ 6086846ms] [INFO] [2026-09-02T03:35:01.769Z] INFO: Starting sync engine @ http://localhost:3000/_next/static/chunks/112__next_dist_1a10hyl._.js:782
[ 6086850ms] [INFO] [2026-09-02T03:35:01.774Z] INFO: Stopping sync engine @ http://localhost:3000/_next/static/chunks/112__next_dist_1a10hyl._.js:782
[ 6086851ms] [INFO] [2026-09-02T03:35:01.774Z] INFO: Starting sync engine @ http://localhost:3000/_next/static/chunks/112__next_dist_1a10hyl._.js:782
[ 6086885ms] [INFO] [2026-09-02T03:35:01.809Z] INFO: Processing pending mutations {"count":2} @ http://localhost:3000/_next/static/chunks/112__next_dist_1a10hyl._.js:782
[ 6086885ms] [WARNING] [2026-09-02T03:35:01.809Z] WARN: Mutation exceeded max retry attempts {"id":"aa1fa5af-c59c-48d4-bdf0-8d0d6b30d542","attempts":5,"entityType":"trip","lastError":"new row violates row-level security policy for table \"trips\""} @ http://localhost:3000/_next/static/chunks/112__next_dist_1a10hyl._.js:782
[ 6086885ms] [WARNING] [2026-09-02T03:35:01.809Z] WARN: Skipping mutation that exceeded max retries {"id":"aa1fa5af-c59c-48d4-bdf0-8d0d6b30d542","attempts":5,"entityType":"trip"} @ http://localhost:3000/_next/static/chunks/112__next_dist_1a10hyl._.js:782
[ 6086885ms] [WARNING] [2026-09-02T03:35:01.809Z] WARN: Mutation exceeded max retry attempts {"id":"bf7070d8-0bd1-4b7a-9e6c-8666ab0ddcb8","attempts":5,"entityType":"tripMember","lastError":"new row violates row-level security policy for table \"trip_members\""} @ http://localhost:3000/_next/static/chunks/112__next_dist_1a10hyl._.js:782
[ 6086885ms] [WARNING] [2026-09-02T03:35:01.809Z] WARN: Skipping mutation that exceeded max retries {"id":"bf7070d8-0bd1-4b7a-9e6c-8666ab0ddcb8","attempts":5,"entityType":"tripMember"} @ http://localhost:3000/_next/static/chunks/112__next_dist_1a10hyl._.js:782
[ 6088114ms] [INFO] [2026-09-02T03:35:03.037Z] INFO: Sync completed {"duration":1267,"successCount":0,"failureCount":0,"skippedCount":2,"remainingPending":6,"status":"error","diagnostics":{"totalAttempts":1,"successfulSyncs":1,"failedSyncs":0,"averageDuration":1267}} @ http://localhost:3000/_next/static/chunks/112__next_dist_1a10hyl._.js:782
